{
  "plastic": {
    "precision": 0.4622222222222222,
    "recall": 0.416,
    "f1-score": 0.4378947368421053,
    "support": 250.0
  },
  "glass": {
    "precision": 0.5072463768115942,
    "recall": 0.35,
    "f1-score": 0.41420118343195267,
    "support": 200.0
  },
  "metal": {
    "precision": 0.35714285714285715,
    "recall": 0.08,
    "f1-score": 0.13071895424836602,
    "support": 250.0
  },
  "paper": {
    "precision": 0.28442437923250563,
    "recall": 0.504,
    "f1-score": 0.36363636363636365,
    "support": 250.0
  },
  "cardboard": {
    "precision": 0.3709677419354839,
    "recall": 0.644,
    "f1-score": 0.47076023391812866,
    "support": 250.0
  },
  "organic": {
    "precision": 0.5714285714285714,
    "recall": 0.352,
    "f1-score": 0.43564356435643564,
    "support": 250.0
  },
  "accuracy": 0.39241379310344826,
  "macro avg": {
    "precision": 0.4255720247955391,
    "recall": 0.391,
    "f1-score": 0.3754758394055586,
    "support": 1450.0
  },
  "weighted avg": {
    "precision": 0.4227556678294683,
    "recall": 0.39241379310344826,
    "f1-score": 0.37414048271499334,
    "support": 1450.0
  }
}