{
  "model": "ann",
  "accuracy": 0.39241379310344826,
  "f1_macro": 0.3754758394055586,
  "best_val_accuracy": 0.36333333333333334,
  "epochs": 5,
  "batch_size": 64,
  "lr": 0.001,
  "image_size": 64,
  "device": "cuda"
}