{
  "plastic": {
    "precision": 0.4957627118644068,
    "recall": 0.468,
    "f1-score": 0.48148148148148145,
    "support": 250.0
  },
  "glass": {
    "precision": 0.48,
    "recall": 0.24,
    "f1-score": 0.32,
    "support": 200.0
  },
  "metal": {
    "precision": 0.27586206896551724,
    "recall": 0.16,
    "f1-score": 0.20253164556962025,
    "support": 250.0
  },
  "paper": {
    "precision": 0.4067357512953368,
    "recall": 0.628,
    "f1-score": 0.4937106918238994,
    "support": 250.0
  },
  "cardboard": {
    "precision": 0.49258160237388726,
    "recall": 0.664,
    "f1-score": 0.565587734241908,
    "support": 250.0
  },
  "organic": {
    "precision": 0.573170731707317,
    "recall": 0.564,
    "f1-score": 0.5685483870967742,
    "support": 250.0
  },
  "accuracy": 0.4613793103448276,
  "macro avg": {
    "precision": 0.45401881103441083,
    "recall": 0.454,
    "f1-score": 0.43864332336894724,
    "support": 1450.0
  },
  "weighted avg": {
    "precision": 0.45312290796663185,
    "recall": 0.4613793103448276,
    "f1-score": 0.4427344724506351,
    "support": 1450.0
  }
}