bucket,file,kind,pair,matched
hardcase_test,super_yolo_f44800e091.jpg,near,test<->train,super_yolo_001e2cd2ad.jpg
hardcase_test,super_yolo_ff8556589d.jpg,near,test<->train,super_yolo_00853c353e.jpg
hardcase_test,super_yolo_c7afedef25.jpg,near,test<->train,super_yolo_00853c353e.jpg
hardcase_test,super_yolo_ea3998cd70.jpg,near,test<->train,super_yolo_00a83f48cd.jpg
hardcase_test,super_yolo_f1f73897be.jpg,near,test<->train,super_yolo_00a83f48cd.jpg
hardcase_test,taco_hardcase_bcad3d0832.jpg,near,test<->train,super_yolo_00ebda7525.jpg
hardcase_test,super_yolo_d06940fac3.jpg,near,test<->train,super_yolo_0225668c83.jpg
hardcase_test,taco_hardcase_1fd4a303ac.jpg,near,test<->train,super_yolo_025b3f9908.jpg
hardcase_test,super_yolo_1757edef87.jpg,near,test<->train,super_yolo_02e09d12f8.jpg
hardcase_test,taco_hardcase_3e620115db.jpg,near,test<->train,super_yolo_0409a3f2fc.jpg
hardcase_test,super_yolo_53092d988c.jpg,near,test<->train,super_yolo_040cad2ecf.jpg
hardcase_test,super_yolo_5c9c926ff7.jpg,near,test<->train,super_yolo_040cad2ecf.jpg
hardcase_test,taco_hardcase_906b40c23f.jpg,near,test<->train,super_yolo_043f589fc5.jpg
hardcase_test,super_yolo_2f3b3c95b4.jpg,near,test<->train,super_yolo_04d38e7650.jpg
hardcase_test,super_yolo_75a51f704e.jpg,near,test<->train,super_yolo_04d38e7650.jpg
hardcase_test,super_yolo_3af6101e85.jpg,near,test<->train,super_yolo_04d38e7650.jpg
hardcase_test,super_yolo_b15362c9f1.jpg,near,test<->train,super_yolo_04d38e7650.jpg
hardcase_test,taco_hardcase_84e2758c23.jpg,near,test<->train,super_yolo_05b7a8d075.jpg
hardcase_test,taco_hardcase_d22f81a6b5.jpg,near,test<->train,super_yolo_0679656f6b.jpg
hardcase_test,super_yolo_51d4bcebf0.jpg,near,test<->train,super_yolo_06841efa8d.jpg
hardcase_test,super_yolo_0f6f614a68.jpg,near,test<->train,super_yolo_06841efa8d.jpg
hardcase_test,taco_hardcase_2455b75c64.jpg,near,test<->train,super_yolo_07281f83be.jpg
hardcase_test,super_yolo_fffe231cea.jpg,near,test<->train,super_yolo_0764cad5e2.jpg
hardcase_test,super_yolo_fe63d8bb18.jpg,near,test<->train,super_yolo_0782dd09b3.jpg
hardcase_test,super_yolo_eb36c4ab89.jpg,near,test<->train,super_yolo_087be2aa3c.jpg
hardcase_test,taco_hardcase_251b8cfda2.jpg,near,test<->train,super_yolo_089dca3579.jpg
hardcase_test,taco_hardcase_911057461e.jpg,near,test<->train,super_yolo_08ea1c394b.jpg
hardcase_test,taco_hardcase_f9c2a32b6c.jpg,near,test<->train,super_yolo_0918497762.jpg
hardcase_test,taco_hardcase_9c6651bfab.jpg,near,test<->train,super_yolo_091f328612.jpg
hardcase_test,taco_hardcase_90a94e5f58.jpg,near,test<->train,super_yolo_0a928860a3.jpg
hardcase_test,super_yolo_32cd453e07.jpg,near,test<->train,super_yolo_0b63714aa5.jpg
hardcase_test,super_yolo_20f4eeddde.jpg,near,test<->train,super_yolo_0baf0c8fdb.jpg
hardcase_test,super_yolo_4f2bce7172.jpg,near,test<->train,super_yolo_0c5087fcc7.jpg
hardcase_test,super_yolo_4ec15b6ff3.jpg,near,test<->train,super_yolo_0dc8f77e3d.jpg
hardcase_test,super_yolo_1df62849f9.jpg,near,test<->train,super_yolo_0e07a14efa.jpg
hardcase_test,super_yolo_9153eb3b20.jpg,near,test<->train,super_yolo_0e07a14efa.jpg
hardcase_test,super_yolo_b71f068f80.jpg,near,test<->train,super_yolo_0e07a14efa.jpg
hardcase_test,super_yolo_85d5dd68f6.jpg,near,test<->train,super_yolo_0e19c72a4a.jpg
hardcase_test,taco_hardcase_906f9dc832.jpg,near,test<->train,super_yolo_0e4d6f5a10.jpg
hardcase_test,super_yolo_91a24b8a47.jpg,near,test<->train,super_yolo_0eefae6424.jpg
hardcase_test,super_yolo_7c29e1cf18.jpg,near,test<->train,super_yolo_0f015d7d87.jpg
hardcase_test,super_yolo_a735cc16fa.jpg,near,test<->train,super_yolo_0f96d38a8e.jpg
hardcase_test,super_yolo_70a39e989c.jpg,near,test<->train,super_yolo_1006215cff.jpg
hardcase_test,super_yolo_96ca565f40.jpg,near,test<->train,super_yolo_1006215cff.jpg
hardcase_test,super_yolo_d378ee659d.jpg,near,test<->train,super_yolo_13d4a3d314.jpg
hardcase_test,super_yolo_47e672c3e2.jpg,near,test<->train,super_yolo_14cf5ccd8f.jpg
hardcase_test,taco_hardcase_4777ed8e0a.jpg,near,test<->train,super_yolo_151a1ac238.jpg
hardcase_test,super_yolo_0d57de3102.jpg,near,test<->train,super_yolo_1549f517bd.jpg
hardcase_test,super_yolo_072f28b6aa.jpg,near,test<->train,super_yolo_1549f517bd.jpg
hardcase_test,taco_hardcase_765954f70f.jpg,near,test<->train,super_yolo_159ed8685f.jpg
hardcase_test,taco_hardcase_43d89f1bc7.jpg,near,test<->train,super_yolo_162844fd43.jpg
hardcase_test,taco_hardcase_06833cbd24.jpg,near,test<->train,super_yolo_164a937b7d.jpg
hardcase_test,taco_hardcase_8282034d07.jpg,near,test<->train,super_yolo_16908e7fd7.jpg
hardcase_test,super_yolo_50edc4bc7c.jpg,near,test<->train,super_yolo_17a4dfb056.jpg
hardcase_test,taco_hardcase_600e1974b9.jpg,near,test<->train,super_yolo_17d56e49a6.jpg
hardcase_test,taco_hardcase_4b86290f55.jpg,near,test<->train,super_yolo_1858b30818.jpg
hardcase_test,taco_hardcase_b08ebf16c4.jpg,near,test<->train,super_yolo_18a2f982c9.jpg
hardcase_test,taco_hardcase_1159e6eb84.jpg,near,test<->train,super_yolo_1946ff9eca.jpg
hardcase_test,taco_hardcase_364ec31c3a.jpg,near,test<->train,super_yolo_1a0437b9a0.jpg
hardcase_test,taco_hardcase_8b15660003.jpg,near,test<->train,super_yolo_1a0fc74bfb.jpg
hardcase_test,taco_hardcase_71e1af17e3.jpg,near,test<->train,super_yolo_1abd513467.jpg
hardcase_test,super_yolo_9a6db2d2db.jpg,near,test<->train,super_yolo_1b0f7c8efe.jpg
hardcase_test,super_yolo_d42e676552.jpg,near,test<->train,super_yolo_1b5e4d7bc2.jpg
hardcase_test,super_yolo_a071c0b733.jpg,near,test<->train,super_yolo_1b98cc6530.jpg
hardcase_test,taco_hardcase_b46fc569c0.jpg,near,test<->train,super_yolo_1e484c171b.jpg
hardcase_test,taco_hardcase_57fdc0f990.jpg,near,test<->train,super_yolo_1f3ef1bb5c.jpg
hardcase_test,super_yolo_43d482df84.jpg,near,test<->train,super_yolo_1fad108b0e.jpg
hardcase_test,super_yolo_e7cea63d8e.jpg,near,test<->train,super_yolo_1fbdf1c4ad.jpg
hardcase_test,taco_hardcase_9b272fcf8a.jpg,near,test<->train,super_yolo_207df2b0b7.jpg
hardcase_test,taco_hardcase_56e23b485b.jpg,near,test<->train,super_yolo_214f8d6211.jpg
hardcase_test,taco_hardcase_cf1e822f00.jpg,near,test<->train,super_yolo_22b41ebdba.jpg
hardcase_test,super_yolo_831b5f773a.jpg,near,test<->train,super_yolo_233e0f60a9.jpg
hardcase_test,taco_hardcase_29dccc2e92.jpg,near,test<->train,super_yolo_2383501c9d.jpg
hardcase_test,taco_hardcase_4f99d38b3d.jpg,near,test<->train,super_yolo_23a2ee299d.jpg
hardcase_test,super_yolo_69dbb3f93f.jpg,near,test<->train,super_yolo_2458ee9f40.jpg
hardcase_test,taco_hardcase_c6d4733643.jpg,near,test<->train,super_yolo_2474065417.jpg
hardcase_test,taco_hardcase_8d082abd5e.jpg,near,test<->train,super_yolo_24eae34b74.jpg
hardcase_test,taco_hardcase_c2f1da6470.jpg,near,test<->train,super_yolo_25e631845b.jpg
hardcase_test,super_yolo_b409434a73.jpg,near,test<->train,super_yolo_28aae8c513.jpg
hardcase_test,taco_hardcase_2e7b75260c.jpg,near,test<->train,super_yolo_28dfe3348f.jpg
hardcase_test,taco_hardcase_3dd2026782.jpg,near,test<->train,super_yolo_2ad3d73944.jpg
hardcase_test,taco_hardcase_9871a5d7fd.jpg,near,test<->train,super_yolo_2be7849192.jpg
hardcase_test,super_yolo_e305b774e5.jpg,near,test<->train,super_yolo_2c58dcda73.jpg
hardcase_test,super_yolo_d70e374f4e.jpg,near,test<->train,super_yolo_2c7c247da7.jpg
hardcase_test,super_yolo_010b39a60b.jpg,near,test<->train,super_yolo_2c9a5cf32d.jpg
hardcase_test,super_yolo_b43f732ad8.jpg,near,test<->train,super_yolo_2cc39f6768.jpg
hardcase_test,taco_hardcase_608f14fb56.jpg,near,test<->train,super_yolo_2cd990d775.jpg
hardcase_test,taco_hardcase_31aec1c709.jpg,near,test<->train,super_yolo_2fc44bb9a8.jpg
hardcase_test,taco_hardcase_3fe0248c7e.jpg,near,test<->train,super_yolo_2fe7c0ca34.jpg
hardcase_test,taco_hardcase_f75c5f18d4.jpg,near,test<->train,super_yolo_3035bb1962.jpg
hardcase_test,super_yolo_2c725bba53.jpg,near,test<->train,super_yolo_30d922cb5f.jpg
hardcase_test,super_yolo_8f7cb3f001.jpg,near,test<->train,super_yolo_322f1bf81c.jpg
hardcase_test,super_yolo_d68112f24d.jpg,near,test<->train,super_yolo_323065e67b.jpg
hardcase_test,taco_hardcase_cf41c2a2b0.jpg,near,test<->train,super_yolo_3276f0f86b.jpg
hardcase_test,super_yolo_7d3dc2b5d4.jpg,near,test<->train,super_yolo_333f121dfe.jpg
hardcase_test,taco_hardcase_937ce408a7.jpg,near,test<->train,super_yolo_336c61a2ce.jpg
hardcase_test,taco_hardcase_48738c94fb.jpg,near,test<->train,super_yolo_3391fb4bc2.jpg
hardcase_test,super_yolo_8836be96be.jpg,near,test<->train,super_yolo_33c1691b69.jpg
hardcase_test,taco_hardcase_e1d5e4921f.jpg,near,test<->train,super_yolo_33c936c386.jpg
hardcase_test,super_yolo_3be8e711e2.jpg,near,test<->train,super_yolo_345e4b69d9.jpg
hardcase_test,super_yolo_330bdbcd86.jpg,near,test<->train,super_yolo_3506f9e2c2.jpg
hardcase_test,super_yolo_0b5bb2a3d9.jpg,near,test<->train,super_yolo_37207d1bf0.jpg
hardcase_test,super_yolo_73bae1a30f.jpg,near,test<->train,super_yolo_37ddd5f8f7.jpg
hardcase_test,taco_hardcase_ffefed73be.jpg,near,test<->train,super_yolo_381965f91f.jpg
hardcase_test,taco_hardcase_b5189dd78f.jpg,near,test<->train,super_yolo_386c0b4610.jpg
hardcase_test,super_yolo_9dab0e024d.jpg,near,test<->train,super_yolo_392840d9f6.jpg
hardcase_test,super_yolo_4e388c3b22.jpg,near,test<->train,super_yolo_395e5427d2.jpg
hardcase_test,taco_hardcase_e4a43f33ae.jpg,near,test<->train,super_yolo_398381cac8.jpg
hardcase_test,super_yolo_6f93933774.jpg,near,test<->train,super_yolo_3a82e5657d.jpg
hardcase_test,super_yolo_70b1f87e95.jpg,near,test<->train,super_yolo_3a82e5657d.jpg
hardcase_test,super_yolo_878485d2a8.jpg,near,test<->train,super_yolo_3a82e5657d.jpg
hardcase_test,super_yolo_fe4633db45.jpg,near,test<->train,super_yolo_3bb9e5938d.jpg
hardcase_test,super_yolo_577927868a.jpg,near,test<->train,super_yolo_3c364bfc87.jpg
hardcase_test,super_yolo_2582a1c9d5.jpg,near,test<->train,super_yolo_3c4b8f2fc7.jpg
hardcase_test,taco_hardcase_8bc0505feb.jpg,near,test<->train,super_yolo_3e9acdbd9e.jpg
hardcase_test,taco_hardcase_44f48d9258.jpg,near,test<->train,super_yolo_3ec558dceb.jpg
hardcase_test,taco_hardcase_5ecc29c03c.jpg,near,test<->train,super_yolo_400e89e7f5.jpg
hardcase_test,taco_hardcase_8b4268d95a.jpg,near,test<->train,super_yolo_40f74ba7e1.jpg
hardcase_test,super_yolo_a8f73a93f6.jpg,near,test<->train,super_yolo_4175c7f846.jpg
hardcase_test,taco_hardcase_8b16b956cb.jpg,near,test<->train,super_yolo_4269fdda7a.jpg
hardcase_test,taco_hardcase_39b342eba8.jpg,near,test<->train,super_yolo_43e31bcad4.jpg
hardcase_test,taco_hardcase_2f28591097.jpg,near,test<->train,super_yolo_44695ea4f1.jpg
hardcase_test,taco_hardcase_9fd57879db.jpg,near,test<->train,super_yolo_458f2c1457.jpg
hardcase_test,taco_hardcase_62f98749c1.jpg,near,test<->train,super_yolo_45940adafe.jpg
hardcase_test,taco_hardcase_21b613a918.jpg,near,test<->train,super_yolo_46960fa66b.jpg
hardcase_test,super_yolo_461c4e6ee3.jpg,near,test<->train,super_yolo_491538cd3b.jpg
hardcase_test,taco_hardcase_336e2f4545.jpg,near,test<->train,super_yolo_4917edb914.jpg
hardcase_test,super_yolo_ecddde4ebe.jpg,near,test<->train,super_yolo_4ac94cb9be.jpg
hardcase_test,taco_hardcase_db88c61454.jpg,near,test<->train,super_yolo_4e22325ee6.jpg
hardcase_test,taco_hardcase_46fc0500e0.jpg,near,test<->train,super_yolo_4f2749e5c6.jpg
hardcase_test,taco_hardcase_afc79681dd.jpg,near,test<->train,super_yolo_4fd85b1490.jpg
hardcase_test,taco_hardcase_aa0fe93801.jpg,near,test<->train,super_yolo_5076343997.jpg
hardcase_test,taco_hardcase_6b45488174.jpg,near,test<->train,super_yolo_50def699f6.jpg
hardcase_test,super_yolo_9f29ecd8e9.jpg,near,test<->train,super_yolo_514e51f01b.jpg
hardcase_test,taco_hardcase_985c5048d1.jpg,near,test<->train,super_yolo_51f584bb46.jpg
hardcase_test,taco_hardcase_0ace16224b.jpg,near,test<->train,super_yolo_5296b2ab35.jpg
hardcase_test,taco_hardcase_55ca86eebc.jpg,near,test<->train,super_yolo_52a74292c3.jpg
hardcase_test,super_yolo_3eb048fc74.jpg,near,test<->train,super_yolo_5455f30fd2.jpg
hardcase_test,super_yolo_409302ae0c.jpg,near,test<->train,super_yolo_547dd202b5.jpg
hardcase_test,super_yolo_5b4f46e6e3.jpg,near,test<->train,super_yolo_55c39cc0e9.jpg
hardcase_test,taco_hardcase_17387c8a5f.jpg,near,test<->train,super_yolo_5661739c96.jpg
hardcase_test,super_yolo_f139e7844b.jpg,near,test<->train,super_yolo_57844d1030.jpg
hardcase_test,taco_hardcase_39bbfc161f.jpg,near,test<->train,super_yolo_5832ca4c9b.jpg
hardcase_test,super_yolo_d774b1fa09.jpg,near,test<->train,super_yolo_589cafde2c.jpg
hardcase_test,super_yolo_e2deb41e27.jpg,near,test<->train,super_yolo_5a35942e4d.jpg
hardcase_test,super_yolo_c0aadf260f.jpg,near,test<->train,super_yolo_5a5b2f35ec.jpg
hardcase_test,taco_hardcase_a36db2f091.jpg,near,test<->train,super_yolo_5a86c64442.jpg
hardcase_test,taco_hardcase_66ec1056e7.jpg,near,test<->train,super_yolo_5b14c84b4d.jpg
hardcase_test,super_yolo_dc0f887cde.jpg,near,test<->train,super_yolo_5ca1caefe0.jpg
hardcase_test,taco_hardcase_93726c2dd6.jpg,near,test<->train,super_yolo_5cf8c3be8b.jpg
hardcase_test,super_yolo_364152e706.jpg,near,test<->train,super_yolo_5f283960fc.jpg
hardcase_test,super_yolo_485ac71d93.jpg,near,test<->train,super_yolo_5f283960fc.jpg
hardcase_test,super_yolo_6bda551f8a.jpg,near,test<->train,super_yolo_5f283960fc.jpg
hardcase_test,taco_hardcase_e96c3e564f.jpg,near,test<->train,super_yolo_5f3466d160.jpg
hardcase_test,super_yolo_c56938f05b.jpg,near,test<->train,super_yolo_600b95fcc5.jpg
hardcase_test,taco_hardcase_f4f1d5e2e8.jpg,near,test<->train,super_yolo_6043d76e0e.jpg
hardcase_test,super_yolo_4b32f538ef.jpg,near,test<->train,super_yolo_60a29934f0.jpg
hardcase_test,taco_hardcase_4493c62ce3.jpg,near,test<->train,super_yolo_60a29934f0.jpg
hardcase_test,super_yolo_c3093a74f1.jpg,near,test<->train,super_yolo_60b171c961.jpg
hardcase_test,super_yolo_9dd8537111.jpg,near,test<->train,super_yolo_6156143439.jpg
hardcase_test,taco_hardcase_08ecb7d6ad.jpg,near,test<->train,super_yolo_616b5080e4.jpg
hardcase_test,super_yolo_a169a2ea31.jpg,near,test<->train,super_yolo_61d89f9dba.jpg
hardcase_test,super_yolo_58cc1dbd61.jpg,near,test<->train,super_yolo_61eb7f9dd1.jpg
hardcase_test,taco_hardcase_0fad5db967.jpg,near,test<->train,super_yolo_61eb7f9dd1.jpg
hardcase_test,super_yolo_c55f80afa8.jpg,near,test<->train,super_yolo_6216036745.jpg
hardcase_test,taco_hardcase_15961330cd.jpg,near,test<->train,super_yolo_63ad2c49c8.jpg
hardcase_test,super_yolo_5ad3ebd5d1.jpg,near,test<->train,super_yolo_640ce22da7.jpg
hardcase_test,taco_hardcase_5bbad680cf.jpg,near,test<->train,super_yolo_646115f0d9.jpg
hardcase_test,taco_hardcase_0e5cc422bc.jpg,near,test<->train,super_yolo_6461e5ea59.jpg
hardcase_test,taco_hardcase_6984e73c37.jpg,near,test<->train,super_yolo_646373495b.jpg
hardcase_test,taco_hardcase_3eb7c7b0d5.jpg,near,test<->train,super_yolo_648565552b.jpg
hardcase_test,super_yolo_dc05cb9068.jpg,near,test<->train,super_yolo_6553c00b11.jpg
hardcase_test,taco_hardcase_47e46e91d7.jpg,near,test<->train,super_yolo_659ccac944.jpg
hardcase_test,super_yolo_3fe6cdb799.jpg,near,test<->train,super_yolo_672fc814aa.jpg
hardcase_test,taco_hardcase_8d4ecac4b6.jpg,near,test<->train,super_yolo_6904f67850.jpg
hardcase_test,taco_hardcase_22513b9d39.jpg,near,test<->train,super_yolo_6ab619c536.jpg
hardcase_test,super_yolo_61be942e3b.jpg,near,test<->train,super_yolo_6c9d1a88ce.jpg
hardcase_test,taco_hardcase_125c99cc3c.jpg,near,test<->train,super_yolo_6fc3f2bb7a.jpg
hardcase_test,super_yolo_2ceebf92ab.jpg,near,test<->train,super_yolo_7037e9373d.jpg
hardcase_test,super_yolo_20b48676a6.jpg,near,test<->train,super_yolo_7051dd9d93.jpg
hardcase_test,super_yolo_25039e42d1.jpg,near,test<->train,super_yolo_7051dd9d93.jpg
hardcase_test,super_yolo_c11e9d321d.jpg,near,test<->train,super_yolo_70dae12f4f.jpg
hardcase_test,taco_hardcase_d049df2985.jpg,near,test<->train,super_yolo_70db361d1f.jpg
hardcase_test,taco_hardcase_0a4ab543dc.jpg,near,test<->train,super_yolo_7119d11623.jpg
hardcase_test,super_yolo_fb1bd75ddb.jpg,near,test<->train,super_yolo_73181e1cc6.jpg
hardcase_test,taco_hardcase_acdab0bc1a.jpg,near,test<->train,super_yolo_73731964d9.jpg
hardcase_test,taco_hardcase_11e8226897.jpg,near,test<->train,super_yolo_73e194afee.jpg
hardcase_test,taco_hardcase_6aad9a0ce5.jpg,near,test<->train,super_yolo_7505792e8d.jpg
hardcase_test,taco_hardcase_130485565f.jpg,near,test<->train,super_yolo_75111db703.jpg
hardcase_test,super_yolo_43f6a1eb23.jpg,near,test<->train,super_yolo_75a6a3f55c.jpg
hardcase_test,super_yolo_a41d392515.jpg,near,test<->train,super_yolo_7739c4924e.jpg
hardcase_test,taco_hardcase_866aae9a64.jpg,near,test<->train,super_yolo_77bbf27871.jpg
hardcase_test,super_yolo_6590471586.jpg,near,test<->train,super_yolo_785d031c36.jpg
hardcase_test,super_yolo_488a377fd6.jpg,near,test<->train,super_yolo_7956e908cf.jpg
hardcase_test,taco_hardcase_9d7eae410d.jpg,near,test<->train,super_yolo_79bef6f708.jpg
hardcase_test,taco_hardcase_5bf1b3eb24.jpg,near,test<->train,super_yolo_7aae0db89b.jpg
hardcase_test,taco_hardcase_143bd3cf2a.jpg,near,test<->train,super_yolo_7d07cedb7b.jpg
hardcase_test,super_yolo_583152c6de.jpg,near,test<->train,super_yolo_7db6e0bf62.jpg
hardcase_test,taco_hardcase_be15a54897.jpg,near,test<->train,super_yolo_7dc5f05144.jpg
hardcase_test,super_yolo_a51bbbbed5.jpg,near,test<->train,super_yolo_7eae558d51.jpg
hardcase_test,taco_hardcase_7961ff0312.jpg,near,test<->train,super_yolo_7f61476e1d.jpg
hardcase_test,super_yolo_71f9748dd6.jpg,near,test<->train,super_yolo_812b494ef7.jpg
hardcase_test,taco_hardcase_8f3badac4f.jpg,near,test<->train,super_yolo_820f33c79b.jpg
hardcase_test,super_yolo_2b270eae98.jpg,near,test<->train,super_yolo_82f783cc1c.jpg
hardcase_test,taco_hardcase_10d0d29682.jpg,near,test<->train,super_yolo_836f357ab9.jpg
hardcase_test,taco_hardcase_ac9ed2deae.jpg,near,test<->train,super_yolo_841e88acb0.jpg
hardcase_test,taco_hardcase_6f6c8e08ee.jpg,near,test<->train,super_yolo_844a67e28c.jpg
hardcase_test,taco_hardcase_e165ecc630.jpg,near,test<->train,super_yolo_84d1a38bdf.jpg
hardcase_test,super_yolo_4a55d26a1f.jpg,near,test<->train,super_yolo_864c706bbb.jpg
hardcase_test,super_yolo_392bcbcd8d.jpg,near,test<->train,super_yolo_8822da973d.jpg
hardcase_test,taco_hardcase_42941cf56a.jpg,near,test<->train,super_yolo_892edeb988.jpg
hardcase_test,taco_hardcase_1e458e8e7f.jpg,near,test<->train,super_yolo_89a8d2b91a.jpg
hardcase_test,super_yolo_99433945c1.jpg,near,test<->train,super_yolo_8a57880b6c.jpg
hardcase_test,super_yolo_557948cca7.jpg,near,test<->train,super_yolo_8acaf2fd83.jpg
hardcase_test,super_yolo_f448469ca2.jpg,near,test<->train,super_yolo_8be4280073.jpg
hardcase_test,super_yolo_e0c565eb30.jpg,near,test<->train,super_yolo_8dbd329f3f.jpg
hardcase_test,super_yolo_8a7de5acd8.jpg,near,test<->train,super_yolo_8f97ebc518.jpg
hardcase_test,taco_hardcase_a433e0a359.jpg,near,test<->train,super_yolo_8feb12de59.jpg
hardcase_test,super_yolo_2dece43d8a.jpg,near,test<->train,super_yolo_908fdc41e7.jpg
hardcase_test,super_yolo_9f33e5e579.jpg,near,test<->train,super_yolo_90fb3d30f5.jpg
hardcase_test,taco_hardcase_db3ce2c9e0.jpg,near,test<->train,super_yolo_90fb3d30f5.jpg
hardcase_test,taco_hardcase_29dd5e447d.jpg,near,test<->train,super_yolo_9161ec6ef7.jpg
hardcase_test,taco_hardcase_747ecb15c2.jpg,near,test<->train,super_yolo_91e3f72879.jpg
hardcase_test,super_yolo_1448fe9a9e.jpg,near,test<->train,super_yolo_936ee1a627.jpg
hardcase_test,super_yolo_f5f3cf0d76.jpg,near,test<->train,super_yolo_936ee1a627.jpg
hardcase_test,super_yolo_8e01c80278.jpg,near,test<->train,super_yolo_93e532ef50.jpg
hardcase_test,super_yolo_cd248c2090.jpg,near,test<->train,super_yolo_9500a882d1.jpg
hardcase_test,super_yolo_23ceda1b38.jpg,near,test<->train,super_yolo_963d61da1a.jpg
hardcase_test,taco_hardcase_73aff809b8.jpg,near,test<->train,super_yolo_977930f3de.jpg
hardcase_test,taco_hardcase_4ecfbce8a6.jpg,near,test<->train,super_yolo_99fef5193a.jpg
hardcase_test,super_yolo_bc00155705.jpg,near,test<->train,super_yolo_9d53838d92.jpg
hardcase_test,super_yolo_55ed3ae1a8.jpg,near,test<->train,super_yolo_9d68877cba.jpg
hardcase_test,super_yolo_5aec9643dc.jpg,near,test<->train,super_yolo_a28ea1be93.jpg
hardcase_test,taco_hardcase_8c0e8c2e7d.jpg,near,test<->train,super_yolo_a47547123a.jpg
hardcase_test,taco_hardcase_c3761dde8a.jpg,near,test<->train,super_yolo_a4a33b19e0.jpg
hardcase_test,super_yolo_898cda096b.jpg,near,test<->train,super_yolo_a4d7c1a373.jpg
hardcase_test,taco_hardcase_a88e2f67d0.jpg,near,test<->train,super_yolo_a53812d3b1.jpg
hardcase_test,super_yolo_a2cf575955.jpg,near,test<->train,super_yolo_a69602c606.jpg
hardcase_test,super_yolo_0f3204b096.jpg,near,test<->train,super_yolo_ad762a82f8.jpg
hardcase_test,taco_hardcase_dbbaf2bd45.jpg,near,test<->train,super_yolo_adc0d912d4.jpg
hardcase_test,taco_hardcase_d20c98ec26.jpg,near,test<->train,super_yolo_adc6a48a9d.jpg
hardcase_test,super_yolo_1429b29224.jpg,near,test<->train,super_yolo_b21261f967.jpg
hardcase_test,taco_hardcase_8015a455b6.jpg,near,test<->train,super_yolo_b2a1179b91.jpg
hardcase_test,taco_hardcase_faca98e86f.jpg,near,test<->train,super_yolo_b2cd45f31c.jpg
hardcase_test,super_yolo_a117a9755f.jpg,near,test<->train,super_yolo_b40df817ef.jpg
hardcase_test,taco_hardcase_cc2082932f.jpg,near,test<->train,super_yolo_b4aefe2b19.jpg
hardcase_test,super_yolo_1998ac632f.jpg,near,test<->train,super_yolo_b5f201afd8.jpg
hardcase_test,super_yolo_0733a32711.jpg,near,test<->train,super_yolo_b6103bdd38.jpg
hardcase_test,taco_hardcase_9ce8c03ddd.jpg,near,test<->train,super_yolo_b6103bdd38.jpg
hardcase_test,taco_hardcase_b7219b9dbe.jpg,near,test<->train,super_yolo_b6f0ab8f55.jpg
hardcase_test,super_yolo_a93251d109.jpg,near,test<->train,super_yolo_b801fe269b.jpg
hardcase_test,taco_hardcase_a9aa692bc7.jpg,near,test<->train,super_yolo_b801fe269b.jpg
hardcase_test,super_yolo_00d8650b15.jpg,near,test<->train,super_yolo_b808e3d773.jpg
hardcase_test,super_yolo_b839d4512a.jpg,near,test<->train,super_yolo_b983df9027.jpg
hardcase_test,super_yolo_e965479942.jpg,near,test<->train,super_yolo_ba64499a8f.jpg
hardcase_test,super_yolo_a7d46c82a6.jpg,near,test<->train,super_yolo_bb0cd17fec.jpg
hardcase_test,taco_hardcase_5487e91b00.jpg,near,test<->train,super_yolo_bb0cd17fec.jpg
hardcase_test,super_yolo_a56f9e7ac0.jpg,near,test<->train,super_yolo_bba4521b46.jpg
hardcase_test,taco_hardcase_4928f10429.jpg,near,test<->train,super_yolo_bcc9f2d889.jpg
hardcase_test,super_yolo_1c44c0c2fd.jpg,near,test<->train,super_yolo_bd9e74baaa.jpg
hardcase_test,taco_hardcase_4f205a3191.jpg,near,test<->train,super_yolo_bde6b82059.jpg
hardcase_test,taco_hardcase_7f5c6174d1.jpg,near,test<->train,super_yolo_bea6abae9a.jpg
hardcase_test,super_yolo_c690a09b5b.jpg,near,test<->train,super_yolo_bff9e31eec.jpg
hardcase_test,taco_hardcase_046e7e39c8.jpg,near,test<->train,super_yolo_bff9e31eec.jpg
hardcase_test,super_yolo_7d8e8d000c.jpg,near,test<->train,super_yolo_c003780151.jpg
hardcase_test,taco_hardcase_4cf0efc9cb.jpg,near,test<->train,super_yolo_c078ce84fb.jpg
hardcase_test,taco_hardcase_6b8267b71c.jpg,near,test<->train,super_yolo_c11c60559f.jpg
hardcase_test,super_yolo_490b0f05e6.jpg,near,test<->train,super_yolo_c1b44592dd.jpg
hardcase_test,taco_hardcase_2508a2e99b.jpg,near,test<->train,super_yolo_c1d80e6412.jpg
hardcase_test,taco_hardcase_07c8cb5fcd.jpg,near,test<->train,super_yolo_c1e0be948f.jpg
hardcase_test,super_yolo_1f2e9b7c32.jpg,near,test<->train,super_yolo_c258ba6781.jpg
hardcase_test,super_yolo_f60b903ce2.jpg,near,test<->train,super_yolo_c4d772858a.jpg
hardcase_test,super_yolo_774fc1ca1c.jpg,near,test<->train,super_yolo_c50e0840a7.jpg
hardcase_test,taco_hardcase_ce2a141bbe.jpg,near,test<->train,super_yolo_c6fb8943a1.jpg
hardcase_test,super_yolo_14fb37e784.jpg,near,test<->train,super_yolo_c7607b1cc4.jpg
hardcase_test,super_yolo_4f929d02bd.jpg,near,test<->train,super_yolo_c7af4d626a.jpg
hardcase_test,taco_hardcase_357b12e211.jpg,near,test<->train,super_yolo_c8c12e29d0.jpg
hardcase_test,super_yolo_351fd7a6ae.jpg,near,test<->train,super_yolo_c8d9ed0e70.jpg
hardcase_test,taco_hardcase_ac7cded865.jpg,near,test<->train,super_yolo_c96748592a.jpg
hardcase_test,super_yolo_668e52e864.jpg,near,test<->train,super_yolo_ca5c2ab150.jpg
hardcase_test,super_yolo_c74fc95869.jpg,near,test<->train,super_yolo_ce72765d83.jpg
hardcase_test,super_yolo_c4d07a5a0b.jpg,near,test<->train,super_yolo_ced59a3978.jpg
hardcase_test,super_yolo_aaed8f998e.jpg,near,test<->train,super_yolo_cf48d7f196.jpg
hardcase_test,taco_hardcase_51008e99be.jpg,near,test<->train,super_yolo_cf48d7f196.jpg
hardcase_test,taco_hardcase_a1e4df6a5a.jpg,near,test<->train,super_yolo_d0aeb43281.jpg
hardcase_test,taco_hardcase_d489e3df33.jpg,near,test<->train,super_yolo_d0b48c919b.jpg
hardcase_test,taco_hardcase_ee832ec4b5.jpg,near,test<->train,super_yolo_d106e3478a.jpg
hardcase_test,taco_hardcase_4fc5ba4c0a.jpg,near,test<->train,super_yolo_d2b6bdcad0.jpg
hardcase_test,super_yolo_fe7089a14e.jpg,near,test<->train,super_yolo_d3070877f4.jpg
hardcase_test,super_yolo_dd8a82bc72.jpg,near,test<->train,super_yolo_d309c131b7.jpg
hardcase_test,super_yolo_d0055b3532.jpg,near,test<->train,super_yolo_d309c131b7.jpg
hardcase_test,taco_hardcase_235727a91f.jpg,near,test<->train,super_yolo_d310fcfd30.jpg
hardcase_test,super_yolo_fc361c85c4.jpg,near,test<->train,super_yolo_d37fe1d32a.jpg
hardcase_test,super_yolo_28b52328d4.jpg,near,test<->train,super_yolo_d476feff97.jpg
hardcase_test,taco_hardcase_bef87fddc8.jpg,near,test<->train,super_yolo_d64eb249d4.jpg
hardcase_test,super_yolo_76b1d27131.jpg,near,test<->train,super_yolo_da7d79daa3.jpg
hardcase_test,super_yolo_fbba96c8e1.jpg,near,test<->train,super_yolo_dd2a2be8c9.jpg
hardcase_test,super_yolo_fb2fee6104.jpg,near,test<->train,super_yolo_dfb117dd13.jpg
hardcase_test,taco_hardcase_c96125b4b7.jpg,near,test<->train,super_yolo_e467fea316.jpg
hardcase_test,taco_hardcase_7ab543c038.jpg,near,test<->train,super_yolo_e4c5ed4536.jpg
hardcase_test,super_yolo_71554fb338.jpg,near,test<->train,super_yolo_e59c2893e0.jpg
hardcase_test,super_yolo_6f8a7233e6.jpg,near,test<->train,super_yolo_e65da9ebaf.jpg
hardcase_test,taco_hardcase_8ed1cb70ae.jpg,near,test<->train,super_yolo_e6fd088770.jpg
hardcase_test,super_yolo_27b4df089b.jpg,near,test<->train,super_yolo_e76b855db9.jpg
hardcase_test,taco_hardcase_aeaaf99c0e.jpg,near,test<->train,super_yolo_e85d76fd00.jpg
hardcase_test,taco_hardcase_0663d0f30c.jpg,near,test<->train,super_yolo_e9c17d8540.jpg
hardcase_test,super_yolo_7a6952145f.jpg,near,test<->train,super_yolo_eae2e98233.jpg
hardcase_test,super_yolo_89814b3036.jpg,near,test<->train,super_yolo_ec1698edd4.jpg
hardcase_test,super_yolo_470c1ccd47.jpg,near,test<->train,super_yolo_ecb5228e1e.jpg
hardcase_test,taco_hardcase_d332ac11c1.jpg,near,test<->train,super_yolo_ef79dab4a9.jpg
hardcase_test,super_yolo_5e3341972a.jpg,near,test<->train,super_yolo_f03eb90ecc.jpg
hardcase_test,taco_hardcase_a2fae18a5e.jpg,near,test<->train,super_yolo_f193fe182a.jpg
hardcase_test,taco_hardcase_f04bba2368.jpg,near,test<->train,super_yolo_f2311fb2ed.jpg
hardcase_test,taco_hardcase_285a02eb0a.jpg,near,test<->train,super_yolo_f284284b3f.jpg
hardcase_test,super_yolo_268c9dfbbc.jpg,near,test<->train,super_yolo_f3c52273cd.jpg
hardcase_test,super_yolo_468630e3f6.jpg,near,test<->train,super_yolo_f3f0698249.jpg
hardcase_test,taco_hardcase_d8a7578c70.jpg,near,test<->train,super_yolo_f71c8f5638.jpg
hardcase_test,taco_hardcase_75b439a7ab.jpg,near,test<->train,super_yolo_f73e3d9fe9.jpg
hardcase_test,taco_hardcase_555423f548.jpg,near,test<->train,super_yolo_f9d5e2676c.jpg
hardcase_test,taco_hardcase_e36d481afa.jpg,near,test<->train,super_yolo_fa1698021b.jpg
hardcase_test,taco_hardcase_286a4e1e2f.jpg,near,test<->train,super_yolo_fa919e5230.jpg
hardcase_test,taco_hardcase_9d71d538fc.jpg,near,test<->train,super_yolo_fb324b3286.jpg
hardcase_test,super_yolo_466336bc52.jpg,near,test<->train,super_yolo_fbd0c7cb61.jpg
hardcase_test,super_yolo_a0d83b3f32.jpg,near,test<->train,super_yolo_fc5c289ec9.jpg
hardcase_test,super_yolo_23582a2b25.jpg,near,test<->train,super_yolo_fd401f3c35.jpg
hardcase_test,super_yolo_dbedae5733.jpg,near,test<->train,super_yolo_fe965f7a8b.jpg
hardcase_test,super_yolo_6a3f7ba7b9.jpg,near,test<->train,super_yolo_ffb8cea1fd.jpg
hardcase_test,super_yolo_3125891910.jpg,near,test<->train,taco_hardcase_007ba66e80.jpg
hardcase_test,super_yolo_ae5614a73b.jpg,near,test<->train,taco_hardcase_50c5a253fe.jpg
hardcase_test,super_yolo_f26bf5141d.jpg,near,test<->train,taco_hardcase_64c80378cf.jpg
hardcase_test,super_yolo_abd79a4b0a.jpg,near,test<->train,taco_hardcase_660c3a2808.jpg
hardcase_test,super_yolo_6b7ef97031.jpg,near,test<->train,taco_hardcase_7d1fd3cfbe.jpg
hardcase_test,super_yolo_316d53e9c2.jpg,near,test<->train,taco_hardcase_7fb1820f78.jpg
hardcase_test,super_yolo_d3f118d55c.jpg,near,test<->train,taco_hardcase_8e9d70eac5.jpg
hardcase_test,super_yolo_68544ad614.jpg,near,test<->train,taco_hardcase_c198ded67a.jpg
hardcase_test,super_yolo_dfaa5768ca.jpg,near,test<->train,taco_hardcase_d4516196fe.jpg
hardcase_test,super_yolo_1df860361c.jpg,near,test<->train,taco_hardcase_dbbf0aa7b4.jpg
hardcase_test,super_yolo_7837115a8f.jpg,near,test<->train,taco_hardcase_f449cb9ccb.jpg
hardcase_val,super_yolo_001be2788f.jpg,near,train<->val,taco_hardcase_caf7744563.jpg
hardcase_val,super_yolo_0056ba93e9.jpg,near,train<->val,taco_hardcase_b811ebb719.jpg
hardcase_val,super_yolo_00dd9f2ff7.jpg,near,test<->val,taco_hardcase_a88e2f67d0.jpg
hardcase_val,super_yolo_0118f48c59.jpg,near,train<->val,super_yolo_0bc6d57d34.jpg
hardcase_val,super_yolo_020df6ebbd.jpg,near,train<->val,taco_hardcase_881ab256aa.jpg
hardcase_val,super_yolo_023fc12094.jpg,near,train<->val,super_yolo_232c098ab4.jpg
hardcase_val,super_yolo_0297cc0290.jpg,near,train<->val,super_yolo_0acb3bb107.jpg
hardcase_test,taco_hardcase_4c5353a76b.jpg,near,test<->val,super_yolo_02dde6438c.jpg
hardcase_val,super_yolo_02dde6438c.jpg,near,test<->val,taco_hardcase_4c5353a76b.jpg
hardcase_val,super_yolo_0453f436a5.jpg,near,train<->val,super_yolo_581752ea4c.jpg
hardcase_val,super_yolo_04a20d72fe.jpg,near,train<->val,taco_hardcase_c0d419f8fa.jpg
hardcase_val,super_yolo_04ad03077f.jpg,near,train<->val,taco_hardcase_5b596f4ec4.jpg
hardcase_val,super_yolo_04b80f1d17.jpg,near,test<->val,super_yolo_2f3b3c95b4.jpg
hardcase_val,super_yolo_04d16f69ba.jpg,near,test<->val,super_yolo_dc05cb9068.jpg
hardcase_val,super_yolo_04e04e1d13.jpg,near,train<->val,taco_hardcase_22ecca8047.jpg
hardcase_val,super_yolo_05fc636cde.jpg,near,train<->val,super_yolo_0182ab2b84.jpg
hardcase_val,super_yolo_06527f3d0d.jpg,near,train<->val,super_yolo_333f121dfe.jpg
hardcase_val,super_yolo_066b9105bd.jpg,near,train<->val,super_yolo_333f121dfe.jpg
hardcase_test,taco_hardcase_7368c11e4f.jpg,near,test<->val,super_yolo_073fabd233.jpg
hardcase_val,super_yolo_073fabd233.jpg,near,test<->val,taco_hardcase_7368c11e4f.jpg
hardcase_val,super_yolo_078798bc28.jpg,near,train<->val,super_yolo_d5aa815126.jpg
hardcase_val,super_yolo_07c2ad4e19.jpg,near,train<->val,taco_hardcase_81fe0390cb.jpg
hardcase_val,super_yolo_07dce97b10.jpg,near,train<->val,taco_hardcase_26fa91495c.jpg
hardcase_val,super_yolo_080bb549e8.jpg,near,train<->val,super_yolo_7f4fdfbdbe.jpg
hardcase_val,super_yolo_08c67bfe24.jpg,near,train<->val,taco_hardcase_7c4d71d0fc.jpg
hardcase_val,super_yolo_090e8e70ed.jpg,near,train<->val,super_yolo_798cd06f56.jpg
hardcase_val,super_yolo_0941134fe8.jpg,near,train<->val,super_yolo_c7bca78928.jpg
hardcase_val,super_yolo_0a39bbc72f.jpg,near,train<->val,super_yolo_330edbd486.jpg
hardcase_val,super_yolo_0a475a0ee2.jpg,near,test<->val,super_yolo_2f3b3c95b4.jpg
hardcase_val,super_yolo_0a8f56212d.jpg,near,train<->val,super_yolo_cfb6921676.jpg
hardcase_val,super_yolo_0ab0a24b34.jpg,near,train<->val,super_yolo_e3ba970c4d.jpg
hardcase_val,super_yolo_0b6d13e787.jpg,near,train<->val,super_yolo_0603a23fae.jpg
hardcase_val,super_yolo_0bd6d1bfa5.jpg,near,test<->val,super_yolo_50edc4bc7c.jpg
hardcase_val,super_yolo_0bf837114b.jpg,near,train<->val,super_yolo_a4de16db7d.jpg
hardcase_val,super_yolo_0c526a97c9.jpg,near,train<->val,super_yolo_5fde257000.jpg
hardcase_val,super_yolo_0d3063dd95.jpg,near,train<->val,super_yolo_088213a7e7.jpg
hardcase_val,super_yolo_0e7f0fb993.jpg,near,test<->val,super_yolo_364152e706.jpg
hardcase_val,super_yolo_0eca965117.jpg,near,train<->val,super_yolo_c53a5909df.jpg
hardcase_val,super_yolo_0f61eb2de7.jpg,near,train<->val,super_yolo_7999e37f8b.jpg
hardcase_val,super_yolo_0fd43a08b1.jpg,near,train<->val,super_yolo_d07dbb30e2.jpg
hardcase_val,super_yolo_0fd95921da.jpg,near,train<->val,taco_hardcase_15e24be77c.jpg
hardcase_val,super_yolo_0feda44d07.jpg,near,test<->val,super_yolo_a735cc16fa.jpg
hardcase_val,super_yolo_103eeee614.jpg,near,train<->val,super_yolo_6d59afe3cb.jpg
hardcase_val,super_yolo_120968eb79.jpg,near,train<->val,super_yolo_9550d6ea9b.jpg
hardcase_val,super_yolo_124809e621.jpg,near,test<->val,super_yolo_010b39a60b.jpg
hardcase_test,super_yolo_cc8f1dd8ba.jpg,near,test<->val,super_yolo_124809e621.jpg
hardcase_val,super_yolo_12b98e69aa.jpg,near,test<->val,taco_hardcase_db88c61454.jpg
hardcase_val,super_yolo_12efa1c1a0.jpg,near,test<->val,super_yolo_c7afedef25.jpg
hardcase_test,taco_hardcase_9c27db3ad9.jpg,near,test<->val,super_yolo_1353365142.jpg
hardcase_val,super_yolo_1353365142.jpg,near,test<->val,taco_hardcase_9c27db3ad9.jpg
hardcase_val,super_yolo_136d0e3d7b.jpg,near,train<->val,super_yolo_2b6550b2d0.jpg
hardcase_val,super_yolo_13c3971bd3.jpg,near,test<->val,super_yolo_fffe231cea.jpg
hardcase_val,super_yolo_13e40975a5.jpg,near,test<->val,super_yolo_072f28b6aa.jpg
hardcase_test,super_yolo_36269a465c.jpg,near,test<->val,super_yolo_13e40975a5.jpg
hardcase_test,super_yolo_ced2a66ab3.jpg,near,test<->val,super_yolo_143d66c097.jpg
hardcase_val,super_yolo_143d66c097.jpg,near,test<->val,super_yolo_ced2a66ab3.jpg
hardcase_test,taco_hardcase_6a9a49c1ae.jpg,near,test<->val,super_yolo_143d66c097.jpg
hardcase_val,super_yolo_1440e1f9cb.jpg,near,test<->val,taco_hardcase_c96125b4b7.jpg
hardcase_val,super_yolo_1449ab007e.jpg,near,train<->val,super_yolo_1071e1526d.jpg
hardcase_val,super_yolo_146500306e.jpg,near,train<->val,super_yolo_116ca2aaea.jpg
hardcase_val,super_yolo_14789df309.jpg,near,test<->val,super_yolo_2f3b3c95b4.jpg
hardcase_val,super_yolo_14958162da.jpg,near,train<->val,taco_hardcase_e942308be3.jpg
hardcase_val,super_yolo_15e519c348.jpg,near,train<->val,taco_hardcase_75912a1911.jpg
hardcase_val,super_yolo_169c825ce9.jpg,near,train<->val,super_yolo_f139e52263.jpg
hardcase_val,super_yolo_16e6765fdd.jpg,near,train<->val,taco_hardcase_78ea1825f9.jpg
hardcase_val,super_yolo_175c43ca35.jpg,near,train<->val,taco_hardcase_6a8c59e303.jpg
hardcase_val,super_yolo_17f073c2f4.jpg,near,train<->val,super_yolo_d84e96152f.jpg
hardcase_val,super_yolo_1809896d36.jpg,near,test<->val,taco_hardcase_08ecb7d6ad.jpg
hardcase_val,super_yolo_18202704d4.jpg,near,train<->val,super_yolo_6c6c351d48.jpg
hardcase_val,super_yolo_182a1c8bc7.jpg,near,train<->val,taco_hardcase_719f874476.jpg
hardcase_val,super_yolo_185859d6e2.jpg,near,train<->val,taco_hardcase_621dd187ba.jpg
hardcase_val,super_yolo_1899db4b76.jpg,near,test<->val,taco_hardcase_2e7b75260c.jpg
hardcase_val,super_yolo_1a4bf5b0ed.jpg,near,train<->val,super_yolo_e58654363b.jpg
hardcase_val,super_yolo_1b6b8407e4.jpg,near,train<->val,taco_hardcase_8e7daf6508.jpg
hardcase_test,taco_hardcase_1e01b46da0.jpg,near,test<->val,super_yolo_1bceed14e4.jpg
hardcase_val,super_yolo_1bceed14e4.jpg,near,test<->val,taco_hardcase_1e01b46da0.jpg
hardcase_val,super_yolo_1c114454af.jpg,near,test<->val,super_yolo_20f4eeddde.jpg
hardcase_val,super_yolo_1c6d91c691.jpg,near,train<->val,super_yolo_b847208d51.jpg
hardcase_val,super_yolo_1c8c3da435.jpg,near,train<->val,taco_hardcase_33f0d669c2.jpg
hardcase_val,super_yolo_1cb18d4e8a.jpg,near,test<->val,super_yolo_2f3b3c95b4.jpg
hardcase_val,super_yolo_1d33049d39.jpg,near,train<->val,super_yolo_32b4661c0a.jpg
hardcase_val,super_yolo_1df3b93ece.jpg,near,train<->val,super_yolo_2ac898cabe.jpg
hardcase_val,super_yolo_1e98957eee.jpg,near,train<->val,super_yolo_4f3fd930a1.jpg
hardcase_val,super_yolo_1e9d5e9558.jpg,near,train<->val,super_yolo_b63caec69c.jpg
hardcase_val,super_yolo_1ea93dabff.jpg,near,test<->val,super_yolo_96ca565f40.jpg
hardcase_val,super_yolo_1ebf362b62.jpg,near,train<->val,super_yolo_9983c4ccd6.jpg
hardcase_val,super_yolo_1f0e2fcc2f.jpg,near,train<->val,taco_hardcase_e98a7b2798.jpg
hardcase_val,super_yolo_1f12455dec.jpg,near,test<->val,super_yolo_2f3b3c95b4.jpg
hardcase_val,super_yolo_1f32031ed8.jpg,near,test<->val,super_yolo_73bae1a30f.jpg
hardcase_val,super_yolo_1f3d96f34d.jpg,near,train<->val,super_yolo_681518362e.jpg
hardcase_val,super_yolo_1f47813c92.jpg,near,train<->val,taco_hardcase_f03c41ff63.jpg
hardcase_val,super_yolo_1fc42123ba.jpg,near,train<->val,super_yolo_e3d8f2f91f.jpg
hardcase_val,super_yolo_20ae0b8ada.jpg,near,train<->val,taco_hardcase_697ac852cc.jpg
hardcase_val,super_yolo_20e14c0535.jpg,near,train<->val,super_yolo_392840d9f6.jpg
hardcase_val,super_yolo_213485b499.jpg,near,train<->val,taco_hardcase_3f34607f43.jpg
hardcase_val,super_yolo_21fbd34574.jpg,near,train<->val,taco_hardcase_381c7ddb97.jpg
hardcase_val,super_yolo_22484aa647.jpg,near,train<->val,super_yolo_50cb967a38.jpg
hardcase_val,super_yolo_22695e6b12.jpg,near,train<->val,super_yolo_2cf7aa640e.jpg
hardcase_val,super_yolo_22bbea11b7.jpg,near,train<->val,taco_hardcase_bd9e95bd27.jpg
hardcase_val,super_yolo_22c81cb908.jpg,near,train<->val,super_yolo_52426fc230.jpg
hardcase_val,super_yolo_23bb85aa52.jpg,near,train<->val,super_yolo_8dbd329f3f.jpg
hardcase_val,super_yolo_23fbabb154.jpg,near,test<->val,super_yolo_3af6101e85.jpg
hardcase_val,super_yolo_24d7351bdf.jpg,near,test<->val,super_yolo_2f3b3c95b4.jpg
hardcase_val,super_yolo_2523a6a2e2.jpg,near,test<->val,super_yolo_2f3b3c95b4.jpg
hardcase_val,super_yolo_2569b8fb84.jpg,near,test<->val,taco_hardcase_faca98e86f.jpg
hardcase_val,super_yolo_2698ebae2a.jpg,near,test<->val,taco_hardcase_d332ac11c1.jpg
hardcase_val,super_yolo_26c63600b7.jpg,near,train<->val,super_yolo_1b12b75ef7.jpg
hardcase_val,super_yolo_2728eeab2d.jpg,near,train<->val,super_yolo_5ae336e547.jpg
hardcase_val,super_yolo_27474bdef2.jpg,near,train<->val,taco_hardcase_ac7988329d.jpg
hardcase_val,super_yolo_27a31584dd.jpg,near,train<->val,super_yolo_406814edac.jpg
hardcase_val,super_yolo_2820efa029.jpg,near,train<->val,taco_hardcase_a6ae85064f.jpg
hardcase_val,super_yolo_2850d890c9.jpg,near,train<->val,taco_hardcase_720a5cb9ea.jpg
hardcase_val,super_yolo_291de11871.jpg,near,train<->val,super_yolo_1db2b85eba.jpg
hardcase_val,super_yolo_295eb38727.jpg,near,train<->val,taco_hardcase_2c809e6ced.jpg
hardcase_val,super_yolo_29a0aa5fde.jpg,near,train<->val,super_yolo_ee3f060ae0.jpg
hardcase_val,super_yolo_29db3cc699.jpg,near,test<->val,super_yolo_70a39e989c.jpg
hardcase_val,super_yolo_2a11c89ad8.jpg,near,train<->val,taco_hardcase_b2f665c496.jpg
hardcase_val,super_yolo_2a5b2405b8.jpg,near,train<->val,super_yolo_d0b966e401.jpg
hardcase_val,super_yolo_2aa0c5de15.jpg,near,train<->val,super_yolo_58884b4a9f.jpg
hardcase_val,super_yolo_2ad546d804.jpg,near,train<->val,super_yolo_44d9410c53.jpg
hardcase_val,super_yolo_2b1b051548.jpg,near,train<->val,super_yolo_d0a03c3c4e.jpg
hardcase_val,super_yolo_2b3d511fcb.jpg,near,train<->val,super_yolo_a4de16db7d.jpg
hardcase_val,super_yolo_2bcee7ff32.jpg,near,train<->val,super_yolo_0d6fb72a13.jpg
hardcase_val,super_yolo_2c1e8183f6.jpg,near,train<->val,super_yolo_68e22ece93.jpg
hardcase_val,super_yolo_2cf175c4cd.jpg,near,test<->val,super_yolo_072f28b6aa.jpg
hardcase_val,super_yolo_2d4463dd64.jpg,near,test<->val,super_yolo_2f3b3c95b4.jpg
hardcase_val,super_yolo_2d45792b2d.jpg,near,train<->val,taco_hardcase_00ef8ee612.jpg
hardcase_val,super_yolo_2d4cc300dd.jpg,near,train<->val,super_yolo_8d3dbe6f61.jpg
hardcase_test,super_yolo_b4156d0b27.jpg,near,test<->val,super_yolo_2d80b49c28.jpg
hardcase_val,super_yolo_2d80b49c28.jpg,near,test<->val,super_yolo_b4156d0b27.jpg
hardcase_val,super_yolo_2e9b6b0cc3.jpg,near,train<->val,super_yolo_9c19b6d3bf.jpg
hardcase_val,super_yolo_2efd7b2aca.jpg,near,train<->val,taco_hardcase_094bddcca6.jpg
hardcase_val,super_yolo_2f187da19d.jpg,near,train<->val,super_yolo_49e9f25209.jpg
hardcase_val,super_yolo_2fd5adb248.jpg,near,train<->val,super_yolo_a97d7eebe4.jpg
hardcase_val,super_yolo_303ad61802.jpg,near,train<->val,super_yolo_9331ceb35c.jpg
hardcase_val,super_yolo_30b1196a8f.jpg,near,train<->val,super_yolo_e05206e077.jpg
hardcase_val,super_yolo_31334e9adc.jpg,near,test<->val,taco_hardcase_125c99cc3c.jpg
hardcase_val,super_yolo_315ae60eec.jpg,near,train<->val,taco_hardcase_bda0f699e6.jpg
hardcase_val,super_yolo_316d17365c.jpg,near,train<->val,super_yolo_51d7a9e56e.jpg
hardcase_val,super_yolo_328fe655b1.jpg,near,train<->val,taco_hardcase_35b6417294.jpg
hardcase_test,super_yolo_8e520e093a.jpg,near,test<->val,super_yolo_32cd1607f5.jpg
hardcase_val,super_yolo_32cd1607f5.jpg,near,test<->val,super_yolo_8e520e093a.jpg
hardcase_test,taco_hardcase_5cf96f6050.jpg,near,test<->val,super_yolo_32cd1607f5.jpg
hardcase_val,super_yolo_32fa0e43b1.jpg,near,train<->val,super_yolo_0f96d38a8e.jpg
hardcase_val,super_yolo_331430fbb7.jpg,near,train<->val,taco_hardcase_46e07edf2e.jpg
hardcase_val,super_yolo_3344032c65.jpg,near,train<->val,super_yolo_7f476df1d4.jpg
hardcase_val,super_yolo_33440bdc32.jpg,near,train<->val,taco_hardcase_da6c10b76b.jpg
hardcase_val,super_yolo_34a9fa2af5.jpg,near,train<->val,taco_hardcase_6b5bad850e.jpg
hardcase_val,super_yolo_3506b9d1f1.jpg,near,train<->val,super_yolo_9626f2fde4.jpg
hardcase_val,super_yolo_3563c3b6f4.jpg,near,test<->val,super_yolo_ff8556589d.jpg
hardcase_val,super_yolo_358c7b50d8.jpg,near,train<->val,super_yolo_c6b731e583.jpg
hardcase_val,super_yolo_35b5540047.jpg,near,train<->val,taco_hardcase_d2133878d2.jpg
hardcase_val,super_yolo_368efa26f2.jpg,near,train<->val,super_yolo_4f5f136c2b.jpg
hardcase_val,super_yolo_37a7ecbfaa.jpg,near,train<->val,super_yolo_8325f575dc.jpg
hardcase_val,super_yolo_37f58a787b.jpg,near,train<->val,taco_hardcase_275c4e2124.jpg
hardcase_val,super_yolo_385a36926e.jpg,near,test<->val,taco_hardcase_4f99d38b3d.jpg
hardcase_val,super_yolo_38c74b5b07.jpg,near,test<->val,super_yolo_010b39a60b.jpg
hardcase_val,super_yolo_3948ae8768.jpg,near,train<->val,super_yolo_eb14b1f524.jpg
hardcase_val,super_yolo_3a68636d3b.jpg,near,train<->val,super_yolo_05be5aedad.jpg
hardcase_val,super_yolo_3b6cc4f358.jpg,near,test<->val,super_yolo_fffe231cea.jpg
hardcase_val,super_yolo_3b9ce367fb.jpg,near,train<->val,super_yolo_6b6f1eb367.jpg
hardcase_val,super_yolo_3bb167fc1d.jpg,near,train<->val,super_yolo_b69543ed8e.jpg
hardcase_val,super_yolo_3c2d81c4a3.jpg,near,train<->val,super_yolo_8a79df505e.jpg
hardcase_val,super_yolo_3c6ef5c877.jpg,near,train<->val,super_yolo_a5e5582c97.jpg
hardcase_val,super_yolo_3d27a177ef.jpg,near,train<->val,super_yolo_2082885c3b.jpg
hardcase_val,super_yolo_3d97b6db27.jpg,near,train<->val,super_yolo_08692aa764.jpg
hardcase_val,super_yolo_3dcdfef1fe.jpg,near,train<->val,super_yolo_56b4c95e43.jpg
hardcase_test,super_yolo_c704f7a22e.jpg,near,test<->val,super_yolo_3df0117dcd.jpg
hardcase_val,super_yolo_3df0117dcd.jpg,near,test<->val,super_yolo_c704f7a22e.jpg
hardcase_val,super_yolo_3e4141c139.jpg,near,test<->val,taco_hardcase_aeaaf99c0e.jpg
hardcase_test,super_yolo_52a198713b.jpg,near,test<->val,super_yolo_3f10b1afc5.jpg
hardcase_val,super_yolo_3f10b1afc5.jpg,near,test<->val,super_yolo_52a198713b.jpg
hardcase_val,super_yolo_3f53c1ae92.jpg,near,train<->val,super_yolo_73f2bcb7b6.jpg
hardcase_val,super_yolo_3ffd978100.jpg,near,train<->val,super_yolo_0b63714aa5.jpg
hardcase_val,super_yolo_4070f1d996.jpg,near,train<->val,super_yolo_03be3e19b3.jpg
hardcase_val,super_yolo_40e3926ce1.jpg,near,test<->val,taco_hardcase_73aff809b8.jpg
hardcase_val,super_yolo_426da3947b.jpg,near,test<->val,super_yolo_b15362c9f1.jpg
hardcase_val,super_yolo_42b3babfc1.jpg,near,train<->val,super_yolo_defdc02e99.jpg
hardcase_val,super_yolo_43756d231c.jpg,near,train<->val,taco_hardcase_71d1848833.jpg
hardcase_val,super_yolo_438a163f88.jpg,near,train<->val,super_yolo_392840d9f6.jpg
hardcase_val,super_yolo_439d1571fb.jpg,near,train<->val,super_yolo_f32fa52b24.jpg
hardcase_val,super_yolo_43d2e877e0.jpg,near,train<->val,taco_hardcase_001cab7a75.jpg
hardcase_val,super_yolo_444cc1af86.jpg,near,train<->val,super_yolo_392840d9f6.jpg
hardcase_val,super_yolo_44aaa136e9.jpg,near,train<->val,taco_hardcase_b4d9e93ff2.jpg
hardcase_val,super_yolo_44ba1c5be4.jpg,near,test<->val,super_yolo_2f3b3c95b4.jpg
hardcase_val,super_yolo_456a017313.jpg,near,train<->val,taco_hardcase_6c0ffad33b.jpg
hardcase_val,super_yolo_45b48649b3.jpg,near,train<->val,super_yolo_36a2b98ea2.jpg
hardcase_val,super_yolo_461fae0e70.jpg,near,test<->val,super_yolo_43f6a1eb23.jpg
hardcase_val,super_yolo_4626baa49d.jpg,near,test<->val,super_yolo_2f3b3c95b4.jpg
hardcase_val,super_yolo_464f63c446.jpg,near,train<->val,taco_hardcase_2a59994d42.jpg
hardcase_val,super_yolo_46a75bdab7.jpg,near,train<->val,taco_hardcase_b3d03d5568.jpg
hardcase_val,super_yolo_4722cbe61d.jpg,near,train<->val,super_yolo_f362c70f59.jpg
hardcase_val,super_yolo_47c3027a5c.jpg,near,train<->val,taco_hardcase_2299e8a9f9.jpg
hardcase_val,super_yolo_48364efc25.jpg,near,train<->val,super_yolo_2ab789e2a4.jpg
hardcase_val,super_yolo_485d16ee55.jpg,near,train<->val,super_yolo_ecaa967112.jpg
hardcase_val,super_yolo_4909dbe061.jpg,near,train<->val,super_yolo_0b3667a311.jpg
hardcase_val,super_yolo_494963cf39.jpg,near,train<->val,super_yolo_7add1155d5.jpg
hardcase_val,super_yolo_49ba66af9c.jpg,near,test<->val,taco_hardcase_f04bba2368.jpg
hardcase_val,super_yolo_49cb1b84fc.jpg,near,train<->val,taco_hardcase_b9e61e7c6f.jpg
hardcase_val,super_yolo_49cb8c0ae8.jpg,near,train<->val,super_yolo_5ae336e547.jpg
hardcase_val,super_yolo_4a91ff415b.jpg,near,test<->val,taco_hardcase_a36db2f091.jpg
hardcase_val,super_yolo_4b02cf8104.jpg,near,test<->val,super_yolo_51d4bcebf0.jpg
hardcase_val,super_yolo_4b60957016.jpg,near,train<->val,super_yolo_05b96bd8dc.jpg
hardcase_val,super_yolo_4c43d7f65e.jpg,near,test<->val,super_yolo_47e672c3e2.jpg
hardcase_val,super_yolo_4cacdefce5.jpg,near,test<->val,super_yolo_3af6101e85.jpg
hardcase_val,super_yolo_4d51b7584a.jpg,near,test<->val,super_yolo_fe4633db45.jpg
hardcase_val,super_yolo_4d61997b0b.jpg,near,test<->val,super_yolo_d06940fac3.jpg
hardcase_val,super_yolo_4f2e8a3159.jpg,near,train<->val,super_yolo_4f5f136c2b.jpg
hardcase_val,super_yolo_4f481973bf.jpg,near,train<->val,taco_hardcase_a4c6667000.jpg
hardcase_val,super_yolo_4f8da54535.jpg,near,train<->val,taco_hardcase_a069a28f1e.jpg
hardcase_val,super_yolo_4fab817993.jpg,near,train<->val,super_yolo_9389569fa8.jpg
hardcase_val,super_yolo_50f66863e2.jpg,near,train<->val,taco_hardcase_9e610c1f36.jpg
hardcase_val,super_yolo_51b03eb662.jpg,near,train<->val,super_yolo_333f121dfe.jpg
hardcase_val,super_yolo_525619881e.jpg,near,train<->val,taco_hardcase_881bf29d0d.jpg
hardcase_val,super_yolo_52c91654fd.jpg,near,train<->val,super_yolo_7739c4924e.jpg
hardcase_val,super_yolo_52e85a20e3.jpg,near,test<->val,super_yolo_c11e9d321d.jpg
hardcase_val,super_yolo_533102b31d.jpg,near,train<->val,super_yolo_771d72188f.jpg
hardcase_val,super_yolo_53d2ddf670.jpg,near,test<->val,taco_hardcase_ee832ec4b5.jpg
hardcase_val,super_yolo_542cab3c7d.jpg,near,train<->val,super_yolo_cd47be775f.jpg
hardcase_val,super_yolo_550d0b6dec.jpg,near,test<->val,super_yolo_3af6101e85.jpg
hardcase_val,super_yolo_555952c36d.jpg,near,train<->val,super_yolo_406814edac.jpg
hardcase_val,super_yolo_55641781ad.jpg,near,train<->val,taco_hardcase_7cafd807a6.jpg
hardcase_val,super_yolo_55aab23f54.jpg,near,test<->val,super_yolo_ea3998cd70.jpg
hardcase_val,super_yolo_55d007ab8e.jpg,near,train<->val,super_yolo_4d4f64045c.jpg
hardcase_val,super_yolo_55e3dc8610.jpg,near,test<->val,super_yolo_3be8e711e2.jpg
hardcase_val,super_yolo_5656bae1aa.jpg,near,train<->val,taco_hardcase_4220e8873e.jpg
hardcase_val,super_yolo_566ceb74f3.jpg,near,train<->val,super_yolo_bd2650eb46.jpg
hardcase_val,super_yolo_567f978481.jpg,near,test<->val,super_yolo_c7afedef25.jpg
hardcase_val,super_yolo_56f37d4a82.jpg,near,train<->val,super_yolo_670d15c00b.jpg
hardcase_val,super_yolo_57063a3ae1.jpg,near,train<->val,super_yolo_3ff932c22b.jpg
hardcase_val,super_yolo_57790aea69.jpg,near,train<->val,super_yolo_645a815e30.jpg
hardcase_val,super_yolo_586868d8d0.jpg,near,train<->val,super_yolo_e300f09980.jpg
hardcase_val,super_yolo_58e6cc1aac.jpg,near,test<->val,taco_hardcase_285a02eb0a.jpg
hardcase_val,super_yolo_58f612c4b5.jpg,near,train<->val,super_yolo_b132a386b5.jpg
hardcase_val,super_yolo_59463b293c.jpg,near,test<->val,super_yolo_ff8556589d.jpg
hardcase_val,super_yolo_595c81e6ba.jpg,near,test<->val,super_yolo_330bdbcd86.jpg
hardcase_val,super_yolo_595fa87e1b.jpg,near,test<->val,super_yolo_b71f068f80.jpg
hardcase_val,super_yolo_596fa5036b.jpg,near,train<->val,taco_hardcase_e50e0f2755.jpg
hardcase_val,super_yolo_59d333649f.jpg,near,train<->val,super_yolo_9ab8ecfca6.jpg
hardcase_val,super_yolo_5a24ecd152.jpg,near,train<->val,super_yolo_671b5734a9.jpg
hardcase_val,super_yolo_5a4ee4f46b.jpg,near,test<->val,super_yolo_3af6101e85.jpg
hardcase_val,super_yolo_5b098a3035.jpg,near,train<->val,super_yolo_6b753f9098.jpg
hardcase_val,super_yolo_5b57f264bc.jpg,near,train<->val,super_yolo_5e1d04d4f4.jpg
hardcase_val,super_yolo_5b8c5bd5b2.jpg,near,train<->val,super_yolo_04dc7936d8.jpg
hardcase_val,super_yolo_5c2cb1fc64.jpg,near,train<->val,super_yolo_4c1e5e806f.jpg
hardcase_val,super_yolo_5c4a0fcbb7.jpg,near,train<->val,super_yolo_ad5de35fe4.jpg
hardcase_val,super_yolo_5dc157a21a.jpg,near,test<->val,super_yolo_2f3b3c95b4.jpg
hardcase_val,super_yolo_5e56c64c2a.jpg,near,train<->val,taco_hardcase_0e60d7dd67.jpg
hardcase_val,super_yolo_5e8f38bba5.jpg,near,test<->val,super_yolo_2f3b3c95b4.jpg
hardcase_val,super_yolo_5ecdaaf1f4.jpg,near,train<->val,super_yolo_7890bf252b.jpg
hardcase_val,super_yolo_5f68782b9e.jpg,near,train<->val,taco_hardcase_8449189c46.jpg
hardcase_val,super_yolo_5fb5388d9a.jpg,near,train<->val,super_yolo_e1a7189584.jpg
hardcase_val,super_yolo_6026e28d09.jpg,near,train<->val,super_yolo_9dabe52cff.jpg
hardcase_val,super_yolo_60bcafd9c2.jpg,near,train<->val,super_yolo_e8df1ccbef.jpg
hardcase_val,super_yolo_60dca575fc.jpg,near,test<->val,super_yolo_c7afedef25.jpg
hardcase_val,super_yolo_60f3c40bd8.jpg,near,test<->val,super_yolo_ff8556589d.jpg
hardcase_val,super_yolo_6126796ff5.jpg,near,train<->val,taco_hardcase_5958362cff.jpg
hardcase_val,super_yolo_6128f8c65e.jpg,near,test<->val,super_yolo_010b39a60b.jpg
hardcase_val,super_yolo_623e5f4b85.jpg,near,train<->val,super_yolo_9ab8ecfca6.jpg
hardcase_val,super_yolo_6246a9c2d7.jpg,near,train<->val,super_yolo_0cd11afb8f.jpg
hardcase_val,super_yolo_6295850c35.jpg,near,train<->val,super_yolo_e848404f01.jpg
hardcase_val,super_yolo_63433a136d.jpg,near,train<->val,taco_hardcase_627cbdc1cd.jpg
hardcase_val,super_yolo_63df9ec06d.jpg,near,test<->val,super_yolo_2f3b3c95b4.jpg
hardcase_val,super_yolo_63eea39355.jpg,near,test<->val,taco_hardcase_9fd57879db.jpg
hardcase_val,super_yolo_63eeb0c194.jpg,near,test<->val,taco_hardcase_8b4268d95a.jpg
hardcase_val,super_yolo_64e4a57c55.jpg,near,train<->val,taco_hardcase_40d60e3b4f.jpg
hardcase_val,super_yolo_64eb9614e8.jpg,near,test<->val,super_yolo_a071c0b733.jpg
hardcase_val,super_yolo_651063c9b2.jpg,near,train<->val,super_yolo_d777796e47.jpg
hardcase_val,super_yolo_65241a4975.jpg,near,train<->val,super_yolo_a9e19cb958.jpg
hardcase_val,super_yolo_652ec0e601.jpg,near,test<->val,super_yolo_32cd453e07.jpg
hardcase_val,super_yolo_659ab4f7e3.jpg,near,train<->val,super_yolo_390972c8e6.jpg
hardcase_val,super_yolo_65faa56238.jpg,near,train<->val,super_yolo_961000ea6c.jpg
hardcase_val,super_yolo_6666a91ef0.jpg,near,test<->val,super_yolo_2f3b3c95b4.jpg
hardcase_val,super_yolo_67509c8cb7.jpg,near,train<->val,super_yolo_f854821534.jpg
hardcase_test,taco_hardcase_976a25dfd0.jpg,near,test<->val,super_yolo_67e1f395d3.jpg
hardcase_val,super_yolo_67e1f395d3.jpg,near,test<->val,taco_hardcase_976a25dfd0.jpg
hardcase_test,super_yolo_4251c3be0a.jpg,near,test<->val,super_yolo_686f72735b.jpg
hardcase_val,super_yolo_686f72735b.jpg,near,test<->val,super_yolo_4251c3be0a.jpg
hardcase_val,super_yolo_6871dd890b.jpg,near,test<->val,super_yolo_75a51f704e.jpg
hardcase_val,super_yolo_68de4ee636.jpg,near,train<->val,super_yolo_b49933832c.jpg
hardcase_val,super_yolo_697da48f82.jpg,near,train<->val,taco_hardcase_d3c5b4a633.jpg
hardcase_val,super_yolo_6ad0bfe6ef.jpg,near,train<->val,super_yolo_d8d6e5dcf6.jpg
hardcase_val,super_yolo_6ae16424d6.jpg,near,train<->val,super_yolo_f035b31a28.jpg
hardcase_val,super_yolo_6c04e348b7.jpg,near,test<->val,super_yolo_50edc4bc7c.jpg
hardcase_val,super_yolo_6c41398924.jpg,near,test<->val,taco_hardcase_8ed1cb70ae.jpg
hardcase_val,super_yolo_6c5abfac24.jpg,near,train<->val,taco_hardcase_2667e80266.jpg
hardcase_val,super_yolo_6c6c9dbb1b.jpg,near,train<->val,super_yolo_e5501a2740.jpg
hardcase_val,super_yolo_6c91932513.jpg,near,train<->val,taco_hardcase_bda0f699e6.jpg
hardcase_val,super_yolo_6ccce61181.jpg,near,test<->val,super_yolo_010b39a60b.jpg
hardcase_val,super_yolo_6d1354e72a.jpg,near,train<->val,taco_hardcase_416ea0d2e0.jpg
hardcase_val,super_yolo_6d1df0e3f2.jpg,near,test<->val,super_yolo_2f3b3c95b4.jpg
hardcase_val,super_yolo_6d4303bf86.jpg,near,train<->val,taco_hardcase_65c72902d7.jpg
hardcase_val,super_yolo_6da518a2d7.jpg,near,train<->val,super_yolo_d309c131b7.jpg
hardcase_val,super_yolo_6def6d1913.jpg,near,train<->val,super_yolo_1dbf052301.jpg
hardcase_val,super_yolo_6dfb00c309.jpg,near,train<->val,taco_hardcase_416ea0d2e0.jpg
hardcase_val,super_yolo_6e0670ef47.jpg,near,train<->val,taco_hardcase_38a1febc7c.jpg
hardcase_val,super_yolo_6e81900e41.jpg,near,test<->val,taco_hardcase_e36d481afa.jpg
hardcase_val,super_yolo_6f006813cd.jpg,near,train<->val,super_yolo_a07e553154.jpg
hardcase_val,super_yolo_6fb1e6eb62.jpg,near,train<->val,super_yolo_a560fbaf66.jpg
hardcase_val,super_yolo_70acb019d7.jpg,near,test<->val,super_yolo_9153eb3b20.jpg
hardcase_val,super_yolo_7120dbf5ac.jpg,near,train<->val,super_yolo_c2c1562a9a.jpg
hardcase_val,super_yolo_715f5f3012.jpg,near,train<->val,super_yolo_1cdc380263.jpg
hardcase_val,super_yolo_71bc819e90.jpg,near,train<->val,super_yolo_7740fbe887.jpg
hardcase_val,super_yolo_7214272578.jpg,near,train<->val,super_yolo_450bc4b1a2.jpg
hardcase_val,super_yolo_726251ad62.jpg,near,train<->val,taco_hardcase_5a8f10947d.jpg
hardcase_val,super_yolo_729880cdc0.jpg,near,test<->val,taco_hardcase_4f99d38b3d.jpg
hardcase_val,super_yolo_72a4250193.jpg,near,train<->val,taco_hardcase_1c6e0068ba.jpg
hardcase_val,super_yolo_7360748469.jpg,near,test<->val,super_yolo_1df62849f9.jpg
hardcase_val,super_yolo_7369392dc7.jpg,near,test<->val,super_yolo_ea3998cd70.jpg
hardcase_val,super_yolo_737e1ffb09.jpg,near,train<->val,super_yolo_cefb4c277e.jpg
hardcase_val,super_yolo_73e8110935.jpg,near,test<->val,super_yolo_1df62849f9.jpg
hardcase_val,super_yolo_740e7d4745.jpg,near,train<->val,super_yolo_13afc5f114.jpg
hardcase_val,super_yolo_74bec1d524.jpg,near,test<->val,super_yolo_2f3b3c95b4.jpg
hardcase_val,super_yolo_74f5a97c0b.jpg,near,train<->val,super_yolo_1a4237c563.jpg
hardcase_val,super_yolo_752a838b0f.jpg,near,train<->val,super_yolo_b9e0442a1e.jpg
hardcase_val,super_yolo_752d19dc33.jpg,near,train<->val,taco_hardcase_a2bd211ad5.jpg
hardcase_val,super_yolo_757401c0ed.jpg,near,train<->val,super_yolo_0603a23fae.jpg
hardcase_val,super_yolo_75b616f884.jpg,near,train<->val,super_yolo_406814edac.jpg
hardcase_val,super_yolo_75cbd496c7.jpg,near,train<->val,super_yolo_2093d8a6e2.jpg
hardcase_val,super_yolo_760ff2dfe5.jpg,near,train<->val,super_yolo_6d343b6a50.jpg
hardcase_val,super_yolo_768804b2d0.jpg,near,train<->val,taco_hardcase_f38d3a736f.jpg
hardcase_val,super_yolo_7954a41556.jpg,near,train<->val,taco_hardcase_915bb2965b.jpg
hardcase_val,super_yolo_796f959946.jpg,near,train<->val,super_yolo_70336d334c.jpg
hardcase_val,super_yolo_79ec023a24.jpg,near,train<->val,super_yolo_1ce8e09ac7.jpg
hardcase_test,taco_hardcase_ca60db90bf.jpg,near,test<->val,super_yolo_7a2583f0e6.jpg
hardcase_val,super_yolo_7a2583f0e6.jpg,near,test<->val,taco_hardcase_ca60db90bf.jpg
hardcase_val,super_yolo_7a5b078710.jpg,near,train<->val,super_yolo_2e7320d6f8.jpg
hardcase_test,super_yolo_4e4285697b.jpg,near,test<->val,super_yolo_7a5e29ea43.jpg
hardcase_val,super_yolo_7a5e29ea43.jpg,near,test<->val,super_yolo_4e4285697b.jpg
hardcase_val,super_yolo_7b0225a369.jpg,near,train<->val,taco_hardcase_9048a3b617.jpg
hardcase_val,super_yolo_7b2b8e931b.jpg,near,test<->val,super_yolo_3af6101e85.jpg
hardcase_val,super_yolo_7b4e7f9b85.jpg,near,test<->val,super_yolo_3af6101e85.jpg
hardcase_val,super_yolo_7bb62d0866.jpg,near,test<->val,super_yolo_75a51f704e.jpg
hardcase_val,super_yolo_7cc8ad8e9f.jpg,near,train<->val,super_yolo_dcbe121cd7.jpg
hardcase_val,super_yolo_7d18eee2a3.jpg,near,train<->val,super_yolo_545e82df73.jpg
hardcase_val,super_yolo_7df95dd842.jpg,near,test<->val,super_yolo_75a51f704e.jpg
hardcase_val,super_yolo_7e44ad763b.jpg,near,test<->val,super_yolo_ff8556589d.jpg
hardcase_val,super_yolo_7e8889c458.jpg,near,train<->val,super_yolo_ad04c02348.jpg
hardcase_val,super_yolo_7ef900a6ab.jpg,near,train<->val,super_yolo_0f96d38a8e.jpg
hardcase_val,super_yolo_7f9de31218.jpg,near,train<->val,super_yolo_19de03be0e.jpg
hardcase_val,super_yolo_8062cdbb2c.jpg,near,test<->val,taco_hardcase_2455b75c64.jpg
hardcase_val,super_yolo_81c6d453a0.jpg,near,test<->val,super_yolo_32cd453e07.jpg
hardcase_val,super_yolo_81fe740957.jpg,near,train<->val,taco_hardcase_1fe4fdd916.jpg
hardcase_val,super_yolo_828db15c95.jpg,near,train<->val,super_yolo_e0fcfa2cd7.jpg
hardcase_val,super_yolo_834da20937.jpg,near,train<->val,super_yolo_4b9f4e3c60.jpg
hardcase_val,super_yolo_836cecdff8.jpg,near,test<->val,super_yolo_32cd453e07.jpg
hardcase_val,super_yolo_840f6e117f.jpg,near,train<->val,super_yolo_02673bdd66.jpg
hardcase_val,super_yolo_84ee4443be.jpg,near,train<->val,super_yolo_5d65fb5960.jpg
hardcase_val,super_yolo_85a55142c2.jpg,near,test<->val,super_yolo_50edc4bc7c.jpg
hardcase_val,super_yolo_85d1c1dd8c.jpg,near,train<->val,super_yolo_263ab2bb2c.jpg
hardcase_val,super_yolo_8657b46cce.jpg,near,train<->val,taco_hardcase_0aa67b7e78.jpg
hardcase_val,super_yolo_86697db809.jpg,near,test<->val,super_yolo_fe4633db45.jpg
hardcase_val,super_yolo_86f071b490.jpg,near,test<->val,taco_hardcase_4c5353a76b.jpg
hardcase_test,super_yolo_8095127f58.jpg,near,test<->val,super_yolo_86f575287d.jpg
hardcase_val,super_yolo_86f575287d.jpg,near,test<->val,super_yolo_8095127f58.jpg
hardcase_val,super_yolo_870fca0cb4.jpg,near,train<->val,super_yolo_c5aaca3ac8.jpg
hardcase_val,super_yolo_871a4e81a2.jpg,near,train<->val,taco_hardcase_21d16ada8e.jpg
hardcase_val,super_yolo_8725c0459f.jpg,near,train<->val,super_yolo_697fcec997.jpg
hardcase_val,super_yolo_876369f8aa.jpg,near,train<->val,taco_hardcase_06421ac471.jpg
hardcase_val,super_yolo_87969d56f6.jpg,near,train<->val,taco_hardcase_e9fc9846c4.jpg
hardcase_val,super_yolo_8796d82413.jpg,near,train<->val,super_yolo_06cf00a38f.jpg
hardcase_test,taco_hardcase_048ebc7f56.jpg,near,test<->val,super_yolo_87da49dfa9.jpg
hardcase_val,super_yolo_87da49dfa9.jpg,near,test<->val,taco_hardcase_048ebc7f56.jpg
hardcase_val,super_yolo_8837dc7e95.jpg,near,train<->val,super_yolo_517a47a983.jpg
hardcase_val,super_yolo_886970bdb6.jpg,near,train<->val,super_yolo_0182ab2b84.jpg
hardcase_val,super_yolo_891d2ea650.jpg,near,train<->val,super_yolo_0603a23fae.jpg
hardcase_val,super_yolo_8a0b8ecb03.jpg,near,train<->val,taco_hardcase_67eb0ad4b1.jpg
hardcase_val,super_yolo_8a4a079420.jpg,near,train<->val,super_yolo_166c15f076.jpg
hardcase_val,super_yolo_8ae308081c.jpg,near,train<->val,super_yolo_51d7a9e56e.jpg
hardcase_val,super_yolo_8b589d9bd3.jpg,near,test<->val,super_yolo_43f6a1eb23.jpg
hardcase_val,super_yolo_8b6a9db286.jpg,near,train<->val,super_yolo_cc35b2ee5f.jpg
hardcase_val,super_yolo_8b6ee81504.jpg,near,test<->val,taco_hardcase_1159e6eb84.jpg
hardcase_val,super_yolo_8b81837f67.jpg,near,train<->val,taco_hardcase_2509512dd9.jpg
hardcase_test,super_yolo_ca3d7272ba.jpg,near,test<->val,super_yolo_8ba88be28f.jpg
hardcase_val,super_yolo_8ba88be28f.jpg,near,test<->val,super_yolo_ca3d7272ba.jpg
hardcase_val,super_yolo_8c3d555d49.jpg,near,test<->val,taco_hardcase_9871a5d7fd.jpg
hardcase_val,super_yolo_8c5e82c51c.jpg,near,test<->val,super_yolo_2f3b3c95b4.jpg
hardcase_val,super_yolo_8c7530879f.jpg,near,train<->val,super_yolo_2386aaaa02.jpg
hardcase_val,super_yolo_8ca432908d.jpg,near,train<->val,taco_hardcase_df25015c59.jpg
hardcase_val,super_yolo_8cbabe476c.jpg,near,test<->val,taco_hardcase_07c8cb5fcd.jpg
hardcase_val,super_yolo_8d24799a9d.jpg,near,train<->val,super_yolo_179b4fe9e0.jpg
hardcase_val,super_yolo_8d749129e2.jpg,near,test<->val,taco_hardcase_4928f10429.jpg
hardcase_val,super_yolo_8d9e20dbae.jpg,near,test<->val,super_yolo_ea3998cd70.jpg
hardcase_val,super_yolo_8e5925325b.jpg,near,train<->val,taco_hardcase_536f48d223.jpg
hardcase_val,super_yolo_8eff058d3a.jpg,near,train<->val,super_yolo_da4f69efff.jpg
hardcase_val,super_yolo_8f23725362.jpg,near,test<->val,taco_hardcase_4f205a3191.jpg
hardcase_val,super_yolo_8f7347166b.jpg,near,test<->val,super_yolo_3af6101e85.jpg
hardcase_val,super_yolo_9131fa9d7b.jpg,near,test<->val,taco_hardcase_a2fae18a5e.jpg
hardcase_val,super_yolo_91ccd7234f.jpg,near,test<->val,super_yolo_2f3b3c95b4.jpg
hardcase_val,super_yolo_92a7577ebd.jpg,near,train<->val,super_yolo_0cf0dfbd08.jpg
hardcase_val,super_yolo_9305d02a40.jpg,near,train<->val,taco_hardcase_efb7746d90.jpg
hardcase_val,super_yolo_939755a127.jpg,near,train<->val,taco_hardcase_38a1febc7c.jpg
hardcase_val,super_yolo_93f0f0c18c.jpg,near,train<->val,super_yolo_0182ab2b84.jpg
hardcase_val,super_yolo_94c5942452.jpg,near,train<->val,taco_hardcase_a568cd2842.jpg
hardcase_val,super_yolo_94d7c1c283.jpg,near,test<->val,taco_hardcase_4b86290f55.jpg
hardcase_val,super_yolo_94f15685b9.jpg,near,train<->val,taco_hardcase_3c2d563171.jpg
hardcase_val,super_yolo_95128589ce.jpg,near,train<->val,super_yolo_95516e3785.jpg
hardcase_val,super_yolo_95b88125d1.jpg,near,train<->val,taco_hardcase_78141f2b07.jpg
hardcase_val,super_yolo_95ff6d6bf1.jpg,near,test<->val,taco_hardcase_ce2a141bbe.jpg
hardcase_val,super_yolo_9601135640.jpg,near,train<->val,super_yolo_2f44833a8b.jpg
hardcase_val,super_yolo_96327b9493.jpg,near,train<->val,super_yolo_679aff279e.jpg
hardcase_val,super_yolo_9665b11849.jpg,near,test<->val,super_yolo_36269a465c.jpg
hardcase_val,super_yolo_976083dddb.jpg,near,train<->val,super_yolo_ddb13dcbef.jpg
hardcase_val,super_yolo_9774f5c701.jpg,near,train<->val,super_yolo_b76c3c8b84.jpg
hardcase_val,super_yolo_989690a32d.jpg,near,train<->val,taco_hardcase_7bb9d7c80c.jpg
hardcase_val,super_yolo_98f46a8644.jpg,near,train<->val,super_yolo_dddb4a3b50.jpg
hardcase_val,super_yolo_9a385304aa.jpg,near,test<->val,super_yolo_2f3b3c95b4.jpg
hardcase_val,super_yolo_9a7354b572.jpg,near,train<->val,super_yolo_ece44d2598.jpg
hardcase_val,super_yolo_9adaa7e2e2.jpg,near,test<->val,super_yolo_2f3b3c95b4.jpg
hardcase_val,super_yolo_9b03180558.jpg,near,train<->val,super_yolo_0a21d2a0fa.jpg
hardcase_val,super_yolo_9b590eab8f.jpg,near,train<->val,taco_hardcase_9e7d00bc9d.jpg
hardcase_val,super_yolo_9b5ddfe3d2.jpg,near,train<->val,super_yolo_7204406649.jpg
hardcase_val,super_yolo_9b9c85ace5.jpg,near,train<->val,super_yolo_9a9ff0d763.jpg
hardcase_val,super_yolo_9bddfd8990.jpg,near,train<->val,super_yolo_0e354efc56.jpg
hardcase_val,super_yolo_9c14b967cf.jpg,near,test<->val,super_yolo_2ceebf92ab.jpg
hardcase_val,super_yolo_9c14e8a757.jpg,near,train<->val,super_yolo_803df2fd35.jpg
hardcase_val,super_yolo_9d53d28fe6.jpg,near,train<->val,super_yolo_0cd11afb8f.jpg
hardcase_val,super_yolo_9d768cf86e.jpg,near,train<->val,super_yolo_1f399aad78.jpg
hardcase_val,super_yolo_9deff2aeab.jpg,near,test<->val,taco_hardcase_8015a455b6.jpg
hardcase_val,super_yolo_9e4dcdfe87.jpg,near,train<->val,taco_hardcase_6af0799458.jpg
hardcase_val,super_yolo_9e71bf0404.jpg,near,train<->val,taco_hardcase_b30b1a7dab.jpg
hardcase_val,super_yolo_9eecad7f02.jpg,near,test<->val,super_yolo_4f2bce7172.jpg
hardcase_val,super_yolo_9f7944fbb9.jpg,near,test<->val,super_yolo_072f28b6aa.jpg
hardcase_test,super_yolo_dc02cbb506.jpg,near,test<->val,super_yolo_9f7944fbb9.jpg
hardcase_val,super_yolo_9ffe66b166.jpg,near,train<->val,taco_hardcase_fdd18ec81c.jpg
hardcase_val,super_yolo_a0763e0b43.jpg,near,train<->val,super_yolo_247ae591b7.jpg
hardcase_val,super_yolo_a07cf4a7e1.jpg,near,train<->val,super_yolo_1deb57fd26.jpg
hardcase_val,super_yolo_a08470d7ca.jpg,near,train<->val,super_yolo_a36db7e6da.jpg
hardcase_val,super_yolo_a1369f09d8.jpg,near,train<->val,super_yolo_df89368058.jpg
hardcase_val,super_yolo_a19edcf1c8.jpg,near,test<->val,super_yolo_d06940fac3.jpg
hardcase_val,super_yolo_a1a9e610fb.jpg,near,test<->val,super_yolo_fe4633db45.jpg
hardcase_val,super_yolo_a22f581c02.jpg,near,test<->val,super_yolo_a071c0b733.jpg
hardcase_val,super_yolo_a23f91e0e7.jpg,near,train<->val,super_yolo_406814edac.jpg
hardcase_val,super_yolo_a2dbc63036.jpg,near,train<->val,super_yolo_fc499305b9.jpg
hardcase_val,super_yolo_a2f2e07abf.jpg,near,train<->val,taco_hardcase_22df3d26ce.jpg
hardcase_val,super_yolo_a3002935b8.jpg,near,train<->val,super_yolo_570a2a22c7.jpg
hardcase_val,super_yolo_a32c18cc7c.jpg,near,train<->val,super_yolo_392840d9f6.jpg
hardcase_val,super_yolo_a341e1f370.jpg,near,train<->val,super_yolo_2ebcf3b774.jpg
hardcase_val,super_yolo_a38a877aef.jpg,near,train<->val,super_yolo_05167c038f.jpg
hardcase_val,super_yolo_a411f13b4f.jpg,near,test<->val,super_yolo_fb1bd75ddb.jpg
hardcase_val,super_yolo_a459ae783d.jpg,near,train<->val,super_yolo_0aec8f49a1.jpg
hardcase_val,super_yolo_a49c858768.jpg,near,test<->val,super_yolo_3af6101e85.jpg
hardcase_val,super_yolo_a4a39056d2.jpg,near,train<->val,taco_hardcase_ba1b97864e.jpg
hardcase_val,super_yolo_a4e92b9efa.jpg,near,train<->val,super_yolo_2e7bb75e83.jpg
hardcase_val,super_yolo_a52d28ee9a.jpg,near,train<->val,super_yolo_429c0e7a15.jpg
hardcase_val,super_yolo_a5714fcbfe.jpg,near,train<->val,taco_hardcase_68441a83e8.jpg
hardcase_val,super_yolo_a58c2a37c7.jpg,near,train<->val,super_yolo_29d3e93409.jpg
hardcase_val,super_yolo_a5b2145f2c.jpg,near,train<->val,super_yolo_a065d7011c.jpg
hardcase_val,super_yolo_a66e5f6802.jpg,near,test<->val,super_yolo_a071c0b733.jpg
hardcase_val,super_yolo_a6974c8c42.jpg,near,train<->val,super_yolo_5ca7a4a697.jpg
hardcase_val,super_yolo_a6d07fb92d.jpg,near,train<->val,taco_hardcase_83be00bd71.jpg
hardcase_val,super_yolo_a6e4b6a58e.jpg,near,train<->val,super_yolo_0603a23fae.jpg
hardcase_val,super_yolo_a6e8ff5025.jpg,near,train<->val,super_yolo_8492f5b89d.jpg
hardcase_val,super_yolo_a7fce4eb61.jpg,near,test<->val,super_yolo_a41d392515.jpg
hardcase_val,super_yolo_a8094989d6.jpg,near,train<->val,super_yolo_66494370c4.jpg
hardcase_val,super_yolo_a87ba79164.jpg,near,train<->val,super_yolo_42c8362e09.jpg
hardcase_val,super_yolo_a8c317cdf4.jpg,near,train<->val,super_yolo_e12c84fa1f.jpg
hardcase_val,super_yolo_a8f0e7e565.jpg,near,train<->val,super_yolo_3511b8fc4c.jpg
hardcase_val,super_yolo_a8f5030e99.jpg,near,train<->val,taco_hardcase_e850ba69b3.jpg
hardcase_val,super_yolo_a91425bb90.jpg,near,train<->val,super_yolo_f458f51e06.jpg
hardcase_val,super_yolo_a9691cd519.jpg,near,train<->val,taco_hardcase_fd8aa0e302.jpg
hardcase_val,super_yolo_a9764cff61.jpg,near,train<->val,super_yolo_59cefebb5e.jpg
hardcase_val,super_yolo_a985acf1bc.jpg,near,train<->val,super_yolo_b33f183b4d.jpg
hardcase_val,super_yolo_a9c52d699d.jpg,near,train<->val,taco_hardcase_c74044340a.jpg
hardcase_val,super_yolo_aa6f680ee1.jpg,near,train<->val,super_yolo_99b4514017.jpg
hardcase_val,super_yolo_aa8dd85280.jpg,near,train<->val,super_yolo_f06c094c7d.jpg
hardcase_val,super_yolo_aaaeae9d31.jpg,near,test<->val,taco_hardcase_251b8cfda2.jpg
hardcase_val,super_yolo_ab6e1bdc5a.jpg,near,train<->val,super_yolo_60393d11f9.jpg
hardcase_val,super_yolo_abbf219dd3.jpg,near,test<->val,super_yolo_2f3b3c95b4.jpg
hardcase_val,super_yolo_ac0b4beb36.jpg,near,train<->val,super_yolo_f13fe6f363.jpg
hardcase_test,super_yolo_5fb80e0aeb.jpg,near,test<->val,super_yolo_acc36c16c9.jpg
hardcase_val,super_yolo_acc36c16c9.jpg,near,test<->val,super_yolo_5fb80e0aeb.jpg
hardcase_val,super_yolo_acff275558.jpg,near,train<->val,super_yolo_46f3cba565.jpg
hardcase_val,super_yolo_ad650241a4.jpg,near,train<->val,super_yolo_1cbe5e3dbc.jpg
hardcase_val,super_yolo_adaa61a05f.jpg,near,train<->val,taco_hardcase_189f860e05.jpg
hardcase_val,super_yolo_adec149edd.jpg,near,train<->val,super_yolo_19b50449aa.jpg
hardcase_val,super_yolo_ae2102c020.jpg,near,train<->val,super_yolo_b444eaad95.jpg
hardcase_val,super_yolo_ae9f97d401.jpg,near,train<->val,super_yolo_269ef0ec41.jpg
hardcase_val,super_yolo_af257639db.jpg,near,train<->val,super_yolo_98296bcbde.jpg
hardcase_val,super_yolo_af8121ebb4.jpg,near,train<->val,taco_hardcase_80b8aaa96e.jpg
hardcase_val,super_yolo_af8c4cc266.jpg,near,train<->val,super_yolo_062e7b11bc.jpg
hardcase_val,super_yolo_b06a77036a.jpg,near,train<->val,super_yolo_71f26738a8.jpg
hardcase_val,super_yolo_b07e40a7c4.jpg,near,train<->val,super_yolo_500eaee53c.jpg
hardcase_test,super_yolo_057d0e5ea5.jpg,near,test<->val,super_yolo_b123807660.jpg
hardcase_val,super_yolo_b123807660.jpg,near,test<->val,super_yolo_057d0e5ea5.jpg
hardcase_val,super_yolo_b1b86b224d.jpg,near,test<->val,super_yolo_fe4633db45.jpg
hardcase_val,super_yolo_b1f84e10fc.jpg,near,train<->val,super_yolo_630c23c395.jpg
hardcase_val,super_yolo_b31003152f.jpg,near,train<->val,super_yolo_4905884a2f.jpg
hardcase_val,super_yolo_b31ee1b67c.jpg,near,train<->val,super_yolo_59b34707f0.jpg
hardcase_val,super_yolo_b36dad577f.jpg,near,train<->val,super_yolo_10b1cf3456.jpg
hardcase_val,super_yolo_b4285bfdfb.jpg,near,train<->val,super_yolo_5c27c0174e.jpg
hardcase_val,super_yolo_b43f6f7470.jpg,near,train<->val,taco_hardcase_cfb326c172.jpg
hardcase_val,super_yolo_b47acf6c00.jpg,near,train<->val,super_yolo_4c1ca8c6c3.jpg
hardcase_val,super_yolo_b485b60c0c.jpg,near,test<->val,taco_hardcase_336e2f4545.jpg
hardcase_val,super_yolo_b4e3bbc8a9.jpg,near,train<->val,super_yolo_bdf0a2565e.jpg
hardcase_val,super_yolo_b50405cf79.jpg,near,train<->val,super_yolo_c17e7f212f.jpg
hardcase_val,super_yolo_b507803587.jpg,near,train<->val,super_yolo_3dc310e824.jpg
hardcase_val,super_yolo_b5514d9346.jpg,near,train<->val,taco_hardcase_2667e80266.jpg
hardcase_val,super_yolo_b6812beacb.jpg,near,test<->val,super_yolo_2f3b3c95b4.jpg
hardcase_val,super_yolo_b6d12b9506.jpg,near,train<->val,super_yolo_eca4507d0f.jpg
hardcase_val,super_yolo_b7550cb1ba.jpg,near,train<->val,super_yolo_392840d9f6.jpg
hardcase_val,super_yolo_b7b787c3de.jpg,near,test<->val,super_yolo_fffe231cea.jpg
hardcase_val,super_yolo_b7bda6d8b4.jpg,near,test<->val,taco_hardcase_286a4e1e2f.jpg
hardcase_val,super_yolo_b825491dc1.jpg,near,train<->val,super_yolo_0182ab2b84.jpg
hardcase_val,super_yolo_b8bcbf86a1.jpg,near,train<->val,super_yolo_96658dfd9e.jpg
hardcase_val,super_yolo_b8ea2076a3.jpg,near,train<->val,super_yolo_5264a8a7fe.jpg
hardcase_val,super_yolo_b96fa8ddf4.jpg,near,train<->val,super_yolo_65e0d7b8fb.jpg
hardcase_val,super_yolo_b98fce619a.jpg,near,test<->val,taco_hardcase_71e1af17e3.jpg
hardcase_val,super_yolo_ba4cb51c6a.jpg,near,test<->val,super_yolo_2f3b3c95b4.jpg
hardcase_test,super_yolo_f47cdde1bd.jpg,near,test<->val,super_yolo_bab7e62e68.jpg
hardcase_val,super_yolo_bab7e62e68.jpg,near,test<->val,super_yolo_f47cdde1bd.jpg
hardcase_val,super_yolo_baef5769d1.jpg,near,train<->val,super_yolo_345e4b69d9.jpg
hardcase_val,super_yolo_bb0d0e35f9.jpg,near,train<->val,taco_hardcase_50108cda41.jpg
hardcase_val,super_yolo_bb38057317.jpg,near,train<->val,super_yolo_c1d7b47752.jpg
hardcase_val,super_yolo_bb58b70b42.jpg,near,train<->val,super_yolo_4c3924fffb.jpg
hardcase_val,super_yolo_bb5c53dd33.jpg,near,train<->val,super_yolo_ef541783c9.jpg
hardcase_val,super_yolo_bc839fa3ba.jpg,near,train<->val,super_yolo_24f2972354.jpg
hardcase_val,super_yolo_bc898905fa.jpg,near,train<->val,super_yolo_5f283960fc.jpg
hardcase_val,super_yolo_bcdd9a8d94.jpg,near,train<->val,taco_hardcase_322e2cf73f.jpg
hardcase_val,super_yolo_be2fba2775.jpg,near,test<->val,super_yolo_2f3b3c95b4.jpg
hardcase_val,super_yolo_be467736c4.jpg,near,train<->val,super_yolo_4c5e8edf2e.jpg
hardcase_val,super_yolo_bf217e32eb.jpg,near,train<->val,super_yolo_45bf1cb2ac.jpg
hardcase_val,super_yolo_bff960b80e.jpg,near,train<->val,super_yolo_348d20e69c.jpg
hardcase_test,super_yolo_19b9dde31c.jpg,near,test<->val,super_yolo_c12c0bb2df.jpg
hardcase_val,super_yolo_c12c0bb2df.jpg,near,test<->val,super_yolo_19b9dde31c.jpg
hardcase_val,super_yolo_c170d18c4c.jpg,near,train<->val,super_yolo_ad5de35fe4.jpg
hardcase_val,super_yolo_c172ada256.jpg,near,test<->val,taco_hardcase_608f14fb56.jpg
hardcase_val,super_yolo_c1a692b913.jpg,near,train<->val,taco_hardcase_57947988e6.jpg
hardcase_val,super_yolo_c1b2f1caad.jpg,near,train<->val,super_yolo_0cd11afb8f.jpg
hardcase_val,super_yolo_c44a2a4462.jpg,near,test<->val,super_yolo_2f3b3c95b4.jpg
hardcase_val,super_yolo_c47b58e880.jpg,near,train<->val,super_yolo_512538e331.jpg
hardcase_val,super_yolo_c4a6d00edc.jpg,near,train<->val,super_yolo_2ebcf3b774.jpg
hardcase_val,super_yolo_c4bd7d3ace.jpg,near,test<->val,taco_hardcase_555423f548.jpg
hardcase_val,super_yolo_c4d087f050.jpg,near,test<->val,super_yolo_2f3b3c95b4.jpg
hardcase_val,super_yolo_c4eab65a1c.jpg,near,test<->val,taco_hardcase_7368c11e4f.jpg
hardcase_val,super_yolo_c55bcc0c98.jpg,near,test<->val,super_yolo_fffe231cea.jpg
hardcase_val,super_yolo_c5b0c87619.jpg,near,train<->val,super_yolo_2ad1c5dfdd.jpg
hardcase_val,super_yolo_c70c4381b4.jpg,near,test<->val,taco_hardcase_b7219b9dbe.jpg
hardcase_val,super_yolo_c7aad3899d.jpg,near,train<->val,super_yolo_d512ed8577.jpg
hardcase_val,super_yolo_c7cf566bd5.jpg,near,train<->val,super_yolo_3147681c37.jpg
hardcase_val,super_yolo_c7e56ce5c0.jpg,near,train<->val,super_yolo_2becc2d257.jpg
hardcase_val,super_yolo_c88ad0aa03.jpg,near,train<->val,taco_hardcase_e8c839e2fc.jpg
hardcase_val,super_yolo_c8c3df7788.jpg,near,train<->val,taco_hardcase_532096cfd8.jpg
hardcase_val,super_yolo_c9285bf964.jpg,near,train<->val,super_yolo_56d65f82f1.jpg
hardcase_val,super_yolo_c9a2fb315f.jpg,near,train<->val,super_yolo_1ec8307480.jpg
hardcase_val,super_yolo_c9d9effcac.jpg,near,test<->val,super_yolo_a0d83b3f32.jpg
hardcase_val,super_yolo_ca7cad45a7.jpg,near,train<->val,super_yolo_961000ea6c.jpg
hardcase_val,super_yolo_ca99f1e76a.jpg,near,train<->val,taco_hardcase_456f17da1e.jpg
hardcase_val,super_yolo_cb062fa5fd.jpg,near,test<->val,taco_hardcase_3dd2026782.jpg
hardcase_val,super_yolo_cb73f6ddb1.jpg,near,train<->val,super_yolo_9c19b6d3bf.jpg
hardcase_val,super_yolo_cb806c25de.jpg,near,train<->val,super_yolo_f828914868.jpg
hardcase_val,super_yolo_cd3ad6c3f8.jpg,near,train<->val,super_yolo_13fe20dec0.jpg
hardcase_val,super_yolo_ce358c6ce5.jpg,near,train<->val,super_yolo_adaf78ba54.jpg
hardcase_val,super_yolo_ce3e99a07d.jpg,near,train<->val,super_yolo_1688c30b3e.jpg
hardcase_val,super_yolo_ce58545163.jpg,near,train<->val,super_yolo_e17a7d6734.jpg
hardcase_val,super_yolo_ce88b5265b.jpg,near,train<->val,taco_hardcase_08e9fa2eb5.jpg
hardcase_val,super_yolo_d0bec91795.jpg,near,train<->val,super_yolo_c7acd7ca16.jpg
hardcase_val,super_yolo_d17fc7d361.jpg,near,test<->val,taco_hardcase_a433e0a359.jpg
hardcase_val,super_yolo_d2094dd82b.jpg,near,test<->val,taco_hardcase_cc2082932f.jpg
hardcase_val,super_yolo_d251302a5f.jpg,near,train<->val,super_yolo_35875a09f8.jpg
hardcase_val,super_yolo_d26db1336e.jpg,near,train<->val,super_yolo_543b70c18d.jpg
hardcase_val,super_yolo_d27c4b6a44.jpg,near,train<->val,super_yolo_d777796e47.jpg
hardcase_val,super_yolo_d3046db723.jpg,near,train<->val,super_yolo_701a581257.jpg
hardcase_val,super_yolo_d31a02b38a.jpg,near,train<->val,taco_hardcase_40fc3cc02e.jpg
hardcase_val,super_yolo_d31d5edb18.jpg,near,train<->val,super_yolo_70336d334c.jpg
hardcase_val,super_yolo_d33dca5225.jpg,near,train<->val,super_yolo_461eeae9e0.jpg
hardcase_val,super_yolo_d34bd3512d.jpg,near,train<->val,taco_hardcase_d656ea7e4f.jpg
hardcase_val,super_yolo_d437919a38.jpg,near,train<->val,super_yolo_cf4399ad28.jpg
hardcase_val,super_yolo_d43b1709a6.jpg,near,test<->val,super_yolo_ae5614a73b.jpg
hardcase_val,super_yolo_d453967bec.jpg,near,test<->val,super_yolo_96ca565f40.jpg
hardcase_val,super_yolo_d4d01680ad.jpg,near,test<->val,taco_hardcase_d20c98ec26.jpg
hardcase_val,super_yolo_d4e53fec43.jpg,near,train<->val,super_yolo_4953994c0f.jpg
hardcase_val,super_yolo_d510d10f8c.jpg,near,train<->val,taco_hardcase_fcceaac5c8.jpg
hardcase_val,super_yolo_d5cee212a5.jpg,near,test<->val,super_yolo_2f3b3c95b4.jpg
hardcase_val,super_yolo_d64840615f.jpg,near,test<->val,super_yolo_2f3b3c95b4.jpg
hardcase_val,super_yolo_d69abb659b.jpg,near,train<->val,super_yolo_56d65f82f1.jpg
hardcase_val,super_yolo_d6c34b7fc7.jpg,near,train<->val,taco_hardcase_e3697b4bbd.jpg
hardcase_val,super_yolo_d7605b7e08.jpg,near,train<->val,super_yolo_3c5f6a71e1.jpg
hardcase_val,super_yolo_d7f64e4a42.jpg,near,test<->val,super_yolo_3af6101e85.jpg
hardcase_test,super_yolo_a23ee63a6c.jpg,near,test<->val,super_yolo_d7f64e4a42.jpg
hardcase_val,super_yolo_d84be38cf8.jpg,near,train<->val,super_yolo_4f5f136c2b.jpg
hardcase_val,super_yolo_d8cf6b81b7.jpg,near,train<->val,super_yolo_00d5747bd9.jpg
hardcase_val,super_yolo_d8e2cd79b6.jpg,near,test<->val,super_yolo_2f3b3c95b4.jpg
hardcase_val,super_yolo_d8ff4a3921.jpg,near,train<->val,super_yolo_1954e5fcbc.jpg
hardcase_val,super_yolo_d9b4cd2dd3.jpg,near,test<->val,super_yolo_b71f068f80.jpg
hardcase_val,super_yolo_d9c2d9cda9.jpg,near,train<->val,taco_hardcase_558cb7547e.jpg
hardcase_val,super_yolo_d9fef5062b.jpg,near,train<->val,super_yolo_0bc6d57d34.jpg
hardcase_val,super_yolo_da3dca1c54.jpg,near,train<->val,super_yolo_333f121dfe.jpg
hardcase_val,super_yolo_da7d26ab24.jpg,near,train<->val,super_yolo_e848404f01.jpg
hardcase_val,super_yolo_dc2a04ad1b.jpg,near,train<->val,super_yolo_372c97ad6b.jpg
hardcase_val,super_yolo_dc2d849f7b.jpg,near,train<->val,super_yolo_c2a5f53b79.jpg
hardcase_val,super_yolo_dd2d55cf11.jpg,near,train<->val,taco_hardcase_cad6d987bb.jpg
hardcase_val,super_yolo_dd3ba7fb1b.jpg,near,train<->val,taco_hardcase_9c4cf5aaaf.jpg
hardcase_val,super_yolo_dd8608d5f0.jpg,near,test<->val,super_yolo_2f3b3c95b4.jpg
hardcase_val,super_yolo_dde60dc4eb.jpg,near,train<->val,super_yolo_64ea841d82.jpg
hardcase_val,super_yolo_df0cbc6e90.jpg,near,test<->val,super_yolo_fffe231cea.jpg
hardcase_val,super_yolo_df247ed177.jpg,near,train<->val,super_yolo_99ed2ce2af.jpg
hardcase_val,super_yolo_e0371a7e4e.jpg,near,train<->val,super_yolo_b6e2c6661b.jpg
hardcase_val,super_yolo_e056b985c7.jpg,near,train<->val,super_yolo_ce8ebe5f73.jpg
hardcase_val,super_yolo_e09c993b5f.jpg,near,test<->val,super_yolo_2f3b3c95b4.jpg
hardcase_val,super_yolo_e0ae63dfc2.jpg,near,test<->val,super_yolo_1448fe9a9e.jpg
hardcase_val,super_yolo_e1ce65d62e.jpg,near,test<->val,super_yolo_2f3b3c95b4.jpg
hardcase_val,super_yolo_e201439642.jpg,near,train<->val,super_yolo_75cf0a4a8c.jpg
hardcase_val,super_yolo_e286a150bc.jpg,near,train<->val,super_yolo_0fec67f716.jpg
hardcase_val,super_yolo_e2e515bfba.jpg,near,test<->val,super_yolo_d06940fac3.jpg
hardcase_val,super_yolo_e3183592a2.jpg,near,test<->val,super_yolo_fffe231cea.jpg
hardcase_val,super_yolo_e319693cc5.jpg,near,train<->val,super_yolo_51db6d0764.jpg
hardcase_val,super_yolo_e32032dfe1.jpg,near,test<->val,super_yolo_b15362c9f1.jpg
hardcase_val,super_yolo_e38608eb1a.jpg,near,test<->val,super_yolo_2f3b3c95b4.jpg
hardcase_val,super_yolo_e3f10237be.jpg,near,test<->val,taco_hardcase_29dccc2e92.jpg
hardcase_val,super_yolo_e43fd2395e.jpg,near,train<->val,super_yolo_392840d9f6.jpg
hardcase_val,super_yolo_e450e29db6.jpg,near,train<->val,super_yolo_3b6e2fd0d9.jpg
hardcase_val,super_yolo_e45d158def.jpg,near,train<->val,super_yolo_ebf4507127.jpg
hardcase_val,super_yolo_e4847e77ff.jpg,near,test<->val,super_yolo_1df860361c.jpg
hardcase_val,super_yolo_e494506573.jpg,near,train<->val,taco_hardcase_3a25d05813.jpg
hardcase_val,super_yolo_e49dbd3600.jpg,near,train<->val,taco_hardcase_fe4b2639fd.jpg
hardcase_val,super_yolo_e4be14c49a.jpg,near,train<->val,super_yolo_6e89865fac.jpg
hardcase_val,super_yolo_e4c37177f4.jpg,near,train<->val,super_yolo_5334458ac8.jpg
hardcase_val,super_yolo_e53a96991f.jpg,near,test<->val,super_yolo_3af6101e85.jpg
hardcase_val,super_yolo_e5f738fad3.jpg,near,train<->val,super_yolo_68185fe0d0.jpg
hardcase_val,super_yolo_e656ac1b8c.jpg,near,train<->val,taco_hardcase_6e544eb6fd.jpg
hardcase_val,super_yolo_e6aac120e4.jpg,near,train<->val,taco_hardcase_030097ba17.jpg
hardcase_val,super_yolo_e6c3cdb688.jpg,near,train<->val,super_yolo_1bbec972c4.jpg
hardcase_val,super_yolo_e6d872c2ac.jpg,near,train<->val,super_yolo_858a2c0c1f.jpg
hardcase_val,super_yolo_e6f0e07c3b.jpg,near,train<->val,super_yolo_9ab8ecfca6.jpg
hardcase_val,super_yolo_e72bddcb28.jpg,near,train<->val,super_yolo_9518a2ec51.jpg
hardcase_val,super_yolo_e7cce4168e.jpg,near,train<->val,taco_hardcase_027f38e047.jpg
hardcase_val,super_yolo_e7ce034d97.jpg,near,test<->val,taco_hardcase_48738c94fb.jpg
hardcase_val,super_yolo_e8b70952a3.jpg,near,train<->val,taco_hardcase_5c2a9100b9.jpg
hardcase_val,super_yolo_e8ca3003e9.jpg,near,test<->val,super_yolo_d06940fac3.jpg
hardcase_val,super_yolo_e8e1a6acf0.jpg,near,train<->val,taco_hardcase_36ea950839.jpg
hardcase_val,super_yolo_ea8c31140f.jpg,near,train<->val,super_yolo_b1cea4111b.jpg
hardcase_val,super_yolo_eb19358a8d.jpg,near,train<->val,taco_hardcase_3f8d9dd6b1.jpg
hardcase_val,super_yolo_eb5762a141.jpg,near,train<->val,super_yolo_4af1a8d0b3.jpg
hardcase_val,super_yolo_eb66d7a5a6.jpg,near,train<->val,super_yolo_584f05ad08.jpg
hardcase_val,super_yolo_eb6eb36ec4.jpg,near,train<->val,super_yolo_a758968cfb.jpg
hardcase_val,super_yolo_ebc08a052d.jpg,near,test<->val,taco_hardcase_7f5c6174d1.jpg
hardcase_val,super_yolo_ec494ef28b.jpg,near,train<->val,super_yolo_e97be400c7.jpg
hardcase_val,super_yolo_ec95d7dd74.jpg,near,test<->val,super_yolo_010b39a60b.jpg
hardcase_val,super_yolo_ecd87ac555.jpg,near,test<->val,super_yolo_2f3b3c95b4.jpg
hardcase_val,super_yolo_ecf27ff979.jpg,near,train<->val,taco_hardcase_a8da92b38b.jpg
hardcase_val,super_yolo_ed2e7b1b72.jpg,near,test<->val,taco_hardcase_1e458e8e7f.jpg
hardcase_val,super_yolo_ed46a50a5c.jpg,near,train<->val,super_yolo_dd3519c4b7.jpg
hardcase_val,super_yolo_edb4fc6f79.jpg,near,train<->val,super_yolo_bf3990b918.jpg
hardcase_val,super_yolo_eeb27881b0.jpg,near,train<->val,super_yolo_a0f281592a.jpg
hardcase_test,super_yolo_d91dbb1339.jpg,near,test<->val,super_yolo_f06c6a3478.jpg
hardcase_val,super_yolo_f06c6a3478.jpg,near,test<->val,super_yolo_d91dbb1339.jpg
hardcase_val,super_yolo_f1deefcd80.jpg,near,train<->val,super_yolo_a1b34e20e6.jpg
hardcase_val,super_yolo_f23adee501.jpg,near,test<->val,super_yolo_1df62849f9.jpg
hardcase_val,super_yolo_f2b78d60de.jpg,near,train<->val,super_yolo_c2490333ca.jpg
hardcase_val,super_yolo_f2e92e24da.jpg,near,train<->val,super_yolo_9eebb31d03.jpg
hardcase_val,super_yolo_f3388d5655.jpg,near,train<->val,super_yolo_8714b0cd8c.jpg
hardcase_test,taco_hardcase_8452c230c3.jpg,near,test<->val,super_yolo_f3ef2ad2b9.jpg
hardcase_val,super_yolo_f3ef2ad2b9.jpg,near,test<->val,taco_hardcase_8452c230c3.jpg
hardcase_val,super_yolo_f47aeaf6e8.jpg,near,test<->val,taco_hardcase_9d71d538fc.jpg
hardcase_val,super_yolo_f4e086bc56.jpg,near,train<->val,taco_hardcase_74e05546d4.jpg
hardcase_val,super_yolo_f6888d47c7.jpg,near,test<->val,super_yolo_fe4633db45.jpg
hardcase_val,super_yolo_f6d2acafb5.jpg,near,train<->val,super_yolo_90f3e2edba.jpg
hardcase_val,super_yolo_f6f0ed07d0.jpg,near,train<->val,super_yolo_56d65f82f1.jpg
hardcase_val,super_yolo_f7152b3539.jpg,near,train<->val,taco_hardcase_61070e1c4a.jpg
hardcase_val,super_yolo_f76bd56258.jpg,near,train<->val,super_yolo_859020082b.jpg
hardcase_val,super_yolo_f809160283.jpg,near,train<->val,super_yolo_25930073d1.jpg
hardcase_val,super_yolo_f85a1fcfb5.jpg,near,train<->val,taco_hardcase_ccfe14cf82.jpg
hardcase_val,super_yolo_f943dec499.jpg,near,train<->val,super_yolo_66664dbb7b.jpg
hardcase_val,super_yolo_f9ad7bee32.jpg,near,test<->val,super_yolo_47e672c3e2.jpg
hardcase_val,super_yolo_fa446ed4bf.jpg,near,train<->val,super_yolo_1b6ed86399.jpg
hardcase_val,super_yolo_fac4623544.jpg,near,train<->val,super_yolo_450bc4b1a2.jpg
hardcase_val,super_yolo_fb2e1b281a.jpg,near,train<->val,taco_hardcase_9542321d18.jpg
hardcase_val,super_yolo_fb98eb7ea0.jpg,near,train<->val,taco_hardcase_bf2721b0f8.jpg
hardcase_val,super_yolo_fba8a243c8.jpg,near,train<->val,super_yolo_560c273e01.jpg
hardcase_val,super_yolo_fc8ca8afde.jpg,near,train<->val,taco_hardcase_3f0bb80f19.jpg
hardcase_val,super_yolo_fed616149b.jpg,near,train<->val,super_yolo_7c74c711cf.jpg
hardcase_val,super_yolo_ff2a3d4edf.jpg,near,train<->val,super_yolo_26cd446cad.jpg
hardcase_val,super_yolo_ff491bc8c8.jpg,near,train<->val,taco_hardcase_0e60d7dd67.jpg
hardcase_val,super_yolo_ff52429dad.jpg,near,train<->val,super_yolo_681518362e.jpg
hardcase_val,super_yolo_ff8bdf6c15.jpg,near,test<->val,super_yolo_d774b1fa09.jpg
hardcase_val,super_yolo_ffdfa0aec1.jpg,near,train<->val,super_yolo_381bf144a0.jpg
hardcase_val,taco_hardcase_00ebe3e5b4.jpg,near,train<->val,super_yolo_4fb1e52033.jpg
hardcase_val,taco_hardcase_0120d04872.jpg,near,train<->val,super_yolo_aea02701ee.jpg
hardcase_val,taco_hardcase_01d1b52c3e.jpg,near,train<->val,super_yolo_d5aa815126.jpg
hardcase_val,taco_hardcase_0273920537.jpg,near,train<->val,super_yolo_ad8a06fce4.jpg
hardcase_val,taco_hardcase_05c460413c.jpg,near,train<->val,super_yolo_10599832f1.jpg
hardcase_val,taco_hardcase_08470274b9.jpg,near,train<->val,super_yolo_70322893ed.jpg
hardcase_val,taco_hardcase_09f4ff14cd.jpg,near,train<->val,super_yolo_7f918f61e4.jpg
hardcase_val,taco_hardcase_0a767373c9.jpg,near,train<->val,super_yolo_b9e0442a1e.jpg
hardcase_val,taco_hardcase_0bca644366.jpg,near,train<->val,super_yolo_bcaad6d29b.jpg
hardcase_val,taco_hardcase_0cda753b4c.jpg,near,train<->val,super_yolo_1c28d1e224.jpg
hardcase_val,taco_hardcase_0f7f51d05e.jpg,near,train<->val,super_yolo_f828914868.jpg
hardcase_val,taco_hardcase_12e51694b1.jpg,near,train<->val,super_yolo_24b85e713e.jpg
hardcase_val,taco_hardcase_14841fabf4.jpg,near,train<->val,super_yolo_03191b0de5.jpg
hardcase_val,taco_hardcase_17090de03e.jpg,near,train<->val,super_yolo_4c1e5e806f.jpg
hardcase_val,taco_hardcase_17cada0863.jpg,near,train<->val,super_yolo_54f7179e42.jpg
hardcase_val,taco_hardcase_198df927ab.jpg,near,train<->val,super_yolo_9389569fa8.jpg
hardcase_val,taco_hardcase_1a23821c74.jpg,near,train<->val,super_yolo_36a2b98ea2.jpg
hardcase_val,taco_hardcase_1a7d410f76.jpg,near,train<->val,super_yolo_67f0330cef.jpg
hardcase_val,taco_hardcase_1b7e3b1334.jpg,near,train<->val,super_yolo_04dc7936d8.jpg
hardcase_val,taco_hardcase_1e61abeb47.jpg,near,train<->val,super_yolo_e12c84fa1f.jpg
hardcase_val,taco_hardcase_1e9711fa7f.jpg,near,train<->val,super_yolo_8af22dd7c0.jpg
hardcase_val,taco_hardcase_2261ab65c6.jpg,near,train<->val,super_yolo_03ff0f2980.jpg
hardcase_val,taco_hardcase_240078ac03.jpg,near,test<->val,super_yolo_8a7de5acd8.jpg
hardcase_val,taco_hardcase_2d8b5defd2.jpg,near,train<->val,super_yolo_a1b34e20e6.jpg
hardcase_val,taco_hardcase_2e9a564c7a.jpg,near,train<->val,super_yolo_1d75e075f8.jpg
hardcase_val,taco_hardcase_356d3f9d1d.jpg,near,train<->val,super_yolo_11274f62d1.jpg
hardcase_test,super_yolo_5d39791da9.jpg,near,test<->val,taco_hardcase_357c850bd9.jpg
hardcase_val,taco_hardcase_357c850bd9.jpg,near,test<->val,super_yolo_5d39791da9.jpg
hardcase_val,taco_hardcase_37c880095c.jpg,near,train<->val,super_yolo_7c2711da76.jpg
hardcase_val,taco_hardcase_3947e6541c.jpg,near,train<->val,super_yolo_2093d8a6e2.jpg
hardcase_val,taco_hardcase_3af473305c.jpg,near,train<->val,super_yolo_7d7dc509d5.jpg
hardcase_val,taco_hardcase_3c193deab0.jpg,near,train<->val,super_yolo_95295a8d42.jpg
hardcase_val,taco_hardcase_3cfe51f694.jpg,near,train<->val,super_yolo_8962a7cc0b.jpg
hardcase_val,taco_hardcase_3d1def788f.jpg,near,test<->val,super_yolo_71554fb338.jpg
hardcase_val,taco_hardcase_3d71f9f3cd.jpg,near,train<->val,super_yolo_31667a0e4b.jpg
hardcase_val,taco_hardcase_3eb45c243c.jpg,near,train<->val,super_yolo_1365026da8.jpg
hardcase_val,taco_hardcase_3f3537e249.jpg,near,train<->val,super_yolo_d3e98d7b9d.jpg
hardcase_val,taco_hardcase_41a519ed50.jpg,near,train<->val,super_yolo_635365c262.jpg
hardcase_val,taco_hardcase_430c20366e.jpg,near,train<->val,super_yolo_0f1f8eced4.jpg
hardcase_val,taco_hardcase_4348e6ae87.jpg,near,train<->val,super_yolo_50ccbbcbac.jpg
hardcase_val,taco_hardcase_4440ffd3f5.jpg,near,train<->val,super_yolo_2e7bb75e83.jpg
hardcase_val,taco_hardcase_456b985d00.jpg,near,train<->val,super_yolo_7f4fdfbdbe.jpg
hardcase_val,taco_hardcase_47ce87ad1c.jpg,near,train<->val,super_yolo_d8d7199a7c.jpg
hardcase_test,super_yolo_6931222da8.jpg,near,test<->val,taco_hardcase_48d6227f85.jpg
hardcase_val,taco_hardcase_48d6227f85.jpg,near,test<->val,super_yolo_6931222da8.jpg
hardcase_val,taco_hardcase_496f9dc4c0.jpg,near,train<->val,super_yolo_6cbcf28da9.jpg
hardcase_val,taco_hardcase_4c6bae89e8.jpg,near,train<->val,super_yolo_1b98dd3df7.jpg
hardcase_val,taco_hardcase_4e479a7425.jpg,near,train<->val,super_yolo_494e42629c.jpg
hardcase_val,taco_hardcase_4f33f5fec9.jpg,near,train<->val,super_yolo_e3d8f2f91f.jpg
hardcase_val,taco_hardcase_50b193163b.jpg,near,train<->val,super_yolo_e300f09980.jpg
hardcase_val,taco_hardcase_5443c8d34c.jpg,near,train<->val,super_yolo_f13fe6f363.jpg
hardcase_val,taco_hardcase_570ac62e85.jpg,near,train<->val,super_yolo_a4b876b934.jpg
hardcase_val,taco_hardcase_57625b8b6d.jpg,near,train<->val,super_yolo_49936937c6.jpg
hardcase_val,taco_hardcase_5b13e238f5.jpg,near,train<->val,super_yolo_19b50449aa.jpg
hardcase_val,taco_hardcase_5d4b2e7cf5.jpg,near,train<->val,super_yolo_80addeb248.jpg
hardcase_val,taco_hardcase_5da02a4955.jpg,near,train<->val,super_yolo_e7e79700a4.jpg
hardcase_val,taco_hardcase_5e39a2bc7b.jpg,near,train<->val,super_yolo_3b6e2fd0d9.jpg
hardcase_test,super_yolo_bff77c6239.jpg,near,test<->val,taco_hardcase_5f3f2ff6f1.jpg
hardcase_val,taco_hardcase_5f3f2ff6f1.jpg,near,test<->val,super_yolo_bff77c6239.jpg
hardcase_test,super_yolo_893e8bd21b.jpg,near,test<->val,taco_hardcase_60b4daa117.jpg
hardcase_val,taco_hardcase_60b4daa117.jpg,near,test<->val,super_yolo_893e8bd21b.jpg
hardcase_val,taco_hardcase_60ce1d7785.jpg,near,train<->val,super_yolo_c7f68197bb.jpg
hardcase_val,taco_hardcase_6118db6285.jpg,near,train<->val,super_yolo_df89368058.jpg
hardcase_val,taco_hardcase_6206db08de.jpg,near,train<->val,super_yolo_e97be400c7.jpg
hardcase_val,taco_hardcase_63499b26ab.jpg,near,train<->val,super_yolo_68e22ece93.jpg
hardcase_val,taco_hardcase_6527c102c2.jpg,near,train<->val,super_yolo_48769105e4.jpg
hardcase_val,taco_hardcase_6592116b4b.jpg,near,train<->val,super_yolo_ad516507df.jpg
hardcase_val,taco_hardcase_65cf2541bb.jpg,near,train<->val,super_yolo_52d6147976.jpg
hardcase_test,super_yolo_4fb40fab77.jpg,near,test<->val,taco_hardcase_67eee29daa.jpg
hardcase_val,taco_hardcase_67eee29daa.jpg,near,test<->val,super_yolo_4fb40fab77.jpg
hardcase_val,taco_hardcase_694812c5dd.jpg,near,train<->val,super_yolo_67d48616ae.jpg
hardcase_val,taco_hardcase_6a3dfd51ad.jpg,near,train<->val,super_yolo_fc499305b9.jpg
hardcase_val,taco_hardcase_6ba63f31a8.jpg,near,test<->val,super_yolo_b43f732ad8.jpg
hardcase_val,taco_hardcase_6dcfcb4ea8.jpg,near,train<->val,super_yolo_6447a65a5b.jpg
hardcase_val,taco_hardcase_6eb39a9384.jpg,near,train<->val,super_yolo_5242eec3c1.jpg
hardcase_val,taco_hardcase_6ecfc73597.jpg,near,train<->val,super_yolo_36cfd1038b.jpg
hardcase_val,taco_hardcase_6ef8b43f7a.jpg,near,test<->val,super_yolo_89814b3036.jpg
hardcase_val,taco_hardcase_6f32645cbb.jpg,near,train<->val,super_yolo_b49933832c.jpg
hardcase_val,taco_hardcase_72cb62061c.jpg,near,train<->val,super_yolo_1dbf052301.jpg
hardcase_val,taco_hardcase_731786d33b.jpg,near,train<->val,super_yolo_372c97ad6b.jpg
hardcase_val,taco_hardcase_74294acf80.jpg,near,train<->val,super_yolo_19de03be0e.jpg
hardcase_val,taco_hardcase_7634fd1a5a.jpg,near,train<->val,super_yolo_d512ed8577.jpg
hardcase_val,taco_hardcase_7660aa5e47.jpg,near,train<->val,super_yolo_748eeaac97.jpg
hardcase_val,taco_hardcase_77273e9d44.jpg,near,train<->val,super_yolo_1b12b75ef7.jpg
hardcase_val,taco_hardcase_777e72cb88.jpg,near,train<->val,super_yolo_2e30f06c38.jpg
hardcase_val,taco_hardcase_7ab129529f.jpg,near,train<->val,super_yolo_3933e1fba8.jpg
hardcase_val,taco_hardcase_7abe7a5a96.jpg,near,train<->val,super_yolo_6679042e4a.jpg
hardcase_val,taco_hardcase_7d9e0771e3.jpg,near,train<->val,super_yolo_0575f76254.jpg
hardcase_val,taco_hardcase_7e32ff7269.jpg,near,train<->val,super_yolo_94ff08f0ea.jpg
hardcase_val,taco_hardcase_7f3e032311.jpg,near,train<->val,super_yolo_7c2632932c.jpg
hardcase_val,taco_hardcase_809d26a924.jpg,near,test<->val,super_yolo_1f2e9b7c32.jpg
hardcase_val,taco_hardcase_81d4b30f55.jpg,near,train<->val,super_yolo_2d0e4b7c19.jpg
hardcase_test,super_yolo_cf7a8b4e87.jpg,near,test<->val,taco_hardcase_822f9d34a6.jpg
hardcase_val,taco_hardcase_822f9d34a6.jpg,near,test<->val,super_yolo_cf7a8b4e87.jpg
hardcase_val,taco_hardcase_832a4dae93.jpg,near,train<->val,super_yolo_f0a6a4b851.jpg
hardcase_val,taco_hardcase_8429465e8a.jpg,near,train<->val,super_yolo_46f3cba565.jpg
hardcase_val,taco_hardcase_85b70ede15.jpg,near,train<->val,super_yolo_e8060c897f.jpg
hardcase_test,super_yolo_49fd912973.jpg,near,test<->val,taco_hardcase_8615d47707.jpg
hardcase_val,taco_hardcase_8615d47707.jpg,near,test<->val,super_yolo_49fd912973.jpg
hardcase_val,taco_hardcase_87c0e89b65.jpg,near,test<->val,super_yolo_470c1ccd47.jpg
hardcase_val,taco_hardcase_8c97064a06.jpg,near,train<->val,super_yolo_02b857fcca.jpg
hardcase_val,taco_hardcase_8ee67608f9.jpg,near,train<->val,super_yolo_b861452ea7.jpg
hardcase_val,taco_hardcase_8f3c4dea97.jpg,near,test<->val,super_yolo_a8f73a93f6.jpg
hardcase_val,taco_hardcase_903952b965.jpg,near,train<->val,super_yolo_701a581257.jpg
hardcase_val,taco_hardcase_908c089652.jpg,near,train<->val,super_yolo_10733fc3f0.jpg
hardcase_val,taco_hardcase_95ab6c4efb.jpg,near,train<->val,super_yolo_bc62142b7f.jpg
hardcase_val,taco_hardcase_97e5bc5ab9.jpg,near,train<->val,super_yolo_7859dce1be.jpg
hardcase_val,taco_hardcase_98178681ca.jpg,near,train<->val,super_yolo_2c3a486c10.jpg
hardcase_val,taco_hardcase_990ccfae06.jpg,near,train<->val,super_yolo_2ab73d88b0.jpg
hardcase_val,taco_hardcase_9a1954b2fd.jpg,near,train<->val,super_yolo_b566d8d35c.jpg
hardcase_val,taco_hardcase_9bdd34bbc4.jpg,near,train<->val,super_yolo_1b1b9d0c14.jpg
hardcase_val,taco_hardcase_9ce84ec58e.jpg,near,train<->val,super_yolo_429c0e7a15.jpg
hardcase_val,taco_hardcase_9da5818ad6.jpg,near,train<->val,super_yolo_e0fcfa2cd7.jpg
hardcase_val,taco_hardcase_9dc71f1927.jpg,near,train<->val,super_yolo_7890bf252b.jpg
hardcase_val,taco_hardcase_a20a8d8ff3.jpg,near,train<->val,super_yolo_6b244e762d.jpg
hardcase_val,taco_hardcase_a3d186dcf9.jpg,near,test<->val,super_yolo_f47cdde1bd.jpg
hardcase_val,taco_hardcase_a472c57670.jpg,near,train<->val,super_yolo_453b44e0e5.jpg
hardcase_val,taco_hardcase_a48d0c9a14.jpg,near,train<->val,super_yolo_c4429b2d42.jpg
hardcase_val,taco_hardcase_a5294f56a1.jpg,near,train<->val,super_yolo_b0304fabc7.jpg
hardcase_test,super_yolo_f26cc2059f.jpg,near,test<->val,taco_hardcase_a5c2d40916.jpg
hardcase_val,taco_hardcase_a5c2d40916.jpg,near,test<->val,super_yolo_f26cc2059f.jpg
hardcase_val,taco_hardcase_a79a674f0b.jpg,near,train<->val,super_yolo_1382ded282.jpg
hardcase_val,taco_hardcase_a98bd4a102.jpg,near,train<->val,super_yolo_0338480ac3.jpg
hardcase_val,taco_hardcase_aa908eb454.jpg,near,train<->val,super_yolo_90c59438a2.jpg
hardcase_val,taco_hardcase_ac79ded0e2.jpg,near,train<->val,super_yolo_aa49a9ee34.jpg
hardcase_val,taco_hardcase_adeb180ae3.jpg,near,train<->val,super_yolo_a1e3084efc.jpg
hardcase_val,taco_hardcase_ae87e2437f.jpg,near,train<->val,super_yolo_630c23c395.jpg
hardcase_val,taco_hardcase_b158cd0fac.jpg,near,train<->val,super_yolo_42bee069d7.jpg
hardcase_val,taco_hardcase_b294b1b4c7.jpg,near,train<->val,super_yolo_0e2ac8559b.jpg
hardcase_val,taco_hardcase_b2af763d27.jpg,near,train<->val,super_yolo_b444eaad95.jpg
hardcase_val,taco_hardcase_b4fe683c2c.jpg,near,train<->val,super_yolo_73ed01d96c.jpg
hardcase_val,taco_hardcase_b5768fb7b8.jpg,near,train<->val,super_yolo_4a397b5dc2.jpg
hardcase_val,taco_hardcase_b6ebce48ae.jpg,near,train<->val,super_yolo_269ef0ec41.jpg
hardcase_val,taco_hardcase_b902daca8d.jpg,near,train<->val,super_yolo_116ca2aaea.jpg
hardcase_val,taco_hardcase_b9ba2c758c.jpg,near,train<->val,super_yolo_41dd475a86.jpg
hardcase_val,taco_hardcase_baa7e1fbc4.jpg,near,train<->val,super_yolo_413da1d31a.jpg
hardcase_val,taco_hardcase_bb4d3cfd99.jpg,near,train<->val,super_yolo_2fde7a5d0b.jpg
hardcase_val,taco_hardcase_bde230d3bf.jpg,near,train<->val,super_yolo_eb76027163.jpg
hardcase_val,taco_hardcase_bed4397158.jpg,near,train<->val,super_yolo_9d6aba6bc0.jpg
hardcase_val,taco_hardcase_c11595875b.jpg,near,train<->val,super_yolo_24ca7288df.jpg
hardcase_val,taco_hardcase_c23c507bbb.jpg,near,test<->val,super_yolo_23ceda1b38.jpg
hardcase_val,taco_hardcase_c2d9c304e6.jpg,near,train<->val,super_yolo_44224b23a4.jpg
hardcase_val,taco_hardcase_c44774e2e9.jpg,near,train<->val,super_yolo_4686450f40.jpg
hardcase_val,taco_hardcase_c567bdfe71.jpg,near,train<->val,super_yolo_45bf1cb2ac.jpg
hardcase_val,taco_hardcase_c8201c3f47.jpg,near,train<->val,super_yolo_a1c7ffb843.jpg
hardcase_val,taco_hardcase_cdd2d55fc7.jpg,near,train<->val,super_yolo_2802639961.jpg
hardcase_val,taco_hardcase_cf1547167b.jpg,near,train<->val,super_yolo_bc3c965669.jpg
hardcase_val,taco_hardcase_cf2e3975b1.jpg,near,test<->val,super_yolo_583152c6de.jpg
hardcase_val,taco_hardcase_cf3c311164.jpg,near,train<->val,super_yolo_aada7c4562.jpg
hardcase_val,taco_hardcase_cf5577b9f6.jpg,near,train<->val,super_yolo_a97d7eebe4.jpg
hardcase_val,taco_hardcase_d004c2d147.jpg,near,train<->val,super_yolo_7724e26480.jpg
hardcase_val,taco_hardcase_d0adf1d992.jpg,near,train<->val,super_yolo_0bc22190fe.jpg
hardcase_val,taco_hardcase_d104529ba1.jpg,near,train<->val,super_yolo_1410943296.jpg
hardcase_val,taco_hardcase_d2681d6034.jpg,near,train<->val,super_yolo_aa4ec0d197.jpg
hardcase_val,taco_hardcase_d68d3e8ccf.jpg,near,test<->val,super_yolo_fb2fee6104.jpg
hardcase_val,taco_hardcase_d859848a43.jpg,near,train<->val,super_yolo_5fe2c9ea77.jpg
hardcase_val,taco_hardcase_d8faf3096c.jpg,near,train<->val,super_yolo_10b1cf3456.jpg
hardcase_val,taco_hardcase_da0b7bc26f.jpg,near,train<->val,super_yolo_6feaec8b25.jpg
hardcase_val,taco_hardcase_dbba44fbfe.jpg,near,train<->val,super_yolo_b69543ed8e.jpg
hardcase_val,taco_hardcase_dc860b68ec.jpg,near,train<->val,super_yolo_f39aef34ff.jpg
hardcase_test,super_yolo_be79617e9b.jpg,near,test<->val,taco_hardcase_dc9d35681b.jpg
hardcase_val,taco_hardcase_dc9d35681b.jpg,near,test<->val,super_yolo_be79617e9b.jpg
hardcase_val,taco_hardcase_de7d8b2e75.jpg,near,train<->val,super_yolo_e5ad307eb7.jpg
hardcase_val,taco_hardcase_e27d6c3f51.jpg,near,train<->val,super_yolo_0e354efc56.jpg
hardcase_val,taco_hardcase_e27e6282ab.jpg,near,train<->val,super_yolo_60393d11f9.jpg
hardcase_val,taco_hardcase_e4a6c690b4.jpg,near,train<->val,super_yolo_a251968065.jpg
hardcase_val,taco_hardcase_e546cd3412.jpg,near,train<->val,super_yolo_12a6caf148.jpg
hardcase_val,taco_hardcase_e5ac460481.jpg,near,train<->val,super_yolo_6725feb082.jpg
hardcase_val,taco_hardcase_eb695c5946.jpg,near,train<->val,super_yolo_0cf7aa194d.jpg
hardcase_val,taco_hardcase_ecf51ad268.jpg,near,train<->val,super_yolo_bef7cbadbe.jpg
hardcase_val,taco_hardcase_ee570c08ba.jpg,near,train<->val,super_yolo_c0ef5c4166.jpg
hardcase_val,taco_hardcase_ef837f6ccf.jpg,near,train<->val,super_yolo_3912a11ce7.jpg
hardcase_val,taco_hardcase_f040c7961b.jpg,near,train<->val,super_yolo_ac029e245d.jpg
hardcase_val,taco_hardcase_f4a49c5ca5.jpg,near,train<->val,super_yolo_bdf0a2565e.jpg
hardcase_val,taco_hardcase_f7526e3fd0.jpg,near,train<->val,super_yolo_0ee87ef61e.jpg
hardcase_val,taco_hardcase_f76784233c.jpg,near,train<->val,super_yolo_41ac5d8d4a.jpg
hardcase_val,taco_hardcase_f7938ea9f5.jpg,near,train<->val,super_yolo_90043af5e9.jpg
hardcase_test,super_yolo_9644d5e4e4.jpg,near,test<->val,taco_hardcase_f88e439bdf.jpg
hardcase_val,taco_hardcase_f88e439bdf.jpg,near,test<->val,super_yolo_9644d5e4e4.jpg
hardcase_val,taco_hardcase_f8e1de9dcf.jpg,near,train<->val,super_yolo_c5cb575cd1.jpg
hardcase_val,taco_hardcase_f933266b6c.jpg,near,train<->val,super_yolo_30b23db1bd.jpg
hardcase_val,taco_hardcase_faf2e1952b.jpg,near,train<->val,super_yolo_01d7afb464.jpg
hardcase_val,taco_hardcase_fd16a2d4ed.jpg,near,train<->val,super_yolo_b559f30dc1.jpg
hardcase_val,taco_hardcase_fdf5d22555.jpg,near,train<->val,super_yolo_263ab2bb2c.jpg
merged_test,c5_682_shoes1950.jpg,exact,test<->train,c5_1061_shoes1950.jpg
merged_test,c5_204_clothes154.jpg,exact,test<->train,c5_1111_clothes154.jpg
merged_test,c5_54_shoes57.jpg,exact,test<->train,c5_1225_shoes57.jpg
merged_test,c5_595_clothes5208.jpg,exact,test<->train,c5_1231_clothes5208.jpg
merged_test,c5_253_shoes1618.jpg,exact,test<->train,c5_129_shoes1618.jpg
merged_test,c5_546_shoes1150.jpg,exact,test<->train,c5_1309_shoes1150.jpg
merged_test,c5_185_battery77.jpg,exact,test<->train,c5_1364_battery77.jpg
merged_test,c5_544_clothes647.jpg,exact,test<->train,c5_1411_clothes647.jpg
merged_test,c5_243_clothes556.jpg,exact,test<->train,c5_1412_clothes556.jpg
merged_test,c5_447_battery654.jpg,exact,test<->train,c5_149_battery654.jpg
merged_test,c5_404_shoes1426.jpg,exact,test<->train,c5_1565_shoes1426.jpg
merged_test,c5_154_clothes1772.jpg,exact,test<->train,c5_1584_clothes1772.jpg
merged_test,c5_381_clothes3315.jpg,exact,test<->train,c5_1688_clothes3315.jpg
merged_test,c5_459_shoes1374.jpg,exact,test<->train,c5_1713_shoes1374.jpg
merged_test,c5_559_clothes292.jpg,exact,test<->train,c5_1813_clothes292.jpg
merged_test,c5_349_clothes2477.jpg,exact,test<->train,c5_1816_clothes2477.jpg
merged_test,c5_548_clothes618.jpg,exact,test<->train,c5_1883_clothes618.jpg
merged_test,c5_274_battery896.jpg,exact,test<->train,c5_1925_battery896.jpg
merged_test,c5_183_shoes1398.jpg,exact,test<->train,c5_1952_shoes1398.jpg
merged_test,c5_384_clothes4270.jpg,exact,test<->train,c5_1974_clothes4270.jpg
merged_test,c5_739_clothes3236.jpg,exact,test<->train,c5_1979_clothes3236.jpg
merged_test,c5_401_battery632.jpg,exact,test<->train,c5_1985_battery632.jpg
merged_test,c5_377_shoes1939.jpg,exact,test<->train,c5_2024_shoes1939.jpg
merged_test,c5_290_clothes3534.jpg,exact,test<->train,c5_2037_clothes3534.jpg
merged_test,c5_537_clothes4645.jpg,exact,test<->train,c5_2058_clothes4645.jpg
merged_test,c5_80_clothes5013.jpg,exact,test<->train,c5_2080_clothes5013.jpg
merged_test,c5_760_trash19.jpg,exact,test<->train,c5_2094_trash19.jpg
merged_test,c5_763_clothes2446.jpg,exact,test<->train,c5_2135_clothes2446.jpg
merged_test,c5_245_clothes3012.jpg,exact,test<->train,c5_2146_clothes3012.jpg
merged_test,c5_301_clothes2493.jpg,exact,test<->train,c5_2179_clothes2493.jpg
merged_test,c5_148_shoes1795.jpg,exact,test<->train,c5_2183_shoes1795.jpg
merged_test,c5_291_shoes1341.jpg,exact,test<->train,c5_220_shoes1341.jpg
merged_test,c5_390_clothes3335.jpg,exact,test<->train,c5_2261_clothes3335.jpg
merged_test,c5_37_clothes291.jpg,exact,test<->train,c5_2324_clothes291.jpg
merged_test,c5_601_clothes5319.jpg,exact,test<->train,c5_2342_clothes5319.jpg
merged_test,c5_10_clothes3240.jpg,exact,test<->train,c5_2375_clothes3240.jpg
merged_test,c5_288_clothes1127.jpg,exact,test<->train,c5_237_clothes1127.jpg
merged_test,c5_791_clothes1771.jpg,exact,test<->train,c5_2394_clothes1771.jpg
merged_test,c5_720_clothes865.jpg,exact,test<->train,c5_2427_clothes865.jpg
merged_test,c5_712_shoes319.jpg,exact,test<->train,c5_2435_shoes319.jpg
merged_test,c5_372_clothes1572.jpg,exact,test<->train,c5_2438_clothes1572.jpg
merged_test,c5_22_shoes1364.jpg,exact,test<->train,c5_2439_shoes1364.jpg
merged_test,c5_549_clothes4909.jpg,exact,test<->train,c5_2465_clothes4909.jpg
merged_test,c5_671_shoes266.jpg,exact,test<->train,c5_2499_shoes266.jpg
merged_test,c5_289_shoes1676.jpg,exact,test<->train,c5_2528_shoes1676.jpg
merged_test,c5_345_clothes2826.jpg,exact,test<->train,c5_2564_clothes2826.jpg
merged_test,c5_53_battery441.jpg,exact,test<->train,c5_2606_battery441.jpg
merged_test,c5_487_shoes857.jpg,exact,test<->train,c5_2632_shoes857.jpg
merged_test,c5_775_shoes1234.jpg,exact,test<->train,c5_2649_shoes1234.jpg
merged_test,c5_327_clothes872.jpg,exact,test<->train,c5_269_clothes872.jpg
merged_test,c5_251_shoes948.jpg,exact,test<->train,c5_2706_shoes948.jpg
merged_test,c5_160_clothes54.jpg,exact,test<->train,c5_2717_clothes54.jpg
merged_test,c5_561_clothes3863.jpg,exact,test<->train,c5_2727_clothes3863.jpg
merged_test,c5_396_clothes5280.jpg,exact,test<->train,c5_2746_clothes5280.jpg
merged_test,c5_607_clothes4239.jpg,exact,test<->train,c5_2751_clothes4239.jpg
merged_test,c5_233_shoes1936.jpg,exact,test<->train,c5_2780_shoes1936.jpg
merged_test,c5_121_clothes2523.jpg,exact,test<->train,c5_2862_clothes2523.jpg
merged_test,c5_335_trash564.jpg,exact,test<->train,c5_2877_trash564.jpg
merged_test,c5_82_clothes267.jpg,exact,test<->train,c5_2890_clothes267.jpg
merged_test,c5_339_battery847.jpg,exact,test<->train,c5_2891_battery847.jpg
merged_test,c5_400_shoes1007.jpg,exact,test<->train,c5_2948_shoes1007.jpg
merged_test,c5_234_clothes50.jpg,exact,test<->train,c5_2974_clothes50.jpg
merged_test,c5_556_trash643.jpg,exact,test<->train,c5_2987_trash643.jpg
merged_test,c5_576_clothes4711.jpg,exact,test<->train,c5_3002_clothes4711.jpg
merged_test,c5_120_clothes4538.jpg,exact,test<->train,c5_3017_clothes4538.jpg
merged_test,c5_123_clothes1783.jpg,exact,test<->train,c5_3090_clothes1783.jpg
merged_test,c5_452_clothes2418.jpg,exact,test<->train,c5_3147_clothes2418.jpg
merged_test,c5_567_shoes367.jpg,exact,test<->train,c5_3164_shoes367.jpg
merged_test,c5_679_battery332.jpg,exact,test<->train,c5_318_battery332.jpg
merged_test,c5_449_clothes4488.jpg,exact,test<->train,c5_3206_clothes4488.jpg
merged_test,c5_354_clothes4490.jpg,exact,test<->train,c5_3223_clothes4490.jpg
merged_test,c5_669_shoes96.jpg,exact,test<->train,c5_3259_shoes96.jpg
merged_test,c5_717_clothes4859.jpg,exact,test<->train,c5_3298_clothes4859.jpg
merged_test,c5_283_clothes2459.jpg,exact,test<->train,c5_3348_clothes2459.jpg
merged_test,c5_442_trash264.jpg,exact,test<->train,c5_3350_trash264.jpg
merged_test,c5_135_clothes1029.jpg,exact,test<->train,c5_3380_clothes1029.jpg
merged_test,c5_363_clothes112.jpg,exact,test<->train,c5_3401_clothes112.jpg
merged_test,c5_143_shoes633.jpg,exact,test<->train,c5_3436_shoes633.jpg
merged_test,c5_159_battery805.jpg,exact,test<->train,c5_363_battery805.jpg
merged_test,c5_273_shoes672.jpg,exact,test<->train,c5_384_shoes672.jpg
merged_test,c5_370_battery709.jpg,exact,test<->train,c5_404_battery709.jpg
merged_test,c5_316_shoes1421.jpg,exact,test<->train,c5_407_shoes1421.jpg
merged_test,c5_507_shoes284.jpg,exact,test<->train,c5_462_shoes284.jpg
merged_test,c5_227_battery122.jpg,exact,test<->train,c5_485_battery122.jpg
merged_test,c5_798_clothes4578.jpg,exact,test<->train,c5_486_clothes4578.jpg
merged_test,c5_444_shoes100.jpg,exact,test<->train,c5_4_shoes100.jpg
merged_test,c5_293_clothes4293.jpg,exact,test<->train,c5_508_clothes4293.jpg
merged_test,c5_695_clothes1946.jpg,exact,test<->train,c5_516_clothes1946.jpg
merged_test,c5_376_clothes561.jpg,exact,test<->train,c5_530_clothes561.jpg
merged_test,c5_371_clothes3735.jpg,exact,test<->train,c5_552_clothes3735.jpg
merged_test,c5_453_clothes2728.jpg,exact,test<->train,c5_587_clothes2728.jpg
merged_test,c5_650_clothes1079.jpg,exact,test<->train,c5_58_clothes1079.jpg
merged_test,c5_81_clothes1687.jpg,exact,test<->train,c5_596_clothes1687.jpg
merged_test,c5_240_clothes2037.jpg,exact,test<->train,c5_623_clothes2037.jpg
merged_test,c5_264_clothes5291.jpg,exact,test<->train,c5_639_clothes5291.jpg
merged_test,c5_74_clothes3652.jpg,exact,test<->train,c5_677_clothes3652.jpg
merged_test,c5_224_clothes785.jpg,exact,test<->train,c5_684_clothes785.jpg
merged_test,c5_308_clothes2304.jpg,exact,test<->train,c5_704_clothes2304.jpg
merged_test,c5_152_clothes248.jpg,exact,test<->train,c5_728_clothes248.jpg
merged_test,c5_748_clothes3377.jpg,exact,test<->train,c5_734_clothes3377.jpg
merged_test,c5_681_clothes1254.jpg,exact,test<->train,c5_73_clothes1254.jpg
merged_test,c5_326_shoes540.jpg,exact,test<->train,c5_802_shoes540.jpg
merged_test,c5_139_clothes3205.jpg,exact,test<->train,c5_821_clothes3205.jpg
merged_test,c5_718_clothes2129.jpg,exact,test<->train,c5_828_clothes2129.jpg
merged_test,c5_122_clothes5097.jpg,exact,test<->train,c5_840_clothes5097.jpg
merged_test,c5_71_clothes3658.jpg,exact,test<->train,c5_876_clothes3658.jpg
merged_test,c5_625_clothes4090.jpg,exact,test<->train,c5_8_clothes4090.jpg
merged_test,c5_296_clothes4317.jpg,exact,test<->train,c5_905_clothes4317.jpg
merged_test,c5_215_clothes4209.jpg,exact,test<->train,c5_940_clothes4209.jpg
merged_test,c5_196_shoes1561.jpg,exact,test<->train,c5_941_shoes1561.jpg
merged_test,c5_69_clothes4084.jpg,exact,test<->train,c5_968_clothes4084.jpg
merged_test,c5_596_shoes1239.jpg,exact,test<->train,c5_999_shoes1239.jpg
merged_test,c5_677_shoes1308.jpg,exact,test<->train,c5_9_shoes1308.jpg
merged_test,c5_678_cardboard240.jpg,exact,test<->train,c5_1028_cardboard240.jpg
merged_test,c5_677_cardboard799.jpg,exact,test<->train,c5_1042_cardboard799.jpg
merged_test,c5_292_cardboard201.jpg,exact,test<->train,c5_1043_cardboard201.jpg
merged_test,c5_199_cardboard137.jpg,exact,test<->train,c5_1055_cardboard137.jpg
merged_test,c5_202_cardboard548.jpg,exact,test<->train,c5_1056_cardboard548.jpg
merged_test,c5_345_cardboard800.jpg,exact,test<->train,c5_1058_cardboard800.jpg
merged_test,c5_243_cardboard870.jpg,exact,test<->train,c5_1070_cardboard870.jpg
merged_test,c5_701_cardboard135.jpg,exact,test<->train,c5_1090_cardboard135.jpg
merged_test,c5_646_cardboard758.jpg,exact,test<->train,c5_1092_cardboard758.jpg
merged_test,c5_342_cardboard349.jpg,exact,test<->train,c5_1101_cardboard349.jpg
merged_test,c5_239_cardboard782.jpg,exact,test<->train,c5_1119_cardboard782.jpg
merged_test,c5_661_cardboard207.jpg,exact,test<->train,c5_1122_cardboard207.jpg
merged_test,c5_761_cardboard147.jpg,exact,test<->train,c5_1130_cardboard147.jpg
merged_test,c5_645_cardboard35.jpg,exact,test<->train,c5_1148_cardboard35.jpg
merged_test,c5_585_cardboard606.jpg,exact,test<->train,c5_1178_cardboard606.jpg
merged_test,c5_143_cardboard233.jpg,exact,test<->train,c5_1181_cardboard233.jpg
merged_test,c5_537_cardboard636.jpg,exact,test<->train,c5_1187_cardboard636.jpg
merged_test,c5_235_cardboard394.jpg,exact,test<->train,c5_1198_cardboard394.jpg
merged_test,c5_309_cardboard689.jpg,exact,test<->train,c5_119_cardboard689.jpg
merged_test,c5_7_cardboard506.jpg,exact,test<->train,c5_1213_cardboard506.jpg
merged_test,c5_383_cardboard98.jpg,exact,test<->train,c5_1214_cardboard98.jpg
merged_test,c5_692_cardboard791.jpg,exact,test<->train,c5_1215_cardboard791.jpg
merged_test,c5_550_cardboard285.jpg,exact,test<->train,c5_1257_cardboard285.jpg
merged_test,c5_518_cardboard406.jpg,exact,test<->train,c5_1272_cardboard406.jpg
merged_test,c5_608_cardboard211.jpg,exact,test<->train,c5_1282_cardboard211.jpg
merged_test,c5_652_cardboard328.jpg,exact,test<->train,c5_1330_cardboard328.jpg
merged_test,c5_776_cardboard814.jpg,exact,test<->train,c5_1336_cardboard814.jpg
merged_test,c5_536_cardboard883.jpg,exact,test<->train,c5_1356_cardboard883.jpg
merged_test,c5_62_cardboard859.jpg,exact,test<->train,c5_1365_cardboard859.jpg
merged_test,c5_391_cardboard825.jpg,exact,test<->train,c5_1378_cardboard825.jpg
merged_test,c5_705_cardboard323.jpg,exact,test<->train,c5_1395_cardboard323.jpg
merged_test,c5_775_cardboard312.jpg,exact,test<->train,c5_1398_cardboard312.jpg
merged_test,c5_456_cardboard281.jpg,exact,test<->train,c5_1403_cardboard281.jpg
merged_test,c5_727_cardboard266.jpg,exact,test<->train,c5_1408_cardboard266.jpg
merged_test,c5_163_cardboard477.jpg,exact,test<->train,c5_1426_cardboard477.jpg
merged_test,c5_687_cardboard246.jpg,exact,test<->train,c5_1442_cardboard246.jpg
merged_test,c5_507_cardboard69.jpg,exact,test<->train,c5_1491_cardboard69.jpg
merged_test,c5_759_cardboard715.jpg,exact,test<->train,c5_1513_cardboard715.jpg
merged_test,c5_24_cardboard582.jpg,exact,test<->train,c5_1518_cardboard582.jpg
merged_test,c5_335_cardboard391.jpg,exact,test<->train,c5_1521_cardboard391.jpg
merged_test,c5_603_cardboard59.jpg,exact,test<->train,c5_1528_cardboard59.jpg
merged_test,c5_454_cardboard833.jpg,exact,test<->train,c5_1532_cardboard833.jpg
merged_test,c5_405_cardboard219.jpg,exact,test<->train,c5_1548_cardboard219.jpg
merged_test,c5_282_cardboard305.jpg,exact,test<->train,c5_1549_cardboard305.jpg
merged_test,c5_334_cardboard138.jpg,exact,test<->train,c5_1553_cardboard138.jpg
merged_test,c5_268_cardboard658.jpg,exact,test<->train,c5_1588_cardboard658.jpg
merged_test,c5_422_cardboard553.jpg,exact,test<->train,c5_160_cardboard553.jpg
merged_test,c5_772_cardboard375.jpg,exact,test<->train,c5_1615_cardboard375.jpg
merged_test,c5_159_cardboard687.jpg,exact,test<->train,c5_1617_cardboard687.jpg
merged_test,c5_265_cardboard538.jpg,exact,test<->train,c5_1619_cardboard538.jpg
merged_test,c5_358_cardboard628.jpg,exact,test<->train,c5_1625_cardboard628.jpg
merged_test,c5_321_cardboard134.jpg,exact,test<->train,c5_1632_cardboard134.jpg
merged_test,c5_640_cardboard441.jpg,exact,test<->train,c5_1647_cardboard441.jpg
merged_test,c5_52_cardboard742.jpg,exact,test<->train,c5_1654_cardboard742.jpg
merged_test,c5_481_cardboard91.jpg,exact,test<->train,c5_1662_cardboard91.jpg
merged_test,c5_1_cardboard581.jpg,exact,test<->train,c5_1663_cardboard581.jpg
merged_test,c5_217_cardboard346.jpg,exact,test<->train,c5_1665_cardboard346.jpg
merged_test,c5_381_cardboard283.jpg,exact,test<->train,c5_1670_cardboard283.jpg
merged_test,c5_524_cardboard229.jpg,exact,test<->train,c5_1686_cardboard229.jpg
merged_test,c5_289_cardboard622.jpg,exact,test<->train,c5_1712_cardboard622.jpg
merged_test,c5_498_cardboard150.jpg,exact,test<->train,c5_1715_cardboard150.jpg
merged_test,c5_296_cardboard418.jpg,exact,test<->train,c5_1734_cardboard418.jpg
merged_test,c5_434_cardboard279.jpg,exact,test<->train,c5_173_cardboard279.jpg
merged_test,c5_400_cardboard873.jpg,exact,test<->train,c5_1747_cardboard873.jpg
merged_test,c5_449_cardboard438.jpg,exact,test<->train,c5_1758_cardboard438.jpg
merged_test,c5_436_cardboard446.jpg,exact,test<->train,c5_1761_cardboard446.jpg
merged_test,c5_637_cardboard577.jpg,exact,test<->train,c5_1764_cardboard577.jpg
merged_test,c5_659_cardboard364.jpg,exact,test<->train,c5_1776_cardboard364.jpg
merged_test,c5_319_cardboard284.jpg,exact,test<->train,c5_1778_cardboard284.jpg
merged_test,c5_51_cardboard78.jpg,exact,test<->train,c5_1828_cardboard78.jpg
merged_test,c5_95_cardboard428.jpg,exact,test<->train,c5_1840_cardboard428.jpg
merged_test,c5_521_cardboard551.jpg,exact,test<->train,c5_1842_cardboard551.jpg
merged_test,c5_346_cardboard637.jpg,exact,test<->train,c5_1843_cardboard637.jpg
merged_test,c5_186_cardboard12.jpg,exact,test<->train,c5_1852_cardboard12.jpg
merged_test,c5_290_cardboard596.jpg,exact,test<->train,c5_1875_cardboard596.jpg
merged_test,c5_77_cardboard486.jpg,exact,test<->train,c5_1894_cardboard486.jpg
merged_test,c5_185_cardboard549.jpg,exact,test<->train,c5_1912_cardboard549.jpg
merged_test,c5_152_cardboard250.jpg,exact,test<->train,c5_1932_cardboard250.jpg
merged_test,c5_376_cardboard478.jpg,exact,test<->train,c5_1944_cardboard478.jpg
merged_test,c5_685_cardboard739.jpg,exact,test<->train,c5_1971_cardboard739.jpg
merged_test,c5_738_cardboard171.jpg,exact,test<->train,c5_1975_cardboard171.jpg
merged_test,c5_593_cardboard839.jpg,exact,test<->train,c5_1987_cardboard839.jpg
merged_test,c5_636_cardboard768.jpg,exact,test<->train,c5_1990_cardboard768.jpg
merged_test,c5_708_cardboard572.jpg,exact,test<->train,c5_1992_cardboard572.jpg
merged_test,c5_621_cardboard809.jpg,exact,test<->train,c5_1993_cardboard809.jpg
merged_test,c5_785_cardboard360.jpg,exact,test<->train,c5_2003_cardboard360.jpg
merged_test,c5_489_cardboard482.jpg,exact,test<->train,c5_2009_cardboard482.jpg
merged_test,c5_597_cardboard779.jpg,exact,test<->train,c5_2021_cardboard779.jpg
merged_test,c5_38_cardboard624.jpg,exact,test<->train,c5_2060_cardboard624.jpg
merged_test,c5_728_cardboard789.jpg,exact,test<->train,c5_2068_cardboard789.jpg
merged_test,c5_312_cardboard705.jpg,exact,test<->train,c5_2072_cardboard705.jpg
merged_test,c5_353_cardboard749.jpg,exact,test<->train,c5_2077_cardboard749.jpg
merged_test,c5_583_cardboard843.jpg,exact,test<->train,c5_2084_cardboard843.jpg
merged_test,c5_549_cardboard465.jpg,exact,test<->train,c5_208_cardboard465.jpg
merged_test,c5_754_cardboard261.jpg,exact,test<->train,c5_2097_cardboard261.jpg
merged_test,c5_100_cardboard524.jpg,exact,test<->train,c5_2101_cardboard524.jpg
merged_test,c5_11_cardboard831.jpg,exact,test<->train,c5_2105_cardboard831.jpg
merged_test,c5_221_cardboard419.jpg,exact,test<->train,c5_2109_cardboard419.jpg
merged_test,c5_439_cardboard186.jpg,exact,test<->train,c5_2118_cardboard186.jpg
merged_test,c5_332_cardboard272.jpg,exact,test<->train,c5_2127_cardboard272.jpg
merged_test,c5_175_cardboard276.jpg,exact,test<->train,c5_2128_cardboard276.jpg
merged_test,c5_441_cardboard796.jpg,exact,test<->train,c5_2133_cardboard796.jpg
merged_test,c5_558_cardboard661.jpg,exact,test<->train,c5_2148_cardboard661.jpg
merged_test,c5_695_cardboard844.jpg,exact,test<->train,c5_214_cardboard844.jpg
merged_test,c5_680_cardboard447.jpg,exact,test<->train,c5_2170_cardboard447.jpg
merged_test,c5_256_cardboard244.jpg,exact,test<->train,c5_2174_cardboard244.jpg
merged_test,c5_361_cardboard50.jpg,exact,test<->train,c5_2176_cardboard50.jpg
merged_test,c5_527_cardboard512.jpg,exact,test<->train,c5_2180_cardboard512.jpg
merged_test,c5_634_cardboard118.jpg,exact,test<->train,c5_218_cardboard118.jpg
merged_test,c5_656_cardboard682.jpg,exact,test<->train,c5_2193_cardboard682.jpg
merged_test,c5_651_cardboard304.jpg,exact,test<->train,c5_2195_cardboard304.jpg
merged_test,c5_305_cardboard322.jpg,exact,test<->train,c5_2215_cardboard322.jpg
merged_test,c5_10_cardboard206.jpg,exact,test<->train,c5_2219_cardboard206.jpg
merged_test,c5_517_cardboard540.jpg,exact,test<->train,c5_224_cardboard540.jpg
merged_test,c5_382_cardboard573.jpg,exact,test<->train,c5_2250_cardboard573.jpg
merged_test,c5_795_cardboard72.jpg,exact,test<->train,c5_2251_cardboard72.jpg
merged_test,c5_114_cardboard619.jpg,exact,test<->train,c5_2263_cardboard619.jpg
merged_test,c5_729_cardboard748.jpg,exact,test<->train,c5_2286_cardboard748.jpg
merged_test,c5_620_cardboard840.jpg,exact,test<->train,c5_228_cardboard840.jpg
merged_test,c5_760_cardboard479.jpg,exact,test<->train,c5_2293_cardboard479.jpg
merged_test,c5_96_cardboard308.jpg,exact,test<->train,c5_2302_cardboard308.jpg
merged_test,c5_340_cardboard132.jpg,exact,test<->train,c5_2304_cardboard132.jpg
merged_test,c5_462_cardboard371.jpg,exact,test<->train,c5_2328_cardboard371.jpg
merged_test,c5_741_cardboard878.jpg,exact,test<->train,c5_2329_cardboard878.jpg
merged_test,c5_58_cardboard111.jpg,exact,test<->train,c5_2339_cardboard111.jpg
merged_test,c5_286_cardboard88.jpg,exact,test<->train,c5_2347_cardboard88.jpg
merged_test,c5_606_cardboard33.jpg,exact,test<->train,c5_2365_cardboard33.jpg
merged_test,c5_496_cardboard754.jpg,exact,test<->train,c5_2374_cardboard754.jpg
merged_test,c5_737_cardboard222.jpg,exact,test<->train,c5_2381_cardboard222.jpg
merged_test,c5_301_cardboard235.jpg,exact,test<->train,c5_2382_cardboard235.jpg
merged_test,c5_644_cardboard29.jpg,exact,test<->train,c5_2386_cardboard29.jpg
merged_test,c5_595_cardboard270.jpg,exact,test<->train,c5_2387_cardboard270.jpg
merged_test,c5_734_cardboard8.jpg,exact,test<->train,c5_2388_cardboard8.jpg
merged_test,c5_697_cardboard355.jpg,exact,test<->train,c5_2399_cardboard355.jpg
merged_test,c5_519_cardboard889.jpg,exact,test<->train,c5_239_cardboard889.jpg
merged_test,c5_557_cardboard231.jpg,exact,test<->train,c5_2405_cardboard231.jpg
merged_test,c5_393_cardboard326.jpg,exact,test<->train,c5_2406_cardboard326.jpg
merged_test,c5_367_cardboard316.jpg,exact,test<->train,c5_2429_cardboard316.jpg
merged_test,c5_63_cardboard497.jpg,exact,test<->train,c5_2449_cardboard497.jpg
merged_test,c5_538_cardboard140.jpg,exact,test<->train,c5_2463_cardboard140.jpg
merged_test,c5_546_cardboard813.jpg,exact,test<->train,c5_2465_cardboard813.jpg
merged_test,c5_467_cardboard552.jpg,exact,test<->train,c5_2467_cardboard552.jpg
merged_test,c5_180_cardboard260.jpg,exact,test<->train,c5_2480_cardboard260.jpg
merged_test,c5_48_cardboard293.jpg,exact,test<->train,c5_2481_cardboard293.jpg
merged_test,c5_715_cardboard251.jpg,exact,test<->train,c5_2485_cardboard251.jpg
merged_test,c5_485_cardboard823.jpg,exact,test<->train,c5_2489_cardboard823.jpg
merged_test,c5_796_cardboard790.jpg,exact,test<->train,c5_2503_cardboard790.jpg
merged_test,c5_291_cardboard16.jpg,exact,test<->train,c5_2513_cardboard16.jpg
merged_test,c5_499_cardboard452.jpg,exact,test<->train,c5_2524_cardboard452.jpg
merged_test,c5_704_cardboard544.jpg,exact,test<->train,c5_2531_cardboard544.jpg
merged_test,c5_49_cardboard210.jpg,exact,test<->train,c5_2532_cardboard210.jpg
merged_test,c5_366_cardboard464.jpg,exact,test<->train,c5_2540_cardboard464.jpg
merged_test,c5_278_cardboard474.jpg,exact,test<->train,c5_2582_cardboard474.jpg
merged_test,c5_44_cardboard761.jpg,exact,test<->train,c5_2595_cardboard761.jpg
merged_test,c5_416_cardboard509.jpg,exact,test<->train,c5_2605_cardboard509.jpg
merged_test,c5_474_cardboard797.jpg,exact,test<->train,c5_2610_cardboard797.jpg
merged_test,c5_648_cardboard852.jpg,exact,test<->train,c5_2645_cardboard852.jpg
merged_test,c5_326_cardboard621.jpg,exact,test<->train,c5_2657_cardboard621.jpg
merged_test,c5_594_cardboard353.jpg,exact,test<->train,c5_2672_cardboard353.jpg
merged_test,c5_578_cardboard735.jpg,exact,test<->train,c5_267_cardboard735.jpg
merged_test,c5_251_cardboard657.jpg,exact,test<->train,c5_268_cardboard657.jpg
merged_test,c5_174_cardboard666.jpg,exact,test<->train,c5_2714_cardboard666.jpg
merged_test,c5_457_cardboard329.jpg,exact,test<->train,c5_2715_cardboard329.jpg
merged_test,c5_664_cardboard415.jpg,exact,test<->train,c5_2722_cardboard415.jpg
merged_test,c5_247_cardboard811.jpg,exact,test<->train,c5_2729_cardboard811.jpg
merged_test,c5_14_cardboard181.jpg,exact,test<->train,c5_2731_cardboard181.jpg
merged_test,c5_554_cardboard223.jpg,exact,test<->train,c5_2739_cardboard223.jpg
merged_test,c5_123_cardboard90.jpg,exact,test<->train,c5_2746_cardboard90.jpg
merged_test,c5_667_cardboard762.jpg,exact,test<->train,c5_2756_cardboard762.jpg
merged_test,c5_209_cardboard473.jpg,exact,test<->train,c5_2757_cardboard473.jpg
merged_test,c5_222_cardboard467.jpg,exact,test<->train,c5_2767_cardboard467.jpg
merged_test,c5_561_cardboard743.jpg,exact,test<->train,c5_2790_cardboard743.jpg
merged_test,c5_735_cardboard7.jpg,exact,test<->train,c5_279_cardboard7.jpg
merged_test,c5_631_cardboard625.jpg,exact,test<->train,c5_2801_cardboard625.jpg
merged_test,c5_373_cardboard434.jpg,exact,test<->train,c5_2806_cardboard434.jpg
merged_test,c5_649_cardboard673.jpg,exact,test<->train,c5_2822_cardboard673.jpg
merged_test,c5_791_cardboard311.jpg,exact,test<->train,c5_2842_cardboard311.jpg
merged_test,c5_565_cardboard680.jpg,exact,test<->train,c5_2851_cardboard680.jpg
merged_test,c5_722_cardboard354.jpg,exact,test<->train,c5_2857_cardboard354.jpg
merged_test,c5_497_cardboard678.jpg,exact,test<->train,c5_286_cardboard678.jpg
merged_test,c5_572_cardboard236.jpg,exact,test<->train,c5_2876_cardboard236.jpg
merged_test,c5_500_cardboard496.jpg,exact,test<->train,c5_2902_cardboard496.jpg
merged_test,c5_528_cardboard630.jpg,exact,test<->train,c5_2925_cardboard630.jpg
merged_test,c5_236_cardboard783.jpg,exact,test<->train,c5_2934_cardboard783.jpg
merged_test,c5_473_cardboard148.jpg,exact,test<->train,c5_2948_cardboard148.jpg
merged_test,c5_33_cardboard105.jpg,exact,test<->train,c5_2960_cardboard105.jpg
merged_test,c5_751_cardboard455.jpg,exact,test<->train,c5_2962_cardboard455.jpg
merged_test,c5_161_cardboard386.jpg,exact,test<->train,c5_2975_cardboard386.jpg
merged_test,c5_323_cardboard330.jpg,exact,test<->train,c5_2995_cardboard330.jpg
merged_test,c5_61_cardboard95.jpg,exact,test<->train,c5_2997_cardboard95.jpg
merged_test,c5_125_cardboard776.jpg,exact,test<->train,c5_3029_cardboard776.jpg
merged_test,c5_352_cardboard559.jpg,exact,test<->train,c5_3088_cardboard559.jpg
merged_test,c5_390_cardboard677.jpg,exact,test<->train,c5_3100_cardboard677.jpg
merged_test,c5_273_cardboard753.jpg,exact,test<->train,c5_311_cardboard753.jpg
merged_test,c5_214_cardboard806.jpg,exact,test<->train,c5_3132_cardboard806.jpg
merged_test,c5_76_cardboard731.jpg,exact,test<->train,c5_3146_cardboard731.jpg
merged_test,c5_263_cardboard376.jpg,exact,test<->train,c5_3159_cardboard376.jpg
merged_test,c5_533_cardboard763.jpg,exact,test<->train,c5_3160_cardboard763.jpg
merged_test,c5_432_cardboard752.jpg,exact,test<->train,c5_3165_cardboard752.jpg
merged_test,c5_78_cardboard556.jpg,exact,test<->train,c5_3170_cardboard556.jpg
merged_test,c5_782_cardboard696.jpg,exact,test<->train,c5_3186_cardboard696.jpg
merged_test,c5_226_cardboard309.jpg,exact,test<->train,c5_31_cardboard309.jpg
merged_test,c5_420_cardboard483.jpg,exact,test<->train,c5_320_cardboard483.jpg
merged_test,c5_488_cardboard750.jpg,exact,test<->train,c5_322_cardboard750.jpg
merged_test,c5_228_cardboard717.jpg,exact,test<->train,c5_3230_cardboard717.jpg
merged_test,c5_303_cardboard820.jpg,exact,test<->train,c5_323_cardboard820.jpg
merged_test,c5_162_cardboard585.jpg,exact,test<->train,c5_3250_cardboard585.jpg
merged_test,c5_225_cardboard25.jpg,exact,test<->train,c5_326_cardboard25.jpg
merged_test,c5_703_cardboard788.jpg,exact,test<->train,c5_3279_cardboard788.jpg
merged_test,c5_365_cardboard854.jpg,exact,test<->train,c5_3282_cardboard854.jpg
merged_test,c5_362_cardboard876.jpg,exact,test<->train,c5_3284_cardboard876.jpg
merged_test,c5_421_cardboard196.jpg,exact,test<->train,c5_3294_cardboard196.jpg
merged_test,c5_107_cardboard634.jpg,exact,test<->train,c5_3311_cardboard634.jpg
merged_test,c5_749_cardboard692.jpg,exact,test<->train,c5_3324_cardboard692.jpg
merged_test,c5_587_cardboard53.jpg,exact,test<->train,c5_3334_cardboard53.jpg
merged_test,c5_84_cardboard845.jpg,exact,test<->train,c5_333_cardboard845.jpg
merged_test,c5_140_cardboard67.jpg,exact,test<->train,c5_3359_cardboard67.jpg
merged_test,c5_525_cardboard508.jpg,exact,test<->train,c5_3361_cardboard508.jpg
merged_test,c5_719_cardboard117.jpg,exact,test<->train,c5_3391_cardboard117.jpg
merged_test,c5_660_cardboard468.jpg,exact,test<->train,c5_3412_cardboard468.jpg
merged_test,c5_331_cardboard288.jpg,exact,test<->train,c5_3413_cardboard288.jpg
merged_test,c5_555_cardboard294.jpg,exact,test<->train,c5_37_cardboard294.jpg
merged_test,c5_227_cardboard507.jpg,exact,test<->train,c5_383_cardboard507.jpg
merged_test,c5_442_cardboard79.jpg,exact,test<->train,c5_394_cardboard79.jpg
merged_test,c5_745_cardboard650.jpg,exact,test<->train,c5_410_cardboard650.jpg
merged_test,c5_700_cardboard764.jpg,exact,test<->train,c5_446_cardboard764.jpg
merged_test,c5_733_cardboard290.jpg,exact,test<->train,c5_450_cardboard290.jpg
merged_test,c5_93_cardboard835.jpg,exact,test<->train,c5_47_cardboard835.jpg
merged_test,c5_609_cardboard495.jpg,exact,test<->train,c5_481_cardboard495.jpg
merged_test,c5_26_cardboard599.jpg,exact,test<->train,c5_487_cardboard599.jpg
merged_test,c5_740_cardboard545.jpg,exact,test<->train,c5_4_cardboard545.jpg
merged_test,c5_203_cardboard120.jpg,exact,test<->train,c5_507_cardboard120.jpg
merged_test,c5_624_cardboard60.jpg,exact,test<->train,c5_51_cardboard60.jpg
merged_test,c5_179_cardboard729.jpg,exact,test<->train,c5_528_cardboard729.jpg
merged_test,c5_205_cardboard358.jpg,exact,test<->train,c5_558_cardboard358.jpg
merged_test,c5_612_cardboard485.jpg,exact,test<->train,c5_568_cardboard485.jpg
merged_test,c5_272_cardboard484.jpg,exact,test<->train,c5_581_cardboard484.jpg
merged_test,c5_723_cardboard611.jpg,exact,test<->train,c5_584_cardboard611.jpg
merged_test,c5_799_cardboard172.jpg,exact,test<->train,c5_594_cardboard172.jpg
merged_test,c5_539_cardboard401.jpg,exact,test<->train,c5_596_cardboard401.jpg
merged_test,c5_341_cardboard177.jpg,exact,test<->train,c5_602_cardboard177.jpg
merged_test,c5_172_cardboard703.jpg,exact,test<->train,c5_604_cardboard703.jpg
merged_test,c5_429_cardboard344.jpg,exact,test<->train,c5_626_cardboard344.jpg
merged_test,c5_280_cardboard127.jpg,exact,test<->train,c5_633_cardboard127.jpg
merged_test,c5_673_cardboard166.jpg,exact,test<->train,c5_634_cardboard166.jpg
merged_test,c5_526_cardboard168.jpg,exact,test<->train,c5_635_cardboard168.jpg
merged_test,c5_197_cardboard420.jpg,exact,test<->train,c5_64_cardboard420.jpg
merged_test,c5_285_cardboard_test_0447.jpg,exact,test<->train,c5_656_cardboard_train_1488.jpg
merged_test,c5_41_cardboard614.jpg,exact,test<->train,c5_659_cardboard614.jpg
merged_test,c5_356_cardboard99.jpg,exact,test<->train,c5_703_cardboard99.jpg
merged_test,c5_602_cardboard425.jpg,exact,test<->train,c5_710_cardboard425.jpg
merged_test,c5_169_cardboard726.jpg,exact,test<->train,c5_734_cardboard726.jpg
merged_test,c5_486_cardboard543.jpg,exact,test<->train,c5_746_cardboard543.jpg
merged_test,c5_471_cardboard558.jpg,exact,test<->train,c5_759_cardboard558.jpg
merged_test,c5_149_cardboard100.jpg,exact,test<->train,c5_7_cardboard100.jpg
merged_test,c5_530_cardboard589.jpg,exact,test<->train,c5_801_cardboard589.jpg
merged_test,c5_82_cardboard688.jpg,exact,test<->train,c5_823_cardboard688.jpg
merged_test,c5_779_cardboard32.jpg,exact,test<->train,c5_82_cardboard32.jpg
merged_test,c5_682_cardboard586.jpg,exact,test<->train,c5_830_cardboard586.jpg
merged_test,c5_223_cardboard202.jpg,exact,test<->train,c5_848_cardboard202.jpg
merged_test,c5_630_cardboard_test_0253.jpg,exact,test<->train,c5_84_cardboard_train_0370.jpg
merged_test,c5_71_cardboard541.jpg,exact,test<->train,c5_870_cardboard541.jpg
merged_test,c5_731_cardboard522.jpg,exact,test<->train,c5_880_cardboard522.jpg
merged_test,c5_237_cardboard48.jpg,exact,test<->train,c5_882_cardboard48.jpg
merged_test,c5_514_cardboard891.jpg,exact,test<->train,c5_886_cardboard891.jpg
merged_test,c5_792_cardboard536.jpg,exact,test<->train,c5_894_cardboard536.jpg
merged_test,c5_325_cardboard513.jpg,exact,test<->train,c5_89_cardboard513.jpg
merged_test,c5_714_cardboard289.jpg,exact,test<->train,c5_901_cardboard289.jpg
merged_test,c5_781_cardboard694.jpg,exact,test<->train,c5_903_cardboard694.jpg
merged_test,c5_563_cardboard877.jpg,exact,test<->train,c5_906_cardboard877.jpg
merged_test,c5_155_cardboard133.jpg,exact,test<->train,c5_936_cardboard133.jpg
merged_test,c5_580_cardboard200.jpg,exact,test<->train,c5_942_cardboard200.jpg
merged_test,c5_755_cardboard264.jpg,exact,test<->train,c5_953_cardboard264.jpg
merged_test,c5_773_cardboard490.jpg,exact,test<->train,c5_95_cardboard490.jpg
merged_test,c5_452_cardboard838.jpg,exact,test<->train,c5_962_cardboard838.jpg
merged_test,c5_579_cardboard461.jpg,exact,test<->train,c5_983_cardboard461.jpg
merged_test,c5_0_cardboard855.jpg,exact,test<->train,c5_984_cardboard855.jpg
merged_test,c5_691_cardboard886.jpg,exact,test<->train,c5_986_cardboard886.jpg
merged_test,c5_725_cardboard393.jpg,exact,test<->train,c5_991_cardboard393.jpg
merged_test,c5_491_cardboard24.jpg,exact,test<->train,c5_997_cardboard24.jpg
merged_test,c5_296_white-glass765.jpg,exact,test<->train,c5_0_white-glass765.jpg
merged_test,c5_148_white-glass430.jpg,exact,test<->train,c5_1000_white-glass430.jpg
merged_test,c5_496_white-glass210.jpg,exact,test<->train,c5_100_white-glass210.jpg
merged_test,c5_615_brown-glass211.jpg,exact,test<->train,c5_1020_brown-glass211.jpg
merged_test,c5_516_brown-glass249.jpg,exact,test<->train,c5_1030_brown-glass249.jpg
merged_test,c5_237_brown-glass103.jpg,exact,test<->train,c5_1054_brown-glass103.jpg
merged_test,c5_712_white-glass353.jpg,exact,test<->train,c5_1056_white-glass353.jpg
merged_test,c5_799_green-glass173.jpg,exact,test<->train,c5_1066_green-glass173.jpg
merged_test,c5_612_brown-glass498.jpg,exact,test<->train,c5_1085_brown-glass498.jpg
merged_test,c5_427_green-glass544.jpg,exact,test<->train,c5_10_green-glass471.jpg
merged_test,c5_275_green-glass13.jpg,exact,test<->train,c5_1119_green-glass13.jpg
merged_test,c5_616_brown-glass431.jpg,exact,test<->train,c5_1134_brown-glass431.jpg
merged_test,c5_80_green-glass81.jpg,exact,test<->train,c5_1164_green-glass81.jpg
merged_test,c5_537_white-glass625.jpg,exact,test<->train,c5_1192_white-glass625.jpg
merged_test,c5_703_white-glass659.jpg,exact,test<->train,c5_1204_white-glass659.jpg
merged_test,c5_290_green-glass43.jpg,exact,test<->train,c5_1221_green-glass43.jpg
merged_test,c5_197_green-glass564.jpg,exact,test<->train,c5_1222_green-glass403.jpg
merged_test,c5_353_plastic159.jpg,exact,test<->train,c5_1247_white-glass129.jpg
merged_test,c5_399_white-glass386.jpg,exact,test<->train,c5_124_white-glass386.jpg
merged_test,c5_598_white-glass420.jpg,exact,test<->train,c5_1250_white-glass420.jpg
merged_test,c5_642_green-glass537.jpg,exact,test<->train,c5_1264_green-glass537.jpg
merged_test,c5_307_green-glass532.jpg,exact,test<->train,c5_1267_green-glass532.jpg
merged_test,c5_311_green-glass17.jpg,exact,test<->train,c5_126_green-glass17.jpg
merged_test,c5_576_white-glass237.jpg,exact,test<->train,c5_1298_white-glass237.jpg
merged_test,c5_619_green-glass587.jpg,exact,test<->train,c5_1305_green-glass587.jpg
merged_test,c5_714_green-glass64.jpg,exact,test<->train,c5_1320_green-glass64.jpg
merged_test,c5_358_brown-glass447.jpg,exact,test<->train,c5_1339_brown-glass447.jpg
merged_test,c5_111_white-glass730.jpg,exact,test<->train,c5_1343_white-glass730.jpg
merged_test,c5_255_brown-glass55.jpg,exact,test<->train,c5_1347_brown-glass55.jpg
merged_test,c5_110_white-glass477.jpg,exact,test<->train,c5_1359_white-glass477.jpg
merged_test,c5_745_brown-glass475.jpg,exact,test<->train,c5_1369_brown-glass475.jpg
merged_test,c5_637_white-glass711.jpg,exact,test<->train,c5_1381_white-glass711.jpg
merged_test,c5_572_brown-glass49.jpg,exact,test<->train,c5_1397_brown-glass49.jpg
merged_test,c5_211_brown-glass145.jpg,exact,test<->train,c5_1406_brown-glass145.jpg
merged_test,c5_464_white-glass750.jpg,exact,test<->train,c5_1408_white-glass750.jpg
merged_test,c5_485_white-glass19.jpg,exact,test<->train,c5_1426_white-glass19.jpg
merged_test,c5_181_brown-glass153.jpg,exact,test<->train,c5_1427_brown-glass153.jpg
merged_test,c5_708_brown-glass319.jpg,exact,test<->train,c5_1430_brown-glass319.jpg
merged_test,c5_571_brown-glass221.jpg,exact,test<->train,c5_1441_brown-glass221.jpg
merged_test,c5_738_brown-glass244.jpg,exact,test<->train,c5_1478_brown-glass244.jpg
merged_test,c5_621_white-glass689.jpg,exact,test<->train,c5_1505_white-glass689.jpg
merged_test,c5_499_green-glass408.jpg,exact,test<->train,c5_1529_green-glass408.jpg
merged_test,c5_191_white-glass522.jpg,exact,test<->train,c5_152_white-glass522.jpg
merged_test,c5_303_brown-glass411.jpg,exact,test<->train,c5_1541_brown-glass411.jpg
merged_test,c5_727_green-glass80.jpg,exact,test<->train,c5_1545_green-glass80.jpg
merged_test,c5_544_brown-glass482.jpg,exact,test<->train,c5_1552_brown-glass482.jpg
merged_test,c5_285_white-glass610.jpg,exact,test<->train,c5_1567_white-glass610.jpg
merged_test,c5_254_brown-glass291.jpg,exact,test<->train,c5_1575_brown-glass291.jpg
merged_test,c5_636_white-glass206.jpg,exact,test<->train,c5_157_white-glass206.jpg
merged_test,c5_215_green-glass141.jpg,exact,test<->train,c5_1596_green-glass141.jpg
merged_test,c5_412_white-glass756.jpg,exact,test<->train,c5_1600_white-glass756.jpg
merged_test,c5_209_brown-glass545.jpg,exact,test<->train,c5_1603_brown-glass545.jpg
merged_test,c5_261_white-glass587.jpg,exact,test<->train,c5_1609_white-glass587.jpg
merged_test,c5_165_white-glass641.jpg,exact,test<->train,c5_160_white-glass641.jpg
merged_test,c5_132_green-glass1.jpg,exact,test<->train,c5_1612_green-glass1.jpg
merged_test,c5_15_white-glass773.jpg,exact,test<->train,c5_161_white-glass773.jpg
merged_test,c5_404_white-glass621.jpg,exact,test<->train,c5_1642_white-glass621.jpg
merged_test,c5_635_white-glass167.jpg,exact,test<->train,c5_1652_white-glass167.jpg
merged_test,c5_455_brown-glass445.jpg,exact,test<->train,c5_1674_brown-glass445.jpg
merged_test,c5_460_green-glass439.jpg,exact,test<->train,c5_16_green-glass439.jpg
merged_test,c5_520_white-glass557.jpg,exact,test<->train,c5_1744_white-glass557.jpg
merged_test,c5_493_brown-glass356.jpg,exact,test<->train,c5_1756_brown-glass356.jpg
merged_test,c5_721_brown-glass226.jpg,exact,test<->train,c5_1761_brown-glass226.jpg
merged_test,c5_564_white-glass699.jpg,exact,test<->train,c5_1772_white-glass699.jpg
merged_test,c5_575_white-glass306.jpg,exact,test<->train,c5_1779_white-glass306.jpg
merged_test,c5_353_white-glass735.jpg,exact,test<->train,c5_1788_white-glass735.jpg
merged_test,c5_523_brown-glass457.jpg,exact,test<->train,c5_1807_brown-glass457.jpg
merged_test,c5_627_brown-glass74.jpg,exact,test<->train,c5_1814_brown-glass74.jpg
merged_test,c5_91_brown-glass556.jpg,exact,test<->train,c5_1820_brown-glass556.jpg
merged_test,c5_42_white-glass474.jpg,exact,test<->train,c5_1842_white-glass474.jpg
merged_test,c5_92_brown-glass99.jpg,exact,test<->train,c5_1846_brown-glass99.jpg
merged_test,c5_300_brown-glass127.jpg,exact,test<->train,c5_1859_brown-glass127.jpg
merged_test,c5_259_green-glass425.jpg,exact,test<->train,c5_1869_green-glass425.jpg
merged_test,c5_82_green-glass287.jpg,exact,test<->train,c5_186_green-glass287.jpg
merged_test,c5_364_brown-glass387.jpg,exact,test<->train,c5_1876_brown-glass387.jpg
merged_test,c5_470_white-glass771.jpg,exact,test<->train,c5_1877_white-glass771.jpg
merged_test,c5_684_white-glass24.jpg,exact,test<->train,c5_1880_white-glass24.jpg
merged_test,c5_601_white-glass559.jpg,exact,test<->train,c5_1891_white-glass559.jpg
merged_test,c5_782_green-glass4.jpg,exact,test<->train,c5_1906_green-glass4.jpg
merged_test,c5_775_white-glass375.jpg,exact,test<->train,c5_192_white-glass375.jpg
merged_test,c5_139_green-glass29.jpg,exact,test<->train,c5_1971_green-glass29.jpg
merged_test,c5_583_brown-glass480.jpg,exact,test<->train,c5_1979_brown-glass480.jpg
merged_test,c5_652_white-glass646.jpg,exact,test<->train,c5_1984_white-glass646.jpg
merged_test,c5_624_brown-glass12.jpg,exact,test<->train,c5_1987_brown-glass12.jpg
merged_test,c5_614_brown-glass593.jpg,exact,test<->train,c5_1994_brown-glass593.jpg
merged_test,c5_789_brown-glass90.jpg,exact,test<->train,c5_1997_brown-glass90.jpg
merged_test,c5_23_white-glass204.jpg,exact,test<->train,c5_1998_white-glass204.jpg
merged_test,c5_709_brown-glass217.jpg,exact,test<->train,c5_2007_brown-glass217.jpg
merged_test,c5_84_brown-glass403.jpg,exact,test<->train,c5_2028_brown-glass403.jpg
merged_test,c5_458_green-glass501.jpg,exact,test<->train,c5_204_green-glass501.jpg
merged_test,c5_46_green-glass194.jpg,exact,test<->train,c5_2056_green-glass194.jpg
merged_test,c5_395_green-glass192.jpg,exact,test<->train,c5_2065_green-glass192.jpg
merged_test,c5_343_green-glass68.jpg,exact,test<->train,c5_2072_green-glass68.jpg
merged_test,c5_622_brown-glass159.jpg,exact,test<->train,c5_2079_brown-glass159.jpg
merged_test,c5_528_white-glass578.jpg,exact,test<->train,c5_2116_white-glass578.jpg
merged_test,c5_509_brown-glass596.jpg,exact,test<->train,c5_2119_brown-glass596.jpg
merged_test,c5_561_brown-glass280.jpg,exact,test<->train,c5_2142_brown-glass280.jpg
merged_test,c5_403_green-glass565.jpg,exact,test<->train,c5_2163_green-glass449.jpg
merged_test,c5_549_green-glass77.jpg,exact,test<->train,c5_2169_green-glass77.jpg
merged_test,c5_705_white-glass51.jpg,exact,test<->train,c5_2171_white-glass51.jpg
merged_test,c5_420_green-glass189.jpg,exact,test<->train,c5_2180_green-glass189.jpg
merged_test,c5_291_green-glass437.jpg,exact,test<->train,c5_2183_green-glass437.jpg
merged_test,c5_608_white-glass531.jpg,exact,test<->train,c5_2191_white-glass531.jpg
merged_test,c5_279_green-glass123.jpg,exact,test<->train,c5_2194_green-glass123.jpg
merged_test,c5_26_brown-glass222.jpg,exact,test<->train,c5_2196_brown-glass222.jpg
merged_test,c5_168_white-glass637.jpg,exact,test<->train,c5_2198_white-glass637.jpg
merged_test,c5_37_white-glass774.jpg,exact,test<->train,c5_2199_white-glass774.jpg
merged_test,c5_202_white-glass62.jpg,exact,test<->train,c5_2201_white-glass62.jpg
merged_test,c5_503_brown-glass570.jpg,exact,test<->train,c5_2204_brown-glass570.jpg
merged_test,c5_796_white-glass335.jpg,exact,test<->train,c5_2214_white-glass335.jpg
merged_test,c5_551_green-glass480.jpg,exact,test<->train,c5_2232_green-glass480.jpg
merged_test,c5_184_brown-glass474.jpg,exact,test<->train,c5_2238_brown-glass474.jpg
merged_test,c5_671_brown-glass563.jpg,exact,test<->train,c5_2253_brown-glass563.jpg
merged_test,c5_534_brown-glass454.jpg,exact,test<->train,c5_2261_brown-glass454.jpg
merged_test,c5_790_green-glass317.jpg,exact,test<->train,c5_2280_green-glass317.jpg
merged_test,c5_10_green-glass202.jpg,exact,test<->train,c5_2281_green-glass202.jpg
merged_test,c5_146_white-glass431.jpg,exact,test<->train,c5_2288_white-glass431.jpg
merged_test,c5_422_white-glass182.jpg,exact,test<->train,c5_2297_white-glass182.jpg
merged_test,c5_263_white-glass490.jpg,exact,test<->train,c5_2316_white-glass490.jpg
merged_test,c5_170_white-glass152.jpg,exact,test<->train,c5_2320_white-glass152.jpg
merged_test,c5_374_green-glass139.jpg,exact,test<->train,c5_2324_green-glass139.jpg
merged_test,c5_565_white-glass685.jpg,exact,test<->train,c5_2337_white-glass685.jpg
merged_test,c5_409_brown-glass333.jpg,exact,test<->train,c5_2387_brown-glass333.jpg
merged_test,c5_69_green-glass166.jpg,exact,test<->train,c5_2426_green-glass166.jpg
merged_test,c5_678_brown-glass183.jpg,exact,test<->train,c5_2427_brown-glass183.jpg
merged_test,c5_87_brown-glass261.jpg,exact,test<->train,c5_2432_brown-glass261.jpg
merged_test,c5_230_white-glass59.jpg,exact,test<->train,c5_2450_white-glass59.jpg
merged_test,c5_31_brown-glass30.jpg,exact,test<->train,c5_2459_brown-glass30.jpg
merged_test,c5_445_green-glass219.jpg,exact,test<->train,c5_2469_green-glass219.jpg
merged_test,c5_265_green-glass72.jpg,exact,test<->train,c5_2475_green-glass72.jpg
merged_test,c5_332_green-glass195.jpg,exact,test<->train,c5_250_green-glass195.jpg
merged_test,c5_306_white-glass585.jpg,exact,test<->train,c5_2514_white-glass585.jpg
merged_test,c5_769_white-glass314.jpg,exact,test<->train,c5_2543_white-glass314.jpg
merged_test,c5_346_brown-glass371.jpg,exact,test<->train,c5_2546_brown-glass371.jpg
merged_test,c5_365_white-glass558.jpg,exact,test<->train,c5_2574_white-glass558.jpg
merged_test,c5_336_white-glass615.jpg,exact,test<->train,c5_2580_white-glass615.jpg
merged_test,c5_378_brown-glass184.jpg,exact,test<->train,c5_2604_brown-glass184.jpg
merged_test,c5_492_green-glass353.jpg,exact,test<->train,c5_2611_green-glass353.jpg
merged_test,c5_531_green-glass516.jpg,exact,test<->train,c5_2634_green-glass516.jpg
merged_test,c5_313_brown-glass321.jpg,exact,test<->train,c5_2649_brown-glass321.jpg
merged_test,c5_656_brown-glass470.jpg,exact,test<->train,c5_2664_brown-glass470.jpg
merged_test,c5_292_green-glass88.jpg,exact,test<->train,c5_2674_green-glass88.jpg
merged_test,c5_27_green-glass451.jpg,exact,test<->train,c5_2675_green-glass451.jpg
merged_test,c5_54_green-glass399.jpg,exact,test<->train,c5_2684_green-glass399.jpg
merged_test,c5_735_green-glass618.jpg,exact,test<->train,c5_2692_green-glass618.jpg
merged_test,c5_333_brown-glass13.jpg,exact,test<->train,c5_2701_brown-glass13.jpg
merged_test,c5_653_white-glass673.jpg,exact,test<->train,c5_2707_white-glass673.jpg
merged_test,c5_372_white-glass462.jpg,exact,test<->train,c5_2711_white-glass462.jpg
merged_test,c5_444_green-glass74.jpg,exact,test<->train,c5_2726_green-glass74.jpg
merged_test,c5_158_brown-glass251.jpg,exact,test<->train,c5_2778_brown-glass251.jpg
merged_test,c5_187_white-glass291.jpg,exact,test<->train,c5_277_white-glass291.jpg
merged_test,c5_163_white-glass48.jpg,exact,test<->train,c5_2785_white-glass48.jpg
merged_test,c5_273_brown-glass322.jpg,exact,test<->train,c5_2789_brown-glass322.jpg
merged_test,c5_681_white-glass296.jpg,exact,test<->train,c5_2800_white-glass296.jpg
merged_test,c5_315_green-glass442.jpg,exact,test<->train,c5_2834_green-glass442.jpg
merged_test,c5_125_brown-glass143.jpg,exact,test<->train,c5_2844_brown-glass143.jpg
merged_test,c5_325_white-glass703.jpg,exact,test<->train,c5_2845_white-glass703.jpg
merged_test,c5_18_brown-glass91.jpg,exact,test<->train,c5_2857_brown-glass91.jpg
merged_test,c5_122_white-glass604.jpg,exact,test<->train,c5_285_white-glass604.jpg
merged_test,c5_722_white-glass118.jpg,exact,test<->train,c5_2873_white-glass118.jpg
merged_test,c5_783_white-glass209.jpg,exact,test<->train,c5_2899_white-glass209.jpg
merged_test,c5_457_brown-glass479.jpg,exact,test<->train,c5_2933_brown-glass479.jpg
merged_test,c5_542_white-glass104.jpg,exact,test<->train,c5_2950_white-glass104.jpg
merged_test,c5_410_brown-glass205.jpg,exact,test<->train,c5_2951_brown-glass205.jpg
merged_test,c5_467_brown-glass412.jpg,exact,test<->train,c5_2978_brown-glass412.jpg
merged_test,c5_324_white-glass582.jpg,exact,test<->train,c5_2984_white-glass582.jpg
merged_test,c5_560_green-glass53.jpg,exact,test<->train,c5_2988_green-glass53.jpg
merged_test,c5_59_white-glass548.jpg,exact,test<->train,c5_2999_white-glass548.jpg
merged_test,c5_386_brown-glass236.jpg,exact,test<->train,c5_2_brown-glass236.jpg
merged_test,c5_691_brown-glass450.jpg,exact,test<->train,c5_3006_brown-glass450.jpg
merged_test,c5_452_green-glass473.jpg,exact,test<->train,c5_3028_green-glass473.jpg
merged_test,c5_494_brown-glass351.jpg,exact,test<->train,c5_3033_brown-glass351.jpg
merged_test,c5_628_white-glass698.jpg,exact,test<->train,c5_3047_white-glass698.jpg
merged_test,c5_127_brown-glass87.jpg,exact,test<->train,c5_3055_brown-glass87.jpg
merged_test,c5_763_brown-glass345.jpg,exact,test<->train,c5_3083_brown-glass345.jpg
merged_test,c5_689_brown-glass255.jpg,exact,test<->train,c5_3086_brown-glass255.jpg
merged_test,c5_640_white-glass736.jpg,exact,test<->train,c5_3106_white-glass736.jpg
merged_test,c5_570_white-glass325.jpg,exact,test<->train,c5_3109_white-glass325.jpg
merged_test,c5_751_brown-glass506.jpg,exact,test<->train,c5_3120_brown-glass506.jpg
merged_test,c5_150_green-glass215.jpg,exact,test<->train,c5_3125_green-glass215.jpg
merged_test,c5_529_white-glass172.jpg,exact,test<->train,c5_3135_white-glass172.jpg
merged_test,c5_778_white-glass616.jpg,exact,test<->train,c5_3146_white-glass616.jpg
merged_test,c5_347_brown-glass543.jpg,exact,test<->train,c5_3149_brown-glass543.jpg
merged_test,c5_533_white-glass231.jpg,exact,test<->train,c5_3167_white-glass231.jpg
merged_test,c5_677_green-glass433.jpg,exact,test<->train,c5_3174_green-glass433.jpg
merged_test,c5_688_brown-glass313.jpg,exact,test<->train,c5_318_brown-glass313.jpg
merged_test,c5_754_white-glass631.jpg,exact,test<->train,c5_3226_white-glass631.jpg
merged_test,c5_218_white-glass387.jpg,exact,test<->train,c5_3234_white-glass387.jpg
merged_test,c5_380_green-glass619.jpg,exact,test<->train,c5_3238_green-glass619.jpg
merged_test,c5_96_white-glass329.jpg,exact,test<->train,c5_3241_white-glass329.jpg
merged_test,c5_558_green-glass110.jpg,exact,test<->train,c5_3245_green-glass110.jpg
merged_test,c5_360_brown-glass509.jpg,exact,test<->train,c5_3264_brown-glass509.jpg
merged_test,c5_252_green-glass26.jpg,exact,test<->train,c5_3276_green-glass26.jpg
merged_test,c5_419_white-glass290.jpg,exact,test<->train,c5_3278_white-glass290.jpg
merged_test,c5_53_white-glass725.jpg,exact,test<->train,c5_3296_white-glass725.jpg
merged_test,c5_693_green-glass538.jpg,exact,test<->train,c5_329_green-glass538.jpg
merged_test,c5_216_white-glass232.jpg,exact,test<->train,c5_32_white-glass232.jpg
merged_test,c5_95_brown-glass299.jpg,exact,test<->train,c5_3317_brown-glass299.jpg
merged_test,c5_595_brown-glass17.jpg,exact,test<->train,c5_3327_brown-glass17.jpg
merged_test,c5_438_brown-glass363.jpg,exact,test<->train,c5_3345_brown-glass363.jpg
merged_test,c5_64_brown-glass225.jpg,exact,test<->train,c5_3346_brown-glass225.jpg
merged_test,c5_66_green-glass277.jpg,exact,test<->train,c5_3349_green-glass277.jpg
merged_test,c5_752_green-glass39.jpg,exact,test<->train,c5_3358_green-glass39.jpg
merged_test,c5_143_white-glass541.jpg,exact,test<->train,c5_3378_white-glass541.jpg
merged_test,c5_447_green-glass177.jpg,exact,test<->train,c5_3381_green-glass177.jpg
merged_test,c5_592_brown-glass540.jpg,exact,test<->train,c5_338_brown-glass540.jpg
merged_test,c5_454_white-glass153.jpg,exact,test<->train,c5_3390_white-glass153.jpg
merged_test,c5_411_green-glass283.jpg,exact,test<->train,c5_3397_green-glass283.jpg
merged_test,c5_606_white-glass331.jpg,exact,test<->train,c5_3400_white-glass331.jpg
merged_test,c5_81_white-glass46.jpg,exact,test<->train,c5_3414_white-glass46.jpg
merged_test,c5_618_white-glass612.jpg,exact,test<->train,c5_3415_white-glass612.jpg
merged_test,c5_407_green-glass52.jpg,exact,test<->train,c5_3425_green-glass52.jpg
merged_test,c5_142_white-glass574.jpg,exact,test<->train,c5_3433_white-glass574.jpg
merged_test,c5_660_green-glass623.jpg,exact,test<->train,c5_3446_green-glass623.jpg
merged_test,c5_676_brown-glass472.jpg,exact,test<->train,c5_3450_brown-glass472.jpg
merged_test,c5_49_green-glass469.jpg,exact,test<->train,c5_3463_green-glass469.jpg
merged_test,c5_35_green-glass199.jpg,exact,test<->train,c5_3469_green-glass199.jpg
merged_test,c5_682_white-glass136.jpg,exact,test<->train,c5_3480_white-glass136.jpg
merged_test,c5_108_brown-glass140.jpg,exact,test<->train,c5_3486_brown-glass140.jpg
merged_test,c5_135_green-glass379.jpg,exact,test<->train,c5_3488_green-glass379.jpg
merged_test,c5_471_brown-glass413.jpg,exact,test<->train,c5_366_brown-glass413.jpg
merged_test,c5_242_white-glass171.jpg,exact,test<->train,c5_367_white-glass171.jpg
merged_test,c5_368_green-glass376.jpg,exact,test<->train,c5_375_green-glass376.jpg
merged_test,c5_632_brown-glass138.jpg,exact,test<->train,c5_391_brown-glass138.jpg
merged_test,c5_376_white-glass415.jpg,exact,test<->train,c5_429_white-glass415.jpg
merged_test,c5_171_white-glass160.jpg,exact,test<->train,c5_432_white-glass160.jpg
merged_test,c5_449_white-glass143.jpg,exact,test<->train,c5_446_white-glass143.jpg
merged_test,c5_605_green-glass517.jpg,exact,test<->train,c5_449_green-glass517.jpg
merged_test,c5_478_green-glass522.jpg,exact,test<->train,c5_456_green-glass522.jpg
merged_test,c5_4_white-glass117.jpg,exact,test<->train,c5_492_white-glass117.jpg
merged_test,c5_792_white-glass440.jpg,exact,test<->train,c5_493_white-glass440.jpg
merged_test,c5_773_green-glass390.jpg,exact,test<->train,c5_503_green-glass390.jpg
merged_test,c5_63_white-glass664.jpg,exact,test<->train,c5_508_white-glass664.jpg
merged_test,c5_239_brown-glass137.jpg,exact,test<->train,c5_510_brown-glass137.jpg
merged_test,c5_484_white-glass429.jpg,exact,test<->train,c5_515_white-glass429.jpg
merged_test,c5_486_brown-glass44.jpg,exact,test<->train,c5_519_brown-glass44.jpg
merged_test,c5_382_brown-glass204.jpg,exact,test<->train,c5_536_brown-glass204.jpg
merged_test,c5_726_white-glass272.jpg,exact,test<->train,c5_548_white-glass272.jpg
merged_test,c5_176_white-glass407.jpg,exact,test<->train,c5_565_white-glass407.jpg
merged_test,c5_258_green-glass561.jpg,exact,test<->train,c5_605_green-glass424.jpg
merged_test,c5_629_white-glass695.jpg,exact,test<->train,c5_609_white-glass695.jpg
merged_test,c5_731_green-glass245.jpg,exact,test<->train,c5_60_green-glass245.jpg
merged_test,c5_323_white-glass675.jpg,exact,test<->train,c5_611_white-glass675.jpg
merged_test,c5_451_green-glass479.jpg,exact,test<->train,c5_612_green-glass479.jpg
merged_test,c5_405_white-glass759.jpg,exact,test<->train,c5_621_white-glass759.jpg
merged_test,c5_497_white-glass393.jpg,exact,test<->train,c5_627_white-glass393.jpg
merged_test,c5_172_white-glass753.jpg,exact,test<->train,c5_638_white-glass753.jpg
merged_test,c5_540_white-glass145.jpg,exact,test<->train,c5_644_white-glass145.jpg
merged_test,c5_610_green-glass556.jpg,exact,test<->train,c5_663_green-glass556.jpg
merged_test,c5_641_white-glass509.jpg,exact,test<->train,c5_682_white-glass509.jpg
merged_test,c5_330_white-glass77.jpg,exact,test<->train,c5_701_white-glass77.jpg
merged_test,c5_744_white-glass537.jpg,exact,test<->train,c5_702_white-glass537.jpg
merged_test,c5_119_green-glass125.jpg,exact,test<->train,c5_717_green-glass125.jpg
merged_test,c5_562_green-glass416.jpg,exact,test<->train,c5_726_green-glass416.jpg
merged_test,c5_62_green-glass507.jpg,exact,test<->train,c5_752_green-glass507.jpg
merged_test,c5_633_white-glass113.jpg,exact,test<->train,c5_776_white-glass113.jpg
merged_test,c5_474_plastic556.jpg,exact,test<->train,c5_778_white-glass761.jpg
merged_test,c5_393_brown-glass237.jpg,exact,test<->train,c5_781_brown-glass237.jpg
merged_test,c5_159_green-glass289.jpg,exact,test<->train,c5_782_green-glass289.jpg
merged_test,c5_646_white-glass265.jpg,exact,test<->train,c5_791_white-glass265.jpg
merged_test,c5_772_white-glass485.jpg,exact,test<->train,c5_837_white-glass485.jpg
merged_test,c5_298_brown-glass177.jpg,exact,test<->train,c5_853_brown-glass177.jpg
merged_test,c5_798_white-glass198.jpg,exact,test<->train,c5_871_white-glass198.jpg
merged_test,c5_555_green-glass467.jpg,exact,test<->train,c5_872_green-glass467.jpg
merged_test,c5_524_green-glass137.jpg,exact,test<->train,c5_924_green-glass137.jpg
merged_test,c5_437_green-glass476.jpg,exact,test<->train,c5_930_green-glass476.jpg
merged_test,c5_363_green-glass596.jpg,exact,test<->train,c5_931_green-glass596.jpg
merged_test,c5_201_green-glass428.jpg,exact,test<->train,c5_935_green-glass428.jpg
merged_test,c5_543_brown-glass390.jpg,exact,test<->train,c5_942_brown-glass390.jpg
merged_test,c5_118_brown-glass535.jpg,exact,test<->train,c5_948_brown-glass535.jpg
merged_test,c5_538_green-glass95.jpg,exact,test<->train,c5_951_green-glass95.jpg
merged_test,c5_760_white-glass362.jpg,exact,test<->train,c5_953_white-glass362.jpg
merged_test,c5_232_brown-glass215.jpg,exact,test<->train,c5_954_brown-glass215.jpg
merged_test,c5_189_brown-glass463.jpg,exact,test<->train,c5_984_brown-glass463.jpg
merged_test,c5_152_white-glass740.jpg,exact,test<->train,c5_990_white-glass740.jpg
merged_test,c5_449_metal680.jpg,exact,test<->train,c5_1005_metal680.jpg
merged_test,c5_321_metal729.jpg,exact,test<->train,c5_1011_metal729.jpg
merged_test,c5_798_metal457.jpg,exact,test<->train,c5_1062_metal457.jpg
merged_test,c5_651_metal361.jpg,exact,test<->train,c5_1063_metal361.jpg
merged_test,c5_45_metal711.jpg,exact,test<->train,c5_1065_metal711.jpg
merged_test,c5_646_metal285.jpg,exact,test<->train,c5_1077_metal285.jpg
merged_test,c5_575_metal351.jpg,exact,test<->train,c5_1103_metal351.jpg
merged_test,c5_168_metal436.jpg,exact,test<->train,c5_1120_metal436.jpg
merged_test,c5_522_metal50.jpg,exact,test<->train,c5_1124_metal50.jpg
merged_test,c5_395_metal49.jpg,exact,test<->train,c5_112_metal49.jpg
merged_test,c5_190_metal298.jpg,exact,test<->train,c5_1149_metal298.jpg
merged_test,c5_132_metal633.jpg,exact,test<->train,c5_1160_metal633.jpg
merged_test,c5_426_metal498.jpg,exact,test<->train,c5_1179_metal498.jpg
merged_test,c5_432_metal428.jpg,exact,test<->train,c5_1181_metal428.jpg
merged_test,c5_381_metal339.jpg,exact,test<->train,c5_1189_metal339.jpg
merged_test,c5_642_metal612.jpg,exact,test<->train,c5_1190_metal612.jpg
merged_test,c5_716_metal313.jpg,exact,test<->train,c5_1193_metal313.jpg
merged_test,c5_559_metal273.jpg,exact,test<->train,c5_1197_metal273.jpg
merged_test,c5_332_metal81.jpg,exact,test<->train,c5_1201_metal81.jpg
merged_test,c5_83_metal746.jpg,exact,test<->train,c5_1218_metal746.jpg
merged_test,c5_175_metal529.jpg,exact,test<->train,c5_1220_metal529.jpg
merged_test,c5_253_metal725.jpg,exact,test<->train,c5_1224_metal725.jpg
merged_test,c5_707_metal17.jpg,exact,test<->train,c5_122_metal17.jpg
merged_test,c5_466_metal287.jpg,exact,test<->train,c5_1237_metal287.jpg
merged_test,c5_23_metal72.jpg,exact,test<->train,c5_1240_metal72.jpg
merged_test,c5_720_metal630.jpg,exact,test<->train,c5_1247_metal630.jpg
merged_test,c5_307_metal549.jpg,exact,test<->train,c5_1248_metal549.jpg
merged_test,c5_423_metal721.jpg,exact,test<->train,c5_125_metal721.jpg
merged_test,c5_679_metal417.jpg,exact,test<->train,c5_12_metal417.jpg
merged_test,c5_501_metal227.jpg,exact,test<->train,c5_1300_metal227.jpg
merged_test,c5_506_metal194.jpg,exact,test<->train,c5_1306_metal194.jpg
merged_test,c5_712_metal614.jpg,exact,test<->train,c5_1308_metal614.jpg
merged_test,c5_341_metal366.jpg,exact,test<->train,c5_130_metal366.jpg
merged_test,c5_243_metal593.jpg,exact,test<->train,c5_1318_metal593.jpg
merged_test,c5_104_metal331.jpg,exact,test<->train,c5_1342_metal331.jpg
merged_test,c5_775_metal30.jpg,exact,test<->train,c5_1369_metal30.jpg
merged_test,c5_585_metal188.jpg,exact,test<->train,c5_137_metal188.jpg
merged_test,c5_202_metal705.jpg,exact,test<->train,c5_1390_metal705.jpg
merged_test,c5_223_metal496.jpg,exact,test<->train,c5_1418_metal496.jpg
merged_test,c5_450_metal176.jpg,exact,test<->train,c5_141_metal176.jpg
merged_test,c5_538_metal690.jpg,exact,test<->train,c5_1429_metal690.jpg
merged_test,c5_259_metal235.jpg,exact,test<->train,c5_1460_metal235.jpg
merged_test,c5_79_metal379.jpg,exact,test<->train,c5_1505_metal379.jpg
merged_test,c5_759_metal584.jpg,exact,test<->train,c5_1530_metal584.jpg
merged_test,c5_247_metal185.jpg,exact,test<->train,c5_1563_metal185.jpg
merged_test,c5_633_metal303.jpg,exact,test<->train,c5_1564_metal303.jpg
merged_test,c5_491_metal156.jpg,exact,test<->train,c5_1581_metal156.jpg
merged_test,c5_448_metal63.jpg,exact,test<->train,c5_1596_metal63.jpg
merged_test,c5_248_metal728.jpg,exact,test<->train,c5_1599_metal728.jpg
merged_test,c5_105_metal300.jpg,exact,test<->train,c5_1615_metal300.jpg
merged_test,c5_625_metal249.jpg,exact,test<->train,c5_1631_metal249.jpg
merged_test,c5_326_metal307.jpg,exact,test<->train,c5_1637_metal307.jpg
merged_test,c5_718_metal_test_0192.jpg,exact,test<->train,c5_1642_metal_train_0175.jpg
merged_test,c5_580_metal244.jpg,exact,test<->train,c5_1650_metal244.jpg
merged_test,c5_772_metal349.jpg,exact,test<->train,c5_1658_metal349.jpg
merged_test,c5_593_metal144.jpg,exact,test<->train,c5_1681_metal144.jpg
merged_test,c5_621_metal352.jpg,exact,test<->train,c5_1684_metal352.jpg
merged_test,c5_15_metal57.jpg,exact,test<->train,c5_169_metal57.jpg
merged_test,c5_489_metal447.jpg,exact,test<->train,c5_1705_metal447.jpg
merged_test,c5_96_metal552.jpg,exact,test<->train,c5_170_metal552.jpg
merged_test,c5_416_metal242.jpg,exact,test<->train,c5_1712_metal242.jpg
merged_test,c5_540_metal162.jpg,exact,test<->train,c5_1716_metal162.jpg
merged_test,c5_1_metal99.jpg,exact,test<->train,c5_1719_metal99.jpg
merged_test,c5_114_metal632.jpg,exact,test<->train,c5_1745_metal632.jpg
merged_test,c5_84_metal717.jpg,exact,test<->train,c5_1763_metal717.jpg
merged_test,c5_699_metal625.jpg,exact,test<->train,c5_1765_metal625.jpg
merged_test,c5_472_metal179.jpg,exact,test<->train,c5_1766_metal179.jpg
merged_test,c5_275_metal399.jpg,exact,test<->train,c5_1774_metal399.jpg
merged_test,c5_451_metal234.jpg,exact,test<->train,c5_1802_metal234.jpg
merged_test,c5_742_metal8.jpg,exact,test<->train,c5_1819_metal8.jpg
merged_test,c5_378_metal700.jpg,exact,test<->train,c5_1851_metal700.jpg
merged_test,c5_102_metal10.jpg,exact,test<->train,c5_1854_metal10.jpg
merged_test,c5_795_metal226.jpg,exact,test<->train,c5_1882_metal226.jpg
merged_test,c5_529_metal92.jpg,exact,test<->train,c5_1884_metal92.jpg
merged_test,c5_161_metal88.jpg,exact,test<->train,c5_1888_metal88.jpg
merged_test,c5_120_metal491.jpg,exact,test<->train,c5_18_metal491.jpg
merged_test,c5_35_metal246.jpg,exact,test<->train,c5_1905_metal246.jpg
merged_test,c5_117_metal726.jpg,exact,test<->train,c5_1932_metal726.jpg
merged_test,c5_612_metal44.jpg,exact,test<->train,c5_1954_metal44.jpg
merged_test,c5_688_metal143.jpg,exact,test<->train,c5_1962_metal143.jpg
merged_test,c5_747_metal410.jpg,exact,test<->train,c5_1965_metal410.jpg
merged_test,c5_273_metal684.jpg,exact,test<->train,c5_1966_metal684.jpg
merged_test,c5_659_metal596.jpg,exact,test<->train,c5_1968_metal596.jpg
merged_test,c5_710_metal64.jpg,exact,test<->train,c5_199_metal64.jpg
merged_test,c5_390_metal404.jpg,exact,test<->train,c5_2000_metal404.jpg
merged_test,c5_552_metal383.jpg,exact,test<->train,c5_2004_metal383.jpg
merged_test,c5_482_metal763.jpg,exact,test<->train,c5_2012_metal763.jpg
merged_test,c5_443_metal127.jpg,exact,test<->train,c5_2019_metal127.jpg
merged_test,c5_435_metal479.jpg,exact,test<->train,c5_2024_metal479.jpg
merged_test,c5_481_metal662.jpg,exact,test<->train,c5_2025_metal662.jpg
merged_test,c5_301_metal79.jpg,exact,test<->train,c5_2034_metal79.jpg
merged_test,c5_352_metal622.jpg,exact,test<->train,c5_2039_metal622.jpg
merged_test,c5_588_metal701.jpg,exact,test<->train,c5_2041_metal701.jpg
merged_test,c5_799_metal334.jpg,exact,test<->train,c5_2044_metal334.jpg
merged_test,c5_260_metal767.jpg,exact,test<->train,c5_2051_metal767.jpg
merged_test,c5_163_metal469.jpg,exact,test<->train,c5_2053_metal469.jpg
merged_test,c5_380_metal40.jpg,exact,test<->train,c5_2054_metal40.jpg
merged_test,c5_240_metal766.jpg,exact,test<->train,c5_2109_metal766.jpg
merged_test,c5_88_metal647.jpg,exact,test<->train,c5_2116_metal647.jpg
merged_test,c5_384_metal608.jpg,exact,test<->train,c5_2145_metal608.jpg
merged_test,c5_388_metal707.jpg,exact,test<->train,c5_2150_metal707.jpg
merged_test,c5_461_metal367.jpg,exact,test<->train,c5_2157_metal367.jpg
merged_test,c5_495_metal395.jpg,exact,test<->train,c5_215_metal395.jpg
merged_test,c5_524_metal_test_0049.jpg,exact,test<->train,c5_2173_metal_train_1057.jpg
merged_test,c5_617_metal484.jpg,exact,test<->train,c5_2174_metal484.jpg
merged_test,c5_667_metal110.jpg,exact,test<->train,c5_2186_metal110.jpg
merged_test,c5_137_metal32.jpg,exact,test<->train,c5_2201_metal32.jpg
merged_test,c5_196_metal62.jpg,exact,test<->train,c5_2211_metal62.jpg
merged_test,c5_601_metal181.jpg,exact,test<->train,c5_2215_metal181.jpg
merged_test,c5_493_metal375.jpg,exact,test<->train,c5_2218_metal375.jpg
merged_test,c5_556_metal276.jpg,exact,test<->train,c5_2222_metal276.jpg
merged_test,c5_28_metal641.jpg,exact,test<->train,c5_2233_metal641.jpg
merged_test,c5_224_metal747.jpg,exact,test<->train,c5_2234_metal747.jpg
merged_test,c5_723_metal401.jpg,exact,test<->train,c5_2254_metal401.jpg
merged_test,c5_72_metal466.jpg,exact,test<->train,c5_2255_metal466.jpg
merged_test,c5_403_metal16.jpg,exact,test<->train,c5_225_metal16.jpg
merged_test,c5_337_metal429.jpg,exact,test<->train,c5_2264_metal429.jpg
merged_test,c5_664_metal467.jpg,exact,test<->train,c5_2267_metal467.jpg
merged_test,c5_75_metal735.jpg,exact,test<->train,c5_2280_metal735.jpg
merged_test,c5_376_metal58.jpg,exact,test<->train,c5_2291_metal58.jpg
merged_test,c5_298_metal643.jpg,exact,test<->train,c5_2299_metal643.jpg
merged_test,c5_156_metal710.jpg,exact,test<->train,c5_2316_metal710.jpg
merged_test,c5_568_metal509.jpg,exact,test<->train,c5_2318_metal509.jpg
merged_test,c5_764_metal121.jpg,exact,test<->train,c5_231_metal121.jpg
merged_test,c5_379_metal589.jpg,exact,test<->train,c5_2325_metal589.jpg
merged_test,c5_486_metal723.jpg,exact,test<->train,c5_233_metal723.jpg
merged_test,c5_309_metal_test_0018.jpg,exact,test<->train,c5_2342_metal_train_0269.jpg
merged_test,c5_627_metal444.jpg,exact,test<->train,c5_2344_metal444.jpg
merged_test,c5_258_metal459.jpg,exact,test<->train,c5_2345_metal459.jpg
merged_test,c5_11_metal109.jpg,exact,test<->train,c5_2359_metal109.jpg
merged_test,c5_619_metal_test_0115.jpg,exact,test<->train,c5_2363_metal_train_0279.jpg
merged_test,c5_81_metal346.jpg,exact,test<->train,c5_2397_metal346.jpg
merged_test,c5_359_metal233.jpg,exact,test<->train,c5_245_metal233.jpg
merged_test,c5_430_metal465.jpg,exact,test<->train,c5_2477_metal465.jpg
merged_test,c5_508_metal376.jpg,exact,test<->train,c5_2481_metal376.jpg
merged_test,c5_631_metal3.jpg,exact,test<->train,c5_2520_metal3.jpg
merged_test,c5_106_metal51.jpg,exact,test<->train,c5_2530_metal51.jpg
merged_test,c5_745_metal112.jpg,exact,test<->train,c5_2534_metal112.jpg
merged_test,c5_698_metal24.jpg,exact,test<->train,c5_2535_metal24.jpg
merged_test,c5_526_metal435.jpg,exact,test<->train,c5_2545_metal435.jpg
merged_test,c5_645_metal114.jpg,exact,test<->train,c5_2565_metal114.jpg
merged_test,c5_479_metal553.jpg,exact,test<->train,c5_2582_metal553.jpg
merged_test,c5_302_metal53.jpg,exact,test<->train,c5_25_metal53.jpg
merged_test,c5_442_metal215.jpg,exact,test<->train,c5_2603_metal215.jpg
merged_test,c5_532_metal65.jpg,exact,test<->train,c5_2626_metal65.jpg
merged_test,c5_201_metal15.jpg,exact,test<->train,c5_2669_metal15.jpg
merged_test,c5_225_metal677.jpg,exact,test<->train,c5_2686_metal677.jpg
merged_test,c5_91_metal105.jpg,exact,test<->train,c5_2710_metal105.jpg
merged_test,c5_690_metal89.jpg,exact,test<->train,c5_2712_metal89.jpg
merged_test,c5_650_metal160.jpg,exact,test<->train,c5_2719_metal160.jpg
merged_test,c5_743_metal437.jpg,exact,test<->train,c5_2726_metal437.jpg
merged_test,c5_56_metal97.jpg,exact,test<->train,c5_2735_metal97.jpg
merged_test,c5_171_metal512.jpg,exact,test<->train,c5_2743_metal512.jpg
merged_test,c5_735_metal73.jpg,exact,test<->train,c5_2760_metal73.jpg
merged_test,c5_182_metal158.jpg,exact,test<->train,c5_2769_metal158.jpg
merged_test,c5_678_metal755.jpg,exact,test<->train,c5_2770_metal755.jpg
merged_test,c5_245_metal170.jpg,exact,test<->train,c5_2794_metal170.jpg
merged_test,c5_623_metal563.jpg,exact,test<->train,c5_2804_metal563.jpg
merged_test,c5_455_metal193.jpg,exact,test<->train,c5_2807_metal193.jpg
merged_test,c5_624_metal74.jpg,exact,test<->train,c5_2819_metal74.jpg
merged_test,c5_97_metal317.jpg,exact,test<->train,c5_2822_metal317.jpg
merged_test,c5_365_metal98.jpg,exact,test<->train,c5_2826_metal98.jpg
merged_test,c5_372_metal753.jpg,exact,test<->train,c5_2857_metal753.jpg
merged_test,c5_74_metal748.jpg,exact,test<->train,c5_2893_metal748.jpg
merged_test,c5_270_metal565.jpg,exact,test<->train,c5_2896_metal565.jpg
merged_test,c5_296_metal172.jpg,exact,test<->train,c5_2900_metal172.jpg
merged_test,c5_198_metal363.jpg,exact,test<->train,c5_2901_metal363.jpg
merged_test,c5_151_metal427.jpg,exact,test<->train,c5_2927_metal427.jpg
merged_test,c5_373_metal464.jpg,exact,test<->train,c5_2964_metal464.jpg
merged_test,c5_370_metal183.jpg,exact,test<->train,c5_2971_metal183.jpg
merged_test,c5_101_metal94.jpg,exact,test<->train,c5_297_metal94.jpg
merged_test,c5_587_metal284.jpg,exact,test<->train,c5_3000_metal284.jpg
merged_test,c5_183_metal541.jpg,exact,test<->train,c5_3004_metal541.jpg
merged_test,c5_312_metal262.jpg,exact,test<->train,c5_3009_metal262.jpg
merged_test,c5_133_metal547.jpg,exact,test<->train,c5_3011_metal547.jpg
merged_test,c5_609_metal634.jpg,exact,test<->train,c5_3027_metal634.jpg
merged_test,c5_272_metal430.jpg,exact,test<->train,c5_3043_metal430.jpg
merged_test,c5_692_metal550.jpg,exact,test<->train,c5_3049_metal550.jpg
merged_test,c5_640_metal476.jpg,exact,test<->train,c5_3051_metal476.jpg
merged_test,c5_424_metal497.jpg,exact,test<->train,c5_3063_metal497.jpg
merged_test,c5_513_metal113.jpg,exact,test<->train,c5_3066_metal113.jpg
merged_test,c5_239_metal474.jpg,exact,test<->train,c5_3082_metal474.jpg
merged_test,c5_170_metal364.jpg,exact,test<->train,c5_3085_metal364.jpg
merged_test,c5_545_metal481.jpg,exact,test<->train,c5_3089_metal481.jpg
merged_test,c5_32_metal609.jpg,exact,test<->train,c5_3092_metal609.jpg
merged_test,c5_748_metal205.jpg,exact,test<->train,c5_3101_metal205.jpg
merged_test,c5_787_metal480.jpg,exact,test<->train,c5_3104_metal480.jpg
merged_test,c5_561_metal585.jpg,exact,test<->train,c5_3108_metal585.jpg
merged_test,c5_184_metal527.jpg,exact,test<->train,c5_3114_metal527.jpg
merged_test,c5_195_metal259.jpg,exact,test<->train,c5_3124_metal259.jpg
merged_test,c5_214_metal338.jpg,exact,test<->train,c5_3131_metal338.jpg
merged_test,c5_760_metal161.jpg,exact,test<->train,c5_313_metal161.jpg
merged_test,c5_663_metal21.jpg,exact,test<->train,c5_3156_metal21.jpg
merged_test,c5_165_metal727.jpg,exact,test<->train,c5_3179_metal727.jpg
merged_test,c5_16_metal274.jpg,exact,test<->train,c5_3180_metal274.jpg
merged_test,c5_261_metal253.jpg,exact,test<->train,c5_319_metal253.jpg
merged_test,c5_447_metal374.jpg,exact,test<->train,c5_3205_metal374.jpg
merged_test,c5_164_metal33.jpg,exact,test<->train,c5_3218_metal33.jpg
merged_test,c5_726_metal68.jpg,exact,test<->train,c5_327_metal68.jpg
merged_test,c5_140_metal_test_0215.jpg,exact,test<->train,c5_336_metal_train_1694.jpg
merged_test,c5_610_metal347.jpg,exact,test<->train,c5_343_metal347.jpg
merged_test,c5_565_metal656.jpg,exact,test<->train,c5_367_metal656.jpg
merged_test,c5_470_metal203.jpg,exact,test<->train,c5_395_metal203.jpg
merged_test,c5_310_metal638.jpg,exact,test<->train,c5_408_metal638.jpg
merged_test,c5_755_metal752.jpg,exact,test<->train,c5_413_metal752.jpg
merged_test,c5_618_metal504.jpg,exact,test<->train,c5_431_metal504.jpg
merged_test,c5_566_metal751.jpg,exact,test<->train,c5_449_metal751.jpg
merged_test,c5_572_metal146.jpg,exact,test<->train,c5_454_metal146.jpg
merged_test,c5_638_metal295.jpg,exact,test<->train,c5_456_metal295.jpg
merged_test,c5_721_metal335.jpg,exact,test<->train,c5_461_metal335.jpg
merged_test,c5_288_metal624.jpg,exact,test<->train,c5_503_metal624.jpg
merged_test,c5_543_metal433.jpg,exact,test<->train,c5_507_metal433.jpg
merged_test,c5_319_metal107.jpg,exact,test<->train,c5_520_metal107.jpg
merged_test,c5_781_metal201.jpg,exact,test<->train,c5_522_metal201.jpg
merged_test,c5_238_metal311.jpg,exact,test<->train,c5_540_metal311.jpg
merged_test,c5_53_metal148.jpg,exact,test<->train,c5_54_metal148.jpg
merged_test,c5_463_metal356.jpg,exact,test<->train,c5_550_metal356.jpg
merged_test,c5_596_metal573.jpg,exact,test<->train,c5_602_metal573.jpg
merged_test,c5_547_metal678.jpg,exact,test<->train,c5_610_metal678.jpg
merged_test,c5_360_metal321.jpg,exact,test<->train,c5_613_metal321.jpg
merged_test,c5_749_metal406.jpg,exact,test<->train,c5_619_metal406.jpg
merged_test,c5_313_metal353.jpg,exact,test<->train,c5_629_metal353.jpg
merged_test,c5_643_metal544.jpg,exact,test<->train,c5_635_metal544.jpg
merged_test,c5_180_metal207.jpg,exact,test<->train,c5_654_metal207.jpg
merged_test,c5_282_metal310.jpg,exact,test<->train,c5_659_metal310.jpg
merged_test,c5_668_metal388.jpg,exact,test<->train,c5_669_metal388.jpg
merged_test,c5_594_metal178.jpg,exact,test<->train,c5_702_metal178.jpg
merged_test,c5_317_metal22.jpg,exact,test<->train,c5_711_metal22.jpg
merged_test,c5_138_metal41.jpg,exact,test<->train,c5_712_metal41.jpg
merged_test,c5_531_metal86.jpg,exact,test<->train,c5_736_metal86.jpg
merged_test,c5_393_metal182.jpg,exact,test<->train,c5_743_metal182.jpg
merged_test,c5_51_metal618.jpg,exact,test<->train,c5_757_metal618.jpg
merged_test,c5_766_metal483.jpg,exact,test<->train,c5_759_metal483.jpg
merged_test,c5_150_metal247.jpg,exact,test<->train,c5_77_metal247.jpg
merged_test,c5_342_metal222.jpg,exact,test<->train,c5_792_metal222.jpg
merged_test,c5_82_metal45.jpg,exact,test<->train,c5_79_metal45.jpg
merged_test,c5_95_metal241.jpg,exact,test<->train,c5_810_metal241.jpg
merged_test,c5_586_metal468.jpg,exact,test<->train,c5_812_metal468.jpg
merged_test,c5_477_metal511.jpg,exact,test<->train,c5_819_metal511.jpg
merged_test,c5_429_metal569.jpg,exact,test<->train,c5_841_metal569.jpg
merged_test,c5_494_metal368.jpg,exact,test<->train,c5_849_metal368.jpg
merged_test,c5_684_metal485.jpg,exact,test<->train,c5_85_metal485.jpg
merged_test,c5_499_metal344.jpg,exact,test<->train,c5_877_metal344.jpg
merged_test,c5_167_metal282.jpg,exact,test<->train,c5_882_metal282.jpg
merged_test,c5_398_metal619.jpg,exact,test<->train,c5_900_metal619.jpg
merged_test,c5_644_metal164.jpg,exact,test<->train,c5_913_metal164.jpg
merged_test,c5_289_metal578.jpg,exact,test<->train,c5_917_metal578.jpg
merged_test,c5_648_metal500.jpg,exact,test<->train,c5_952_metal500.jpg
merged_test,c5_73_metal449.jpg,exact,test<->train,c5_994_metal449.jpg
merged_test,c5_362_metal695.jpg,exact,test<->train,c5_9_metal695.jpg
merged_test,c5_427_biological64.jpg,exact,test<->train,c5_1007_biological64.jpg
merged_test,c5_407_biological296.jpg,exact,test<->train,c5_1008_biological296.jpg
merged_test,c5_335_biological609.jpg,exact,test<->train,c5_1017_biological609.jpg
merged_test,c5_645_biological663.jpg,exact,test<->train,c5_1026_biological663.jpg
merged_test,c5_396_biological271.jpg,exact,test<->train,c5_1028_biological271.jpg
merged_test,c5_45_biological249.jpg,exact,test<->train,c5_1042_biological249.jpg
merged_test,c5_125_biological746.jpg,exact,test<->train,c5_1046_biological746.jpg
merged_test,c5_616_biological362.jpg,exact,test<->train,c5_1067_biological362.jpg
merged_test,c5_641_biological163.jpg,exact,test<->train,c5_1068_biological163.jpg
merged_test,c5_293_biological298.jpg,exact,test<->train,c5_106_biological298.jpg
merged_test,c5_722_biological265.jpg,exact,test<->train,c5_1070_biological265.jpg
merged_test,c5_664_biological143.jpg,exact,test<->train,c5_1073_biological143.jpg
merged_test,c5_7_biological881.jpg,exact,test<->train,c5_1093_biological881.jpg
merged_test,c5_688_biological452.jpg,exact,test<->train,c5_1094_biological452.jpg
merged_test,c5_33_biological646.jpg,exact,test<->train,c5_1107_biological646.jpg
merged_test,c5_632_biological87.jpg,exact,test<->train,c5_1109_biological87.jpg
merged_test,c5_193_biological714.jpg,exact,test<->train,c5_1113_biological714.jpg
merged_test,c5_611_biological301.jpg,exact,test<->train,c5_1114_biological301.jpg
merged_test,c5_365_biological474.jpg,exact,test<->train,c5_1116_biological474.jpg
merged_test,c5_154_biological715.jpg,exact,test<->train,c5_1131_biological715.jpg
merged_test,c5_351_biological639.jpg,exact,test<->train,c5_1133_biological639.jpg
merged_test,c5_592_biological275.jpg,exact,test<->train,c5_1183_biological275.jpg
merged_test,c5_332_biological970.jpg,exact,test<->train,c5_1184_biological970.jpg
merged_test,c5_475_biological966.jpg,exact,test<->train,c5_1203_biological966.jpg
merged_test,c5_752_biological955.jpg,exact,test<->train,c5_1208_biological955.jpg
merged_test,c5_741_biological817.jpg,exact,test<->train,c5_1223_biological817.jpg
merged_test,c5_614_biological900.jpg,exact,test<->train,c5_1224_biological900.jpg
merged_test,c5_341_biological930.jpg,exact,test<->train,c5_1225_biological930.jpg
merged_test,c5_295_biological41.jpg,exact,test<->train,c5_1228_biological41.jpg
merged_test,c5_709_biological671.jpg,exact,test<->train,c5_1248_biological671.jpg
merged_test,c5_51_biological299.jpg,exact,test<->train,c5_1251_biological299.jpg
merged_test,c5_604_biological795.jpg,exact,test<->train,c5_1265_biological795.jpg
merged_test,c5_418_biological741.jpg,exact,test<->train,c5_1293_biological741.jpg
merged_test,c5_239_biological54.jpg,exact,test<->train,c5_1300_biological54.jpg
merged_test,c5_324_biological401.jpg,exact,test<->train,c5_1302_biological401.jpg
merged_test,c5_376_biological719.jpg,exact,test<->train,c5_1312_biological719.jpg
merged_test,c5_279_biological419.jpg,exact,test<->train,c5_1313_biological419.jpg
merged_test,c5_546_biological934.jpg,exact,test<->train,c5_1315_biological934.jpg
merged_test,c5_214_biological320.jpg,exact,test<->train,c5_1322_biological320.jpg
merged_test,c5_311_biological480.jpg,exact,test<->train,c5_1324_biological480.jpg
merged_test,c5_608_biological45.jpg,exact,test<->train,c5_1359_biological45.jpg
merged_test,c5_159_biological636.jpg,exact,test<->train,c5_1362_biological636.jpg
merged_test,c5_487_biological114.jpg,exact,test<->train,c5_1390_biological114.jpg
merged_test,c5_127_biological492.jpg,exact,test<->train,c5_1392_biological492.jpg
merged_test,c5_198_biological354.jpg,exact,test<->train,c5_1403_biological354.jpg
merged_test,c5_131_biological487.jpg,exact,test<->train,c5_1406_biological487.jpg
merged_test,c5_402_biological742.jpg,exact,test<->train,c5_140_biological742.jpg
merged_test,c5_750_biological497.jpg,exact,test<->train,c5_1412_biological497.jpg
merged_test,c5_330_biological954.jpg,exact,test<->train,c5_1434_biological954.jpg
merged_test,c5_243_biological370.jpg,exact,test<->train,c5_1443_biological370.jpg
merged_test,c5_478_biological394.jpg,exact,test<->train,c5_145_biological394.jpg
merged_test,c5_540_biological338.jpg,exact,test<->train,c5_1476_biological338.jpg
merged_test,c5_500_biological484.jpg,exact,test<->train,c5_1480_biological484.jpg
merged_test,c5_703_biological177.jpg,exact,test<->train,c5_150_biological177.jpg
merged_test,c5_581_biological90.jpg,exact,test<->train,c5_1515_biological90.jpg
merged_test,c5_788_biological565.jpg,exact,test<->train,c5_1525_biological565.jpg
merged_test,c5_738_biological526.jpg,exact,test<->train,c5_1529_biological526.jpg
merged_test,c5_320_biological216.jpg,exact,test<->train,c5_1551_biological216.jpg
merged_test,c5_672_biological886.jpg,exact,test<->train,c5_1554_biological886.jpg
merged_test,c5_789_biological260.jpg,exact,test<->train,c5_1572_biological260.jpg
merged_test,c5_655_biological879.jpg,exact,test<->train,c5_1575_biological879.jpg
merged_test,c5_482_biological506.jpg,exact,test<->train,c5_157_biological506.jpg
merged_test,c5_144_biological140.jpg,exact,test<->train,c5_1580_biological140.jpg
merged_test,c5_308_biological784.jpg,exact,test<->train,c5_1626_biological784.jpg
merged_test,c5_530_biological63.jpg,exact,test<->train,c5_1643_biological63.jpg
merged_test,c5_527_biological615.jpg,exact,test<->train,c5_1645_biological615.jpg
merged_test,c5_711_biological92.jpg,exact,test<->train,c5_1652_biological92.jpg
merged_test,c5_54_biological191.jpg,exact,test<->train,c5_1684_biological191.jpg
merged_test,c5_336_biological459.jpg,exact,test<->train,c5_1705_biological459.jpg
merged_test,c5_401_biological828.jpg,exact,test<->train,c5_1724_biological828.jpg
merged_test,c5_775_biological12.jpg,exact,test<->train,c5_1726_biological12.jpg
merged_test,c5_476_biological442.jpg,exact,test<->train,c5_1763_biological442.jpg
merged_test,c5_538_biological50.jpg,exact,test<->train,c5_1774_biological50.jpg
merged_test,c5_799_biological713.jpg,exact,test<->train,c5_1779_biological713.jpg
merged_test,c5_395_biological931.jpg,exact,test<->train,c5_1782_biological931.jpg
merged_test,c5_288_biological71.jpg,exact,test<->train,c5_1785_biological71.jpg
merged_test,c5_117_biological708.jpg,exact,test<->train,c5_1795_biological708.jpg
merged_test,c5_398_biological905.jpg,exact,test<->train,c5_1797_biological905.jpg
merged_test,c5_124_biological965.jpg,exact,test<->train,c5_1818_biological965.jpg
merged_test,c5_391_biological727.jpg,exact,test<->train,c5_1820_biological727.jpg
merged_test,c5_353_biological822.jpg,exact,test<->train,c5_1825_biological822.jpg
merged_test,c5_25_biological950.jpg,exact,test<->train,c5_1848_biological950.jpg
merged_test,c5_650_biological382.jpg,exact,test<->train,c5_1877_biological382.jpg
merged_test,c5_628_biological860.jpg,exact,test<->train,c5_1879_biological860.jpg
merged_test,c5_152_biological596.jpg,exact,test<->train,c5_1889_biological596.jpg
merged_test,c5_596_biological476.jpg,exact,test<->train,c5_1895_biological476.jpg
merged_test,c5_74_biological501.jpg,exact,test<->train,c5_1946_biological501.jpg
merged_test,c5_44_biological445.jpg,exact,test<->train,c5_1952_biological445.jpg
merged_test,c5_605_biological947.jpg,exact,test<->train,c5_1955_biological947.jpg
merged_test,c5_670_biological846.jpg,exact,test<->train,c5_1960_biological846.jpg
merged_test,c5_625_biological640.jpg,exact,test<->train,c5_1965_biological640.jpg
merged_test,c5_362_biological300.jpg,exact,test<->train,c5_1981_biological300.jpg
merged_test,c5_106_biological721.jpg,exact,test<->train,c5_2000_biological721.jpg
merged_test,c5_393_biological655.jpg,exact,test<->train,c5_2007_biological655.jpg
merged_test,c5_185_biological735.jpg,exact,test<->train,c5_2031_biological735.jpg
merged_test,c5_756_biological150.jpg,exact,test<->train,c5_203_biological150.jpg
merged_test,c5_588_biological509.jpg,exact,test<->train,c5_2068_biological509.jpg
merged_test,c5_200_biological576.jpg,exact,test<->train,c5_2100_biological576.jpg
merged_test,c5_768_biological363.jpg,exact,test<->train,c5_2107_biological363.jpg
merged_test,c5_582_biological503.jpg,exact,test<->train,c5_2143_biological503.jpg
merged_test,c5_662_biological496.jpg,exact,test<->train,c5_214_biological496.jpg
merged_test,c5_503_biological251.jpg,exact,test<->train,c5_2156_biological251.jpg
merged_test,c5_646_biological908.jpg,exact,test<->train,c5_2160_biological908.jpg
merged_test,c5_411_biological664.jpg,exact,test<->train,c5_2176_biological664.jpg
merged_test,c5_694_biological820.jpg,exact,test<->train,c5_2188_biological820.jpg
merged_test,c5_784_biological763.jpg,exact,test<->train,c5_2190_biological763.jpg
merged_test,c5_346_biological736.jpg,exact,test<->train,c5_2221_biological736.jpg
merged_test,c5_488_biological793.jpg,exact,test<->train,c5_2236_biological793.jpg
merged_test,c5_160_biological889.jpg,exact,test<->train,c5_2240_biological889.jpg
merged_test,c5_334_biological475.jpg,exact,test<->train,c5_2248_biological475.jpg
merged_test,c5_338_biological103.jpg,exact,test<->train,c5_2261_biological103.jpg
merged_test,c5_781_biological876.jpg,exact,test<->train,c5_2287_biological876.jpg
merged_test,c5_685_biological106.jpg,exact,test<->train,c5_2317_biological106.jpg
merged_test,c5_197_biological379.jpg,exact,test<->train,c5_2331_biological379.jpg
merged_test,c5_283_biological637.jpg,exact,test<->train,c5_2340_biological637.jpg
merged_test,c5_84_biological471.jpg,exact,test<->train,c5_2344_biological471.jpg
merged_test,c5_217_biological109.jpg,exact,test<->train,c5_2356_biological109.jpg
merged_test,c5_421_biological803.jpg,exact,test<->train,c5_2420_biological803.jpg
merged_test,c5_576_biological676.jpg,exact,test<->train,c5_2423_biological676.jpg
merged_test,c5_568_biological170.jpg,exact,test<->train,c5_2441_biological170.jpg
merged_test,c5_549_biological384.jpg,exact,test<->train,c5_2486_biological384.jpg
merged_test,c5_414_biological507.jpg,exact,test<->train,c5_248_biological507.jpg
merged_test,c5_681_biological836.jpg,exact,test<->train,c5_2498_biological836.jpg
merged_test,c5_569_biological605.jpg,exact,test<->train,c5_2517_biological605.jpg
merged_test,c5_765_biological801.jpg,exact,test<->train,c5_253_biological801.jpg
merged_test,c5_122_biological33.jpg,exact,test<->train,c5_2549_biological33.jpg
merged_test,c5_639_biological259.jpg,exact,test<->train,c5_256_biological259.jpg
merged_test,c5_164_biological364.jpg,exact,test<->train,c5_2573_biological364.jpg
merged_test,c5_219_biological328.jpg,exact,test<->train,c5_257_biological328.jpg
merged_test,c5_627_biological825.jpg,exact,test<->train,c5_2586_biological825.jpg
merged_test,c5_6_biological925.jpg,exact,test<->train,c5_2611_biological925.jpg
merged_test,c5_266_biological222.jpg,exact,test<->train,c5_2629_biological222.jpg
merged_test,c5_371_biological915.jpg,exact,test<->train,c5_2630_biological915.jpg
merged_test,c5_745_biological340.jpg,exact,test<->train,c5_2638_biological340.jpg
merged_test,c5_657_biological280.jpg,exact,test<->train,c5_2653_biological280.jpg
merged_test,c5_780_biological718.jpg,exact,test<->train,c5_2660_biological718.jpg
merged_test,c5_435_biological812.jpg,exact,test<->train,c5_2661_biological812.jpg
merged_test,c5_150_biological773.jpg,exact,test<->train,c5_2663_biological773.jpg
merged_test,c5_633_biological902.jpg,exact,test<->train,c5_2683_biological902.jpg
merged_test,c5_609_biological778.jpg,exact,test<->train,c5_26_biological778.jpg
merged_test,c5_753_biological242.jpg,exact,test<->train,c5_2700_biological242.jpg
merged_test,c5_215_biological436.jpg,exact,test<->train,c5_2701_biological436.jpg
merged_test,c5_367_biological391.jpg,exact,test<->train,c5_2711_biological391.jpg
merged_test,c5_372_biological211.jpg,exact,test<->train,c5_2726_biological211.jpg
merged_test,c5_585_biological933.jpg,exact,test<->train,c5_2737_biological933.jpg
merged_test,c5_112_biological289.jpg,exact,test<->train,c5_274_biological289.jpg
merged_test,c5_584_biological94.jpg,exact,test<->train,c5_2755_biological94.jpg
merged_test,c5_466_biological857.jpg,exact,test<->train,c5_2763_biological857.jpg
merged_test,c5_490_biological859.jpg,exact,test<->train,c5_276_biological859.jpg
merged_test,c5_166_biological359.jpg,exact,test<->train,c5_2779_biological359.jpg
merged_test,c5_49_biological139.jpg,exact,test<->train,c5_2781_biological139.jpg
merged_test,c5_187_biological86.jpg,exact,test<->train,c5_2800_biological86.jpg
merged_test,c5_59_biological906.jpg,exact,test<->train,c5_2805_biological906.jpg
merged_test,c5_729_biological785.jpg,exact,test<->train,c5_2823_biological785.jpg
merged_test,c5_459_biological469.jpg,exact,test<->train,c5_2848_biological469.jpg
merged_test,c5_342_biological151.jpg,exact,test<->train,c5_2860_biological151.jpg
merged_test,c5_240_biological75.jpg,exact,test<->train,c5_2885_biological75.jpg
merged_test,c5_721_biological949.jpg,exact,test<->train,c5_2904_biological949.jpg
merged_test,c5_461_biological749.jpg,exact,test<->train,c5_2912_biological749.jpg
merged_test,c5_486_biological598.jpg,exact,test<->train,c5_2915_biological598.jpg
merged_test,c5_92_biological923.jpg,exact,test<->train,c5_2916_biological923.jpg
merged_test,c5_88_biological307.jpg,exact,test<->train,c5_2931_biological307.jpg
merged_test,c5_579_biological579.jpg,exact,test<->train,c5_2938_biological579.jpg
merged_test,c5_719_biological944.jpg,exact,test<->train,c5_2940_biological944.jpg
merged_test,c5_520_biological256.jpg,exact,test<->train,c5_2942_biological256.jpg
merged_test,c5_434_biological144.jpg,exact,test<->train,c5_2956_biological144.jpg
merged_test,c5_773_biological258.jpg,exact,test<->train,c5_2959_biological258.jpg
merged_test,c5_794_biological682.jpg,exact,test<->train,c5_2970_biological682.jpg
merged_test,c5_586_biological493.jpg,exact,test<->train,c5_2977_biological493.jpg
merged_test,c5_566_biological874.jpg,exact,test<->train,c5_2986_biological874.jpg
merged_test,c5_535_biological83.jpg,exact,test<->train,c5_2997_biological83.jpg
merged_test,c5_245_biological614.jpg,exact,test<->train,c5_3013_biological614.jpg
merged_test,c5_553_biological351.jpg,exact,test<->train,c5_3057_biological351.jpg
merged_test,c5_480_biological802.jpg,exact,test<->train,c5_305_biological802.jpg
merged_test,c5_796_biological423.jpg,exact,test<->train,c5_3094_biological423.jpg
merged_test,c5_208_biological628.jpg,exact,test<->train,c5_3096_biological628.jpg
merged_test,c5_133_biological273.jpg,exact,test<->train,c5_3108_biological273.jpg
merged_test,c5_303_biological922.jpg,exact,test<->train,c5_3117_biological922.jpg
merged_test,c5_80_biological131.jpg,exact,test<->train,c5_3125_biological131.jpg
merged_test,c5_310_biological167.jpg,exact,test<->train,c5_3132_biological167.jpg
merged_test,c5_177_biological201.jpg,exact,test<->train,c5_3136_biological201.jpg
merged_test,c5_116_biological624.jpg,exact,test<->train,c5_3137_biological624.jpg
merged_test,c5_578_biological113.jpg,exact,test<->train,c5_3148_biological113.jpg
merged_test,c5_759_biological669.jpg,exact,test<->train,c5_3162_biological669.jpg
merged_test,c5_483_biological405.jpg,exact,test<->train,c5_3175_biological405.jpg
merged_test,c5_375_biological346.jpg,exact,test<->train,c5_3184_biological346.jpg
merged_test,c5_147_biological619.jpg,exact,test<->train,c5_3186_biological619.jpg
merged_test,c5_560_biological809.jpg,exact,test<->train,c5_3194_biological809.jpg
merged_test,c5_36_biological467.jpg,exact,test<->train,c5_3202_biological467.jpg
merged_test,c5_9_biological267.jpg,exact,test<->train,c5_3203_biological267.jpg
merged_test,c5_436_biological195.jpg,exact,test<->train,c5_3221_biological195.jpg
merged_test,c5_319_biological919.jpg,exact,test<->train,c5_3224_biological919.jpg
merged_test,c5_354_biological872.jpg,exact,test<->train,c5_3230_biological872.jpg
merged_test,c5_249_biological574.jpg,exact,test<->train,c5_3251_biological574.jpg
merged_test,c5_452_biological626.jpg,exact,test<->train,c5_3279_biological626.jpg
merged_test,c5_278_biological178.jpg,exact,test<->train,c5_3300_biological178.jpg
merged_test,c5_571_biological164.jpg,exact,test<->train,c5_3310_biological164.jpg
merged_test,c5_423_biological279.jpg,exact,test<->train,c5_331_biological279.jpg
merged_test,c5_496_biological525.jpg,exact,test<->train,c5_3325_biological525.jpg
merged_test,c5_256_biological343.jpg,exact,test<->train,c5_3347_biological343.jpg
merged_test,c5_653_biological99.jpg,exact,test<->train,c5_3374_biological99.jpg
merged_test,c5_223_biological278.jpg,exact,test<->train,c5_3386_biological278.jpg
merged_test,c5_312_biological683.jpg,exact,test<->train,c5_3397_biological683.jpg
merged_test,c5_635_biological964.jpg,exact,test<->train,c5_3401_biological964.jpg
merged_test,c5_315_biological420.jpg,exact,test<->train,c5_3413_biological420.jpg
merged_test,c5_188_biological726.jpg,exact,test<->train,c5_3435_biological726.jpg
merged_test,c5_161_biological926.jpg,exact,test<->train,c5_3436_biological926.jpg
merged_test,c5_408_biological694.jpg,exact,test<->train,c5_3468_biological694.jpg
merged_test,c5_184_biological885.jpg,exact,test<->train,c5_3474_biological885.jpg
merged_test,c5_95_biological577.jpg,exact,test<->train,c5_3476_biological577.jpg
merged_test,c5_432_biological374.jpg,exact,test<->train,c5_3480_biological374.jpg
merged_test,c5_16_biological877.jpg,exact,test<->train,c5_3483_biological877.jpg
merged_test,c5_613_biological458.jpg,exact,test<->train,c5_3494_biological458.jpg
merged_test,c5_170_biological518.jpg,exact,test<->train,c5_365_biological518.jpg
merged_test,c5_575_biological365.jpg,exact,test<->train,c5_366_biological365.jpg
merged_test,c5_591_biological455.jpg,exact,test<->train,c5_387_biological455.jpg
merged_test,c5_366_biological241.jpg,exact,test<->train,c5_388_biological241.jpg
merged_test,c5_448_biological308.jpg,exact,test<->train,c5_391_biological308.jpg
merged_test,c5_669_biological861.jpg,exact,test<->train,c5_3_biological861.jpg
merged_test,c5_64_biological317.jpg,exact,test<->train,c5_40_biological317.jpg
merged_test,c5_443_biological82.jpg,exact,test<->train,c5_413_biological82.jpg
merged_test,c5_565_biological233.jpg,exact,test<->train,c5_419_biological233.jpg
merged_test,c5_671_biological166.jpg,exact,test<->train,c5_430_biological166.jpg
merged_test,c5_590_biological43.jpg,exact,test<->train,c5_437_biological43.jpg
merged_test,c5_413_biological862.jpg,exact,test<->train,c5_464_biological862.jpg
merged_test,c5_485_biological121.jpg,exact,test<->train,c5_46_biological121.jpg
merged_test,c5_777_biological871.jpg,exact,test<->train,c5_471_biological871.jpg
merged_test,c5_19_biological226.jpg,exact,test<->train,c5_474_biological226.jpg
merged_test,c5_176_biological397.jpg,exact,test<->train,c5_482_biological397.jpg
merged_test,c5_121_biological390.jpg,exact,test<->train,c5_494_biological390.jpg
merged_test,c5_374_biological416.jpg,exact,test<->train,c5_499_biological416.jpg
merged_test,c5_273_biological500.jpg,exact,test<->train,c5_500_biological500.jpg
merged_test,c5_263_biological175.jpg,exact,test<->train,c5_506_biological175.jpg
merged_test,c5_442_biological236.jpg,exact,test<->train,c5_508_biological236.jpg
merged_test,c5_652_biological661.jpg,exact,test<->train,c5_53_biological661.jpg
merged_test,c5_430_biological566.jpg,exact,test<->train,c5_552_biological566.jpg
merged_test,c5_292_biological951.jpg,exact,test<->train,c5_553_biological951.jpg
merged_test,c5_644_biological155.jpg,exact,test<->train,c5_570_biological155.jpg
merged_test,c5_134_biological197.jpg,exact,test<->train,c5_611_biological197.jpg
merged_test,c5_505_biological389.jpg,exact,test<->train,c5_613_biological389.jpg
merged_test,c5_577_biological583.jpg,exact,test<->train,c5_619_biological583.jpg
merged_test,c5_405_biological239.jpg,exact,test<->train,c5_626_biological239.jpg
merged_test,c5_479_biological444.jpg,exact,test<->train,c5_62_biological444.jpg
merged_test,c5_630_biological847.jpg,exact,test<->train,c5_665_biological847.jpg
merged_test,c5_355_biological756.jpg,exact,test<->train,c5_66_biological756.jpg
merged_test,c5_519_biological945.jpg,exact,test<->train,c5_677_biological945.jpg
merged_test,c5_697_biological2.jpg,exact,test<->train,c5_684_biological2.jpg
merged_test,c5_431_biological330.jpg,exact,test<->train,c5_692_biological330.jpg
merged_test,c5_115_biological976.jpg,exact,test<->train,c5_699_biological976.jpg
merged_test,c5_289_biological462.jpg,exact,test<->train,c5_712_biological462.jpg
merged_test,c5_31_biological932.jpg,exact,test<->train,c5_713_biological932.jpg
merged_test,c5_473_biological173.jpg,exact,test<->train,c5_714_biological173.jpg
merged_test,c5_508_biological665.jpg,exact,test<->train,c5_719_biological665.jpg
merged_test,c5_56_biological217.jpg,exact,test<->train,c5_722_biological217.jpg
merged_test,c5_699_biological165.jpg,exact,test<->train,c5_733_biological165.jpg
merged_test,c5_550_biological594.jpg,exact,test<->train,c5_746_biological594.jpg
merged_test,c5_236_biological333.jpg,exact,test<->train,c5_747_biological333.jpg
merged_test,c5_326_biological928.jpg,exact,test<->train,c5_756_biological928.jpg
merged_test,c5_17_biological111.jpg,exact,test<->train,c5_760_biological111.jpg
merged_test,c5_48_biological168.jpg,exact,test<->train,c5_775_biological168.jpg
merged_test,c5_46_biological568.jpg,exact,test<->train,c5_788_biological568.jpg
merged_test,c5_225_biological903.jpg,exact,test<->train,c5_803_biological903.jpg
merged_test,c5_439_biological734.jpg,exact,test<->train,c5_809_biological734.jpg
merged_test,c5_269_biological733.jpg,exact,test<->train,c5_840_biological733.jpg
merged_test,c5_194_biological882.jpg,exact,test<->train,c5_842_biological882.jpg
merged_test,c5_143_biological743.jpg,exact,test<->train,c5_862_biological743.jpg
merged_test,c5_345_biological679.jpg,exact,test<->train,c5_870_biological679.jpg
merged_test,c5_433_biological685.jpg,exact,test<->train,c5_878_biological685.jpg
merged_test,c5_120_biological392.jpg,exact,test<->train,c5_884_biological392.jpg
merged_test,c5_648_biological339.jpg,exact,test<->train,c5_898_biological339.jpg
merged_test,c5_149_biological531.jpg,exact,test<->train,c5_911_biological531.jpg
merged_test,c5_206_biological368.jpg,exact,test<->train,c5_912_biological368.jpg
merged_test,c5_0_biological331.jpg,exact,test<->train,c5_920_biological331.jpg
merged_test,c5_47_biological62.jpg,exact,test<->train,c5_957_biological62.jpg
merged_test,c5_277_biological796.jpg,exact,test<->train,c5_963_biological796.jpg
merged_test,c5_91_biological777.jpg,exact,test<->train,c5_978_biological777.jpg
merged_test,c5_783_biological854.jpg,exact,test<->train,c5_99_biological854.jpg
merged_test,c5_351_paper967.jpg,exact,test<->train,c5_1030_paper967.jpg
merged_test,c5_799_paper417.jpg,exact,test<->train,c5_1041_paper417.jpg
merged_test,c5_357_paper882.jpg,exact,test<->train,c5_1045_paper882.jpg
merged_test,c5_414_paper569.jpg,exact,test<->train,c5_1048_paper569.jpg
merged_test,c5_483_paper1023.jpg,exact,test<->train,c5_104_paper1023.jpg
merged_test,c5_172_paper573.jpg,exact,test<->train,c5_1073_paper573.jpg
merged_test,c5_152_paper819.jpg,exact,test<->train,c5_1080_paper819.jpg
merged_test,c5_757_paper74.jpg,exact,test<->train,c5_1122_paper74.jpg
merged_test,c5_232_paper887.jpg,exact,test<->train,c5_1127_paper887.jpg
merged_test,c5_335_paper443.jpg,exact,test<->train,c5_1132_paper443.jpg
merged_test,c5_68_paper682.jpg,exact,test<->train,c5_1142_paper682.jpg
merged_test,c5_160_paper200.jpg,exact,test<->train,c5_1160_paper200.jpg
merged_test,c5_478_paper560.jpg,exact,test<->train,c5_1161_paper560.jpg
merged_test,c5_797_paper524.jpg,exact,test<->train,c5_1165_paper524.jpg
merged_test,c5_70_paper878.jpg,exact,test<->train,c5_1180_paper878.jpg
merged_test,c5_21_paper1031.jpg,exact,test<->train,c5_1183_paper1031.jpg
merged_test,c5_25_paper541.jpg,exact,test<->train,c5_1228_paper541.jpg
merged_test,c5_300_paper498.jpg,exact,test<->train,c5_1235_paper498.jpg
merged_test,c5_239_paper548.jpg,exact,test<->train,c5_1237_paper548.jpg
merged_test,c5_717_paper155.jpg,exact,test<->train,c5_1250_paper155.jpg
merged_test,c5_583_paper496.jpg,exact,test<->train,c5_1270_paper496.jpg
merged_test,c5_228_paper130.jpg,exact,test<->train,c5_127_paper130.jpg
merged_test,c5_710_paper137.jpg,exact,test<->train,c5_1280_paper137.jpg
merged_test,c5_565_paper576.jpg,exact,test<->train,c5_1286_paper576.jpg
merged_test,c5_479_paper593.jpg,exact,test<->train,c5_1298_paper593.jpg
merged_test,c5_73_paper69.jpg,exact,test<->train,c5_1299_paper69.jpg
merged_test,c5_97_paper129.jpg,exact,test<->train,c5_1310_paper129.jpg
merged_test,c5_282_paper888.jpg,exact,test<->train,c5_1312_paper888.jpg
merged_test,c5_512_paper956.jpg,exact,test<->train,c5_1323_paper956.jpg
merged_test,c5_580_paper319.jpg,exact,test<->train,c5_1327_paper319.jpg
merged_test,c5_308_paper765.jpg,exact,test<->train,c5_1340_paper765.jpg
merged_test,c5_439_paper522.jpg,exact,test<->train,c5_1370_paper522.jpg
merged_test,c5_35_paper232.jpg,exact,test<->train,c5_1373_paper232.jpg
merged_test,c5_63_paper855.jpg,exact,test<->train,c5_1377_paper855.jpg
merged_test,c5_511_paper456.jpg,exact,test<->train,c5_1383_paper456.jpg
merged_test,c5_56_paper848.jpg,exact,test<->train,c5_1399_paper848.jpg
merged_test,c5_322_paper1015.jpg,exact,test<->train,c5_1402_paper1015.jpg
merged_test,c5_336_paper767.jpg,exact,test<->train,c5_1404_paper767.jpg
merged_test,c5_145_paper12.jpg,exact,test<->train,c5_1410_paper12.jpg
merged_test,c5_332_paper869.jpg,exact,test<->train,c5_142_paper869.jpg
merged_test,c5_791_paper325.jpg,exact,test<->train,c5_146_paper325.jpg
merged_test,c5_136_paper710.jpg,exact,test<->train,c5_1477_paper710.jpg
merged_test,c5_33_paper265.jpg,exact,test<->train,c5_1492_paper265.jpg
merged_test,c5_186_paper166.jpg,exact,test<->train,c5_14_paper166.jpg
merged_test,c5_245_paper1037.jpg,exact,test<->train,c5_1501_paper1037.jpg
merged_test,c5_744_paper19.jpg,exact,test<->train,c5_1537_paper19.jpg
merged_test,c5_261_paper586.jpg,exact,test<->train,c5_1565_paper586.jpg
merged_test,c5_72_paper582.jpg,exact,test<->train,c5_1569_paper582.jpg
merged_test,c5_748_paper104.jpg,exact,test<->train,c5_1577_paper104.jpg
merged_test,c5_396_paper743.jpg,exact,test<->train,c5_1614_paper743.jpg
merged_test,c5_242_paper568.jpg,exact,test<->train,c5_1618_paper568.jpg
merged_test,c5_460_paper596.jpg,exact,test<->train,c5_1619_paper596.jpg
merged_test,c5_212_paper46.jpg,exact,test<->train,c5_1623_paper46.jpg
merged_test,c5_218_paper749.jpg,exact,test<->train,c5_1627_paper749.jpg
merged_test,c5_656_paper429.jpg,exact,test<->train,c5_1642_paper429.jpg
merged_test,c5_738_paper361.jpg,exact,test<->train,c5_1645_paper361.jpg
merged_test,c5_695_paper939.jpg,exact,test<->train,c5_1649_paper939.jpg
merged_test,c5_582_paper611.jpg,exact,test<->train,c5_1660_paper611.jpg
merged_test,c5_723_paper26.jpg,exact,test<->train,c5_1669_paper26.jpg
merged_test,c5_307_paper1049.jpg,exact,test<->train,c5_1672_paper1049.jpg
merged_test,c5_107_paper1028.jpg,exact,test<->train,c5_1684_paper1028.jpg
merged_test,c5_560_paper467.jpg,exact,test<->train,c5_1686_paper467.jpg
merged_test,c5_317_paper163.jpg,exact,test<->train,c5_1701_paper163.jpg
merged_test,c5_513_paper420.jpg,exact,test<->train,c5_1712_paper420.jpg
merged_test,c5_563_paper243.jpg,exact,test<->train,c5_1714_paper243.jpg
merged_test,c5_655_paper971.jpg,exact,test<->train,c5_1715_paper971.jpg
merged_test,c5_249_paper272.jpg,exact,test<->train,c5_1727_paper272.jpg
merged_test,c5_87_paper902.jpg,exact,test<->train,c5_174_paper902.jpg
merged_test,c5_646_paper759.jpg,exact,test<->train,c5_1776_paper759.jpg
merged_test,c5_314_paper647.jpg,exact,test<->train,c5_1784_paper647.jpg
merged_test,c5_275_paper713.jpg,exact,test<->train,c5_1796_paper713.jpg
merged_test,c5_230_paper570.jpg,exact,test<->train,c5_17_paper570.jpg
merged_test,c5_141_paper547.jpg,exact,test<->train,c5_1807_paper547.jpg
merged_test,c5_611_paper668.jpg,exact,test<->train,c5_1831_paper668.jpg
merged_test,c5_466_paper374.jpg,exact,test<->train,c5_1842_paper374.jpg
merged_test,c5_146_paper43.jpg,exact,test<->train,c5_1870_paper43.jpg
merged_test,c5_605_paper755.jpg,exact,test<->train,c5_1883_paper755.jpg
merged_test,c5_747_paper234.jpg,exact,test<->train,c5_1894_paper234.jpg
merged_test,c5_11_paper300.jpg,exact,test<->train,c5_1898_paper300.jpg
merged_test,c5_720_paper922.jpg,exact,test<->train,c5_1911_paper922.jpg
merged_test,c5_108_paper306.jpg,exact,test<->train,c5_1942_paper306.jpg
merged_test,c5_309_paper264.jpg,exact,test<->train,c5_1949_paper264.jpg
merged_test,c5_325_paper257.jpg,exact,test<->train,c5_1958_paper257.jpg
merged_test,c5_247_paper768.jpg,exact,test<->train,c5_1976_paper768.jpg
merged_test,c5_349_paper769.jpg,exact,test<->train,c5_1991_paper769.jpg
merged_test,c5_135_paper750.jpg,exact,test<->train,c5_1998_paper750.jpg
merged_test,c5_37_paper517.jpg,exact,test<->train,c5_2018_paper517.jpg
merged_test,c5_574_paper681.jpg,exact,test<->train,c5_2023_paper681.jpg
merged_test,c5_284_paper121.jpg,exact,test<->train,c5_2034_paper121.jpg
merged_test,c5_597_paper461.jpg,exact,test<->train,c5_2040_paper461.jpg
merged_test,c5_703_paper189.jpg,exact,test<->train,c5_2045_paper189.jpg
merged_test,c5_89_paper544.jpg,exact,test<->train,c5_2052_paper544.jpg
merged_test,c5_85_paper982.jpg,exact,test<->train,c5_2053_paper982.jpg
merged_test,c5_778_paper705.jpg,exact,test<->train,c5_2066_paper705.jpg
merged_test,c5_227_paper838.jpg,exact,test<->train,c5_2068_paper838.jpg
merged_test,c5_737_paper861.jpg,exact,test<->train,c5_2070_paper861.jpg
merged_test,c5_668_paper76.jpg,exact,test<->train,c5_2117_paper76.jpg
merged_test,c5_658_paper255.jpg,exact,test<->train,c5_2120_paper255.jpg
merged_test,c5_458_paper754.jpg,exact,test<->train,c5_214_paper754.jpg
merged_test,c5_233_paper660.jpg,exact,test<->train,c5_216_paper660.jpg
merged_test,c5_127_paper930.jpg,exact,test<->train,c5_2184_paper930.jpg
merged_test,c5_434_paper450.jpg,exact,test<->train,c5_2211_paper450.jpg
merged_test,c5_391_paper652.jpg,exact,test<->train,c5_2234_paper652.jpg
merged_test,c5_572_paper302.jpg,exact,test<->train,c5_2268_paper302.jpg
merged_test,c5_93_paper203.jpg,exact,test<->train,c5_226_paper203.jpg
merged_test,c5_699_paper858.jpg,exact,test<->train,c5_2283_paper858.jpg
merged_test,c5_776_paper530.jpg,exact,test<->train,c5_2295_paper530.jpg
merged_test,c5_756_paper732.jpg,exact,test<->train,c5_2306_paper732.jpg
merged_test,c5_724_paper975.jpg,exact,test<->train,c5_2312_paper975.jpg
merged_test,c5_622_paper36.jpg,exact,test<->train,c5_2315_paper36.jpg
merged_test,c5_604_paper110.jpg,exact,test<->train,c5_2334_paper110.jpg
merged_test,c5_428_paper814.jpg,exact,test<->train,c5_2352_paper814.jpg
merged_test,c5_556_paper119.jpg,exact,test<->train,c5_2370_paper119.jpg
merged_test,c5_124_paper700.jpg,exact,test<->train,c5_2385_paper700.jpg
merged_test,c5_429_paper305.jpg,exact,test<->train,c5_2401_paper305.jpg
merged_test,c5_595_paper932.jpg,exact,test<->train,c5_2421_paper932.jpg
merged_test,c5_154_paper3.jpg,exact,test<->train,c5_2438_paper3.jpg
merged_test,c5_290_paper1.jpg,exact,test<->train,c5_2457_paper1.jpg
merged_test,c5_88_paper473.jpg,exact,test<->train,c5_2486_paper473.jpg
merged_test,c5_352_paper623.jpg,exact,test<->train,c5_2509_paper623.jpg
merged_test,c5_55_paper1002.jpg,exact,test<->train,c5_2528_paper1002.jpg
merged_test,c5_636_paper669.jpg,exact,test<->train,c5_252_paper669.jpg
merged_test,c5_139_paper946.jpg,exact,test<->train,c5_2535_paper946.jpg
merged_test,c5_143_paper663.jpg,exact,test<->train,c5_2565_paper663.jpg
merged_test,c5_427_paper468.jpg,exact,test<->train,c5_2588_paper468.jpg
merged_test,c5_23_paper698.jpg,exact,test<->train,c5_2605_paper698.jpg
merged_test,c5_594_paper720.jpg,exact,test<->train,c5_2608_paper720.jpg
merged_test,c5_603_paper908.jpg,exact,test<->train,c5_260_paper908.jpg
merged_test,c5_782_paper815.jpg,exact,test<->train,c5_2611_paper815.jpg
merged_test,c5_387_paper513.jpg,exact,test<->train,c5_2625_paper513.jpg
merged_test,c5_323_paper874.jpg,exact,test<->train,c5_2631_paper874.jpg
merged_test,c5_764_paper296.jpg,exact,test<->train,c5_2642_paper296.jpg
merged_test,c5_587_paper457.jpg,exact,test<->train,c5_2661_paper457.jpg
merged_test,c5_197_paper565.jpg,exact,test<->train,c5_2670_paper565.jpg
merged_test,c5_630_paper231.jpg,exact,test<->train,c5_2689_paper231.jpg
merged_test,c5_495_paper744.jpg,exact,test<->train,c5_2701_paper744.jpg
merged_test,c5_1_paper581.jpg,exact,test<->train,c5_2707_paper581.jpg
merged_test,c5_516_paper432.jpg,exact,test<->train,c5_2710_paper432.jpg
merged_test,c5_84_paper161.jpg,exact,test<->train,c5_272_paper161.jpg
merged_test,c5_215_paper599.jpg,exact,test<->train,c5_2744_paper599.jpg
merged_test,c5_539_paper600.jpg,exact,test<->train,c5_2747_paper600.jpg
merged_test,c5_46_paper795.jpg,exact,test<->train,c5_2765_paper795.jpg
merged_test,c5_189_paper1009.jpg,exact,test<->train,c5_2780_paper1009.jpg
merged_test,c5_256_paper345.jpg,exact,test<->train,c5_278_paper345.jpg
merged_test,c5_315_paper34.jpg,exact,test<->train,c5_2793_paper34.jpg
merged_test,c5_714_paper343.jpg,exact,test<->train,c5_2795_paper343.jpg
merged_test,c5_132_paper127.jpg,exact,test<->train,c5_2808_paper127.jpg
merged_test,c5_660_paper885.jpg,exact,test<->train,c5_286_paper885.jpg
merged_test,c5_80_paper518.jpg,exact,test<->train,c5_2880_paper518.jpg
merged_test,c5_201_paper841.jpg,exact,test<->train,c5_2891_paper841.jpg
merged_test,c5_185_paper346.jpg,exact,test<->train,c5_2894_paper346.jpg
merged_test,c5_627_paper338.jpg,exact,test<->train,c5_2896_paper338.jpg
merged_test,c5_12_paper635.jpg,exact,test<->train,c5_2902_paper635.jpg
merged_test,c5_48_paper561.jpg,exact,test<->train,c5_2916_paper561.jpg
merged_test,c5_785_paper485.jpg,exact,test<->train,c5_2938_paper485.jpg
merged_test,c5_760_paper363.jpg,exact,test<->train,c5_2940_paper363.jpg
merged_test,c5_769_paper167.jpg,exact,test<->train,c5_2950_paper167.jpg
merged_test,c5_534_paper250.jpg,exact,test<->train,c5_2972_paper250.jpg
merged_test,c5_545_paper17.jpg,exact,test<->train,c5_2974_paper17.jpg
merged_test,c5_312_paper883.jpg,exact,test<->train,c5_2992_paper883.jpg
merged_test,c5_316_paper248.jpg,exact,test<->train,c5_300_paper248.jpg
merged_test,c5_15_paper210.jpg,exact,test<->train,c5_3014_paper210.jpg
merged_test,c5_734_paper430.jpg,exact,test<->train,c5_305_paper430.jpg
merged_test,c5_32_paper321.jpg,exact,test<->train,c5_3085_paper321.jpg
merged_test,c5_584_paper1050.jpg,exact,test<->train,c5_3086_paper1050.jpg
merged_test,c5_499_paper1029.jpg,exact,test<->train,c5_3116_paper1029.jpg
merged_test,c5_254_paper224.jpg,exact,test<->train,c5_3131_paper224.jpg
merged_test,c5_153_paper824.jpg,exact,test<->train,c5_3151_paper824.jpg
merged_test,c5_761_paper15.jpg,exact,test<->train,c5_3162_paper15.jpg
merged_test,c5_226_paper253.jpg,exact,test<->train,c5_3176_paper253.jpg
merged_test,c5_333_paper657.jpg,exact,test<->train,c5_3187_paper657.jpg
merged_test,c5_751_paper497.jpg,exact,test<->train,c5_3192_paper497.jpg
merged_test,c5_44_paper998.jpg,exact,test<->train,c5_3203_paper998.jpg
merged_test,c5_369_paper199.jpg,exact,test<->train,c5_3214_paper199.jpg
merged_test,c5_619_paper1039.jpg,exact,test<->train,c5_3218_paper1039.jpg
merged_test,c5_722_paper661.jpg,exact,test<->train,c5_322_paper661.jpg
merged_test,c5_403_paper446.jpg,exact,test<->train,c5_3235_paper446.jpg
merged_test,c5_400_paper439.jpg,exact,test<->train,c5_3250_paper439.jpg
merged_test,c5_180_paper476.jpg,exact,test<->train,c5_3258_paper476.jpg
merged_test,c5_82_paper624.jpg,exact,test<->train,c5_325_paper624.jpg
merged_test,c5_606_paper926.jpg,exact,test<->train,c5_3265_paper926.jpg
merged_test,c5_525_paper605.jpg,exact,test<->train,c5_3267_paper605.jpg
merged_test,c5_221_paper564.jpg,exact,test<->train,c5_3273_paper564.jpg
merged_test,c5_19_paper583.jpg,exact,test<->train,c5_3292_paper583.jpg
merged_test,c5_697_paper857.jpg,exact,test<->train,c5_3312_paper857.jpg
merged_test,c5_310_paper762.jpg,exact,test<->train,c5_3324_paper762.jpg
merged_test,c5_794_paper391.jpg,exact,test<->train,c5_3337_paper391.jpg
merged_test,c5_110_paper923.jpg,exact,test<->train,c5_3365_paper923.jpg
merged_test,c5_388_paper48.jpg,exact,test<->train,c5_3371_paper48.jpg
merged_test,c5_566_paper101.jpg,exact,test<->train,c5_3373_paper101.jpg
merged_test,c5_530_paper940.jpg,exact,test<->train,c5_3377_paper940.jpg
merged_test,c5_4_paper587.jpg,exact,test<->train,c5_3380_paper587.jpg
merged_test,c5_654_paper557.jpg,exact,test<->train,c5_33_paper557.jpg
merged_test,c5_364_paper484.jpg,exact,test<->train,c5_340_paper484.jpg
merged_test,c5_354_paper390.jpg,exact,test<->train,c5_341_paper390.jpg
merged_test,c5_26_paper563.jpg,exact,test<->train,c5_3430_paper563.jpg
merged_test,c5_223_paper82.jpg,exact,test<->train,c5_3436_paper82.jpg
merged_test,c5_593_paper503.jpg,exact,test<->train,c5_3443_paper503.jpg
merged_test,c5_71_paper270.jpg,exact,test<->train,c5_3470_paper270.jpg
merged_test,c5_306_paper502.jpg,exact,test<->train,c5_3477_paper502.jpg
merged_test,c5_731_paper153.jpg,exact,test<->train,c5_347_paper153.jpg
merged_test,c5_24_paper527.jpg,exact,test<->train,c5_3493_paper527.jpg
merged_test,c5_155_paper488.jpg,exact,test<->train,c5_361_paper488.jpg
merged_test,c5_347_paper636.jpg,exact,test<->train,c5_363_paper636.jpg
merged_test,c5_209_paper606.jpg,exact,test<->train,c5_364_paper606.jpg
merged_test,c5_147_paper9.jpg,exact,test<->train,c5_367_paper9.jpg
merged_test,c5_334_paper275.jpg,exact,test<->train,c5_371_paper275.jpg
merged_test,c5_561_paper656.jpg,exact,test<->train,c5_372_paper656.jpg
merged_test,c5_174_paper268.jpg,exact,test<->train,c5_374_paper268.jpg
merged_test,c5_470_paper173.jpg,exact,test<->train,c5_380_paper173.jpg
merged_test,c5_568_paper384.jpg,exact,test<->train,c5_386_paper384.jpg
merged_test,c5_659_paper470.jpg,exact,test<->train,c5_391_paper470.jpg
merged_test,c5_399_paper827.jpg,exact,test<->train,c5_40_paper827.jpg
merged_test,c5_701_paper448.jpg,exact,test<->train,c5_412_paper448.jpg
merged_test,c5_633_paper312.jpg,exact,test<->train,c5_418_paper312.jpg
merged_test,c5_91_paper193.jpg,exact,test<->train,c5_422_paper193.jpg
merged_test,c5_192_paper449.jpg,exact,test<->train,c5_423_paper449.jpg
merged_test,c5_468_paper697.jpg,exact,test<->train,c5_433_paper697.jpg
merged_test,c5_419_paper614.jpg,exact,test<->train,c5_450_paper614.jpg
merged_test,c5_251_paper98.jpg,exact,test<->train,c5_454_paper98.jpg
merged_test,c5_340_paper904.jpg,exact,test<->train,c5_469_paper904.jpg
merged_test,c5_518_paper633.jpg,exact,test<->train,c5_477_paper633.jpg
merged_test,c5_578_paper706.jpg,exact,test<->train,c5_479_paper706.jpg
merged_test,c5_373_paper217.jpg,exact,test<->train,c5_480_paper217.jpg
merged_test,c5_140_paper144.jpg,exact,test<->train,c5_498_paper144.jpg
merged_test,c5_243_paper550.jpg,exact,test<->train,c5_49_paper550.jpg
merged_test,c5_67_paper757.jpg,exact,test<->train,c5_500_paper757.jpg
merged_test,c5_650_paper187.jpg,exact,test<->train,c5_50_paper187.jpg
merged_test,c5_503_paper293.jpg,exact,test<->train,c5_512_paper293.jpg
merged_test,c5_164_paper695.jpg,exact,test<->train,c5_524_paper695.jpg
merged_test,c5_265_paper132.jpg,exact,test<->train,c5_532_paper132.jpg
merged_test,c5_541_paper645.jpg,exact,test<->train,c5_548_paper645.jpg
merged_test,c5_289_paper191.jpg,exact,test<->train,c5_554_paper191.jpg
merged_test,c5_292_paper452.jpg,exact,test<->train,c5_559_paper452.jpg
merged_test,c5_177_paper662.jpg,exact,test<->train,c5_590_paper662.jpg
merged_test,c5_608_paper777.jpg,exact,test<->train,c5_592_paper777.jpg
merged_test,c5_61_paper182.jpg,exact,test<->train,c5_609_paper182.jpg
merged_test,c5_704_paper75.jpg,exact,test<->train,c5_619_paper75.jpg
merged_test,c5_520_paper1048.jpg,exact,test<->train,c5_642_paper1048.jpg
merged_test,c5_554_paper567.jpg,exact,test<->train,c5_675_paper567.jpg
merged_test,c5_570_paper414.jpg,exact,test<->train,c5_686_paper414.jpg
merged_test,c5_535_paper1042.jpg,exact,test<->train,c5_688_paper1042.jpg
merged_test,c5_366_paper336.jpg,exact,test<->train,c5_696_paper336.jpg
merged_test,c5_216_paper632.jpg,exact,test<->train,c5_709_paper632.jpg
merged_test,c5_491_paper510.jpg,exact,test<->train,c5_731_paper510.jpg
merged_test,c5_550_paper242.jpg,exact,test<->train,c5_736_paper242.jpg
merged_test,c5_730_paper835.jpg,exact,test<->train,c5_743_paper835.jpg
merged_test,c5_13_paper58.jpg,exact,test<->train,c5_764_paper58.jpg
merged_test,c5_422_paper729.jpg,exact,test<->train,c5_771_paper729.jpg
merged_test,c5_176_paper1004.jpg,exact,test<->train,c5_772_paper1004.jpg
merged_test,c5_533_paper825.jpg,exact,test<->train,c5_791_paper825.jpg
merged_test,c5_588_paper88.jpg,exact,test<->train,c5_801_paper88.jpg
merged_test,c5_745_paper136.jpg,exact,test<->train,c5_836_paper136.jpg
merged_test,c5_500_paper95.jpg,exact,test<->train,c5_837_paper95.jpg
merged_test,c5_298_paper408.jpg,exact,test<->train,c5_853_paper408.jpg
merged_test,c5_497_paper797.jpg,exact,test<->train,c5_855_paper797.jpg
merged_test,c5_65_paper486.jpg,exact,test<->train,c5_856_paper486.jpg
merged_test,c5_173_paper737.jpg,exact,test<->train,c5_85_paper737.jpg
merged_test,c5_742_paper1008.jpg,exact,test<->train,c5_863_paper1008.jpg
merged_test,c5_130_paper983.jpg,exact,test<->train,c5_876_paper983.jpg
merged_test,c5_318_paper549.jpg,exact,test<->train,c5_883_paper549.jpg
merged_test,c5_377_paper267.jpg,exact,test<->train,c5_895_paper267.jpg
merged_test,c5_410_paper839.jpg,exact,test<->train,c5_906_paper839.jpg
merged_test,c5_161_paper337.jpg,exact,test<->train,c5_914_paper337.jpg
merged_test,c5_277_paper442.jpg,exact,test<->train,c5_935_paper442.jpg
merged_test,c5_693_paper194.jpg,exact,test<->train,c5_942_paper194.jpg
merged_test,c5_492_paper987.jpg,exact,test<->train,c5_971_paper987.jpg
merged_test,c5_624_paper850.jpg,exact,test<->train,c5_979_paper850.jpg
merged_test,c5_557_paper_test_0126.jpg,exact,test<->train,c5_986_paper_train_1416.jpg
merged_test,c5_350_plastic704.jpg,exact,test<->train,c5_1001_plastic704.jpg
merged_test,c5_568_plastic393.jpg,exact,test<->train,c5_1005_plastic393.jpg
merged_test,c5_591_plastic588.jpg,exact,test<->train,c5_1011_plastic588.jpg
merged_test,c5_683_plastic694.jpg,exact,test<->train,c5_1019_plastic694.jpg
merged_test,c5_364_plastic271.jpg,exact,test<->train,c5_101_plastic271.jpg
merged_test,c5_781_plastic449.jpg,exact,test<->train,c5_1026_plastic449.jpg
merged_test,c5_323_plastic317.jpg,exact,test<->train,c5_1072_plastic317.jpg
merged_test,c5_671_plastic511.jpg,exact,test<->train,c5_1077_plastic511.jpg
merged_test,c5_228_plastic724.jpg,exact,test<->train,c5_1081_plastic724.jpg
merged_test,c5_584_plastic751.jpg,exact,test<->train,c5_1086_plastic751.jpg
merged_test,c5_301_plastic749.jpg,exact,test<->train,c5_1092_plastic749.jpg
merged_test,c5_123_plastic88.jpg,exact,test<->train,c5_1098_plastic88.jpg
merged_test,c5_604_plastic325.jpg,exact,test<->train,c5_1099_plastic325.jpg
merged_test,c5_239_plastic274.jpg,exact,test<->train,c5_1102_plastic274.jpg
merged_test,c5_544_plastic373.jpg,exact,test<->train,c5_1108_plastic373.jpg
merged_test,c5_771_plastic503.jpg,exact,test<->train,c5_1134_plastic503.jpg
merged_test,c5_325_plastic329.jpg,exact,test<->train,c5_1166_plastic329.jpg
merged_test,c5_436_plastic5.jpg,exact,test<->train,c5_1175_plastic5.jpg
merged_test,c5_708_plastic558.jpg,exact,test<->train,c5_117_plastic558.jpg
merged_test,c5_718_plastic584.jpg,exact,test<->train,c5_1188_plastic584.jpg
merged_test,c5_55_plastic30.jpg,exact,test<->train,c5_1192_plastic30.jpg
merged_test,c5_387_plastic791.jpg,exact,test<->train,c5_1193_plastic791.jpg
merged_test,c5_552_plastic819.jpg,exact,test<->train,c5_1197_plastic819.jpg
merged_test,c5_451_plastic128.jpg,exact,test<->train,c5_1212_plastic128.jpg
merged_test,c5_782_plastic796.jpg,exact,test<->train,c5_1219_plastic796.jpg
merged_test,c5_487_plastic686.jpg,exact,test<->train,c5_1292_plastic686.jpg
merged_test,c5_522_plastic437.jpg,exact,test<->train,c5_12_plastic437.jpg
merged_test,c5_441_plastic68.jpg,exact,test<->train,c5_1322_plastic68.jpg
merged_test,c5_101_plastic575.jpg,exact,test<->train,c5_1324_plastic575.jpg
merged_test,c5_392_plastic313.jpg,exact,test<->train,c5_1338_plastic313.jpg
merged_test,c5_133_plastic199.jpg,exact,test<->train,c5_1374_plastic199.jpg
merged_test,c5_252_plastic789.jpg,exact,test<->train,c5_1412_plastic789.jpg
merged_test,c5_117_plastic409.jpg,exact,test<->train,c5_1422_plastic409.jpg
merged_test,c5_594_plastic42.jpg,exact,test<->train,c5_1425_plastic42.jpg
merged_test,c5_255_plastic645.jpg,exact,test<->train,c5_1429_plastic645.jpg
merged_test,c5_669_plastic678.jpg,exact,test<->train,c5_1435_plastic678.jpg
merged_test,c5_375_plastic460.jpg,exact,test<->train,c5_1458_plastic460.jpg
merged_test,c5_639_plastic152.jpg,exact,test<->train,c5_1484_plastic152.jpg
merged_test,c5_416_plastic404.jpg,exact,test<->train,c5_1489_plastic404.jpg
merged_test,c5_356_plastic489.jpg,exact,test<->train,c5_1524_plastic489.jpg
merged_test,c5_135_plastic74.jpg,exact,test<->train,c5_1545_plastic74.jpg
merged_test,c5_299_plastic453.jpg,exact,test<->train,c5_155_plastic453.jpg
merged_test,c5_774_plastic428.jpg,exact,test<->train,c5_1595_plastic428.jpg
merged_test,c5_371_plastic251.jpg,exact,test<->train,c5_1613_plastic251.jpg
merged_test,c5_470_plastic321.jpg,exact,test<->train,c5_1621_plastic321.jpg
merged_test,c5_330_plastic394.jpg,exact,test<->train,c5_1654_plastic394.jpg
merged_test,c5_152_plastic857.jpg,exact,test<->train,c5_1662_plastic857.jpg
merged_test,c5_327_plastic238.jpg,exact,test<->train,c5_1666_plastic238.jpg
merged_test,c5_148_plastic520.jpg,exact,test<->train,c5_1683_plastic520.jpg
merged_test,c5_338_plastic728.jpg,exact,test<->train,c5_1685_plastic728.jpg
merged_test,c5_195_plastic515.jpg,exact,test<->train,c5_1708_plastic515.jpg
merged_test,c5_218_plastic847.jpg,exact,test<->train,c5_1716_plastic847.jpg
merged_test,c5_461_plastic243.jpg,exact,test<->train,c5_1718_plastic243.jpg
merged_test,c5_56_plastic823.jpg,exact,test<->train,c5_1732_plastic823.jpg
merged_test,c5_712_plastic759.jpg,exact,test<->train,c5_1759_plastic759.jpg
merged_test,c5_506_plastic681.jpg,exact,test<->train,c5_1764_plastic681.jpg
merged_test,c5_767_plastic754.jpg,exact,test<->train,c5_1771_plastic754.jpg
merged_test,c5_54_plastic433.jpg,exact,test<->train,c5_1786_plastic433.jpg
merged_test,c5_701_plastic173.jpg,exact,test<->train,c5_1791_plastic173.jpg
merged_test,c5_18_plastic802.jpg,exact,test<->train,c5_1811_plastic802.jpg
merged_test,c5_644_plastic771.jpg,exact,test<->train,c5_1829_plastic771.jpg
merged_test,c5_676_plastic223.jpg,exact,test<->train,c5_1832_plastic223.jpg
merged_test,c5_70_plastic4.jpg,exact,test<->train,c5_1836_plastic4.jpg
merged_test,c5_183_plastic386.jpg,exact,test<->train,c5_1841_plastic386.jpg
merged_test,c5_10_plastic768.jpg,exact,test<->train,c5_1858_plastic768.jpg
merged_test,c5_151_plastic766.jpg,exact,test<->train,c5_1865_plastic766.jpg
merged_test,c5_174_plastic585.jpg,exact,test<->train,c5_186_plastic585.jpg
merged_test,c5_306_plastic537.jpg,exact,test<->train,c5_1891_plastic537.jpg
merged_test,c5_41_plastic636.jpg,exact,test<->train,c5_1911_plastic636.jpg
merged_test,c5_595_plastic856.jpg,exact,test<->train,c5_1922_plastic856.jpg
merged_test,c5_322_plastic40.jpg,exact,test<->train,c5_1925_plastic40.jpg
merged_test,c5_149_plastic674.jpg,exact,test<->train,c5_1959_plastic674.jpg
merged_test,c5_314_plastic825.jpg,exact,test<->train,c5_1963_plastic825.jpg
merged_test,c5_725_plastic772.jpg,exact,test<->train,c5_2000_plastic772.jpg
merged_test,c5_9_plastic519.jpg,exact,test<->train,c5_2007_plastic519.jpg
merged_test,c5_308_plastic812.jpg,exact,test<->train,c5_200_plastic812.jpg
merged_test,c5_14_plastic288.jpg,exact,test<->train,c5_2034_plastic288.jpg
merged_test,c5_585_plastic788.jpg,exact,test<->train,c5_2044_plastic788.jpg
merged_test,c5_572_plastic513.jpg,exact,test<->train,c5_2068_plastic513.jpg
merged_test,c5_74_plastic832.jpg,exact,test<->train,c5_2108_plastic832.jpg
merged_test,c5_103_plastic627.jpg,exact,test<->train,c5_2123_plastic627.jpg
merged_test,c5_292_plastic699.jpg,exact,test<->train,c5_2127_plastic699.jpg
merged_test,c5_345_plastic646.jpg,exact,test<->train,c5_2140_plastic646.jpg
merged_test,c5_49_plastic613.jpg,exact,test<->train,c5_2164_plastic613.jpg
merged_test,c5_419_plastic147.jpg,exact,test<->train,c5_2174_plastic147.jpg
merged_test,c5_282_plastic510.jpg,exact,test<->train,c5_2175_plastic510.jpg
merged_test,c5_138_plastic300.jpg,exact,test<->train,c5_2193_plastic300.jpg
merged_test,c5_759_plastic362.jpg,exact,test<->train,c5_2198_plastic362.jpg
merged_test,c5_729_plastic191.jpg,exact,test<->train,c5_2199_plastic191.jpg
merged_test,c5_69_plastic529.jpg,exact,test<->train,c5_2207_plastic529.jpg
merged_test,c5_777_plastic494.jpg,exact,test<->train,c5_2212_plastic494.jpg
merged_test,c5_576_plastic863.jpg,exact,test<->train,c5_2222_plastic863.jpg
merged_test,c5_344_plastic424.jpg,exact,test<->train,c5_222_plastic424.jpg
merged_test,c5_488_plastic110.jpg,exact,test<->train,c5_2243_plastic110.jpg
merged_test,c5_11_plastic736.jpg,exact,test<->train,c5_2244_plastic736.jpg
merged_test,c5_346_plastic156.jpg,exact,test<->train,c5_2261_plastic156.jpg
merged_test,c5_296_plastic138.jpg,exact,test<->train,c5_2290_plastic138.jpg
merged_test,c5_599_plastic607.jpg,exact,test<->train,c5_22_plastic607.jpg
merged_test,c5_204_plastic414.jpg,exact,test<->train,c5_2306_plastic414.jpg
merged_test,c5_795_plastic333.jpg,exact,test<->train,c5_2316_plastic333.jpg
merged_test,c5_334_plastic466.jpg,exact,test<->train,c5_2323_plastic466.jpg
merged_test,c5_199_plastic722.jpg,exact,test<->train,c5_2327_plastic722.jpg
merged_test,c5_564_plastic99.jpg,exact,test<->train,c5_232_plastic99.jpg
merged_test,c5_423_plastic855.jpg,exact,test<->train,c5_233_plastic855.jpg
merged_test,c5_95_plastic299.jpg,exact,test<->train,c5_236_plastic299.jpg
merged_test,c5_768_plastic137.jpg,exact,test<->train,c5_2378_plastic137.jpg
merged_test,c5_596_plastic547.jpg,exact,test<->train,c5_2380_plastic547.jpg
merged_test,c5_415_plastic47.jpg,exact,test<->train,c5_2382_plastic47.jpg
merged_test,c5_234_plastic102.jpg,exact,test<->train,c5_2387_plastic102.jpg
merged_test,c5_754_plastic733.jpg,exact,test<->train,c5_2411_plastic733.jpg
merged_test,c5_210_plastic296.jpg,exact,test<->train,c5_2422_plastic296.jpg
merged_test,c5_283_plastic580.jpg,exact,test<->train,c5_2425_plastic580.jpg
merged_test,c5_22_plastic256.jpg,exact,test<->train,c5_2434_plastic256.jpg
merged_test,c5_456_plastic354.jpg,exact,test<->train,c5_2436_plastic354.jpg
merged_test,c5_264_plastic439.jpg,exact,test<->train,c5_243_plastic439.jpg
merged_test,c5_201_plastic612.jpg,exact,test<->train,c5_2444_plastic612.jpg
merged_test,c5_362_plastic726.jpg,exact,test<->train,c5_2471_plastic726.jpg
merged_test,c5_399_plastic578.jpg,exact,test<->train,c5_2512_plastic578.jpg
merged_test,c5_159_plastic647.jpg,exact,test<->train,c5_2527_plastic647.jpg
merged_test,c5_242_plastic197.jpg,exact,test<->train,c5_254_plastic197.jpg
merged_test,c5_142_plastic273.jpg,exact,test<->train,c5_2557_plastic273.jpg
merged_test,c5_628_plastic64.jpg,exact,test<->train,c5_2562_plastic64.jpg
merged_test,c5_129_plastic808.jpg,exact,test<->train,c5_2563_plastic808.jpg
merged_test,c5_631_plastic186.jpg,exact,test<->train,c5_2598_plastic186.jpg
merged_test,c5_617_plastic67.jpg,exact,test<->train,c5_2607_plastic67.jpg
merged_test,c5_444_plastic593.jpg,exact,test<->train,c5_2614_plastic593.jpg
merged_test,c5_793_plastic635.jpg,exact,test<->train,c5_2624_plastic635.jpg
merged_test,c5_360_plastic820.jpg,exact,test<->train,c5_2637_plastic820.jpg
merged_test,c5_50_plastic1.jpg,exact,test<->train,c5_2638_plastic1.jpg
merged_test,c5_753_plastic419.jpg,exact,test<->train,c5_2643_plastic419.jpg
merged_test,c5_352_plastic591.jpg,exact,test<->train,c5_2648_plastic591.jpg
merged_test,c5_783_plastic32.jpg,exact,test<->train,c5_2667_plastic32.jpg
merged_test,c5_525_plastic583.jpg,exact,test<->train,c5_2668_plastic583.jpg
merged_test,c5_119_plastic403.jpg,exact,test<->train,c5_2671_plastic403.jpg
merged_test,c5_171_plastic492.jpg,exact,test<->train,c5_2696_plastic492.jpg
merged_test,c5_566_plastic43.jpg,exact,test<->train,c5_2701_plastic43.jpg
merged_test,c5_721_plastic126.jpg,exact,test<->train,c5_2715_plastic126.jpg
merged_test,c5_421_plastic181.jpg,exact,test<->train,c5_2732_plastic181.jpg
merged_test,c5_34_plastic210.jpg,exact,test<->train,c5_2737_plastic210.jpg
merged_test,c5_723_plastic86.jpg,exact,test<->train,c5_2738_plastic86.jpg
merged_test,c5_75_plastic835.jpg,exact,test<->train,c5_2769_plastic835.jpg
merged_test,c5_512_plastic358.jpg,exact,test<->train,c5_2781_plastic358.jpg
merged_test,c5_63_plastic145.jpg,exact,test<->train,c5_2785_plastic145.jpg
merged_test,c5_738_plastic246.jpg,exact,test<->train,c5_2800_plastic246.jpg
merged_test,c5_281_plastic861.jpg,exact,test<->train,c5_2807_plastic861.jpg
merged_test,c5_192_plastic12.jpg,exact,test<->train,c5_2827_plastic12.jpg
merged_test,c5_602_plastic366.jpg,exact,test<->train,c5_2830_plastic366.jpg
merged_test,c5_722_plastic100.jpg,exact,test<->train,c5_2850_plastic100.jpg
merged_test,c5_638_plastic305.jpg,exact,test<->train,c5_2855_plastic305.jpg
merged_test,c5_797_plastic11.jpg,exact,test<->train,c5_2870_plastic11.jpg
merged_test,c5_672_plastic78.jpg,exact,test<->train,c5_2890_plastic78.jpg
merged_test,c5_13_plastic342.jpg,exact,test<->train,c5_2903_plastic342.jpg
merged_test,c5_398_plastic167.jpg,exact,test<->train,c5_2907_plastic167.jpg
merged_test,c5_172_plastic752.jpg,exact,test<->train,c5_2908_plastic752.jpg
merged_test,c5_298_plastic806.jpg,exact,test<->train,c5_291_plastic806.jpg
merged_test,c5_176_plastic737.jpg,exact,test<->train,c5_2921_plastic737.jpg
merged_test,c5_748_plastic45.jpg,exact,test<->train,c5_2927_plastic45.jpg
merged_test,c5_690_plastic798.jpg,exact,test<->train,c5_2938_plastic798.jpg
merged_test,c5_480_plastic452.jpg,exact,test<->train,c5_2947_plastic452.jpg
merged_test,c5_388_plastic809.jpg,exact,test<->train,c5_2965_plastic809.jpg
merged_test,c5_647_plastic473.jpg,exact,test<->train,c5_2973_plastic473.jpg
merged_test,c5_168_plastic154.jpg,exact,test<->train,c5_297_plastic154.jpg
merged_test,c5_750_plastic314.jpg,exact,test<->train,c5_2987_plastic314.jpg
merged_test,c5_72_plastic651.jpg,exact,test<->train,c5_2992_plastic651.jpg
merged_test,c5_440_plastic134.jpg,exact,test<->train,c5_2999_plastic134.jpg
merged_test,c5_245_plastic841.jpg,exact,test<->train,c5_300_plastic841.jpg
merged_test,c5_263_plastic80.jpg,exact,test<->train,c5_3021_plastic80.jpg
merged_test,c5_670_plastic679.jpg,exact,test<->train,c5_3026_plastic679.jpg
merged_test,c5_694_plastic521.jpg,exact,test<->train,c5_304_plastic521.jpg
merged_test,c5_259_plastic201.jpg,exact,test<->train,c5_305_plastic201.jpg
merged_test,c5_39_plastic179.jpg,exact,test<->train,c5_3072_plastic179.jpg
merged_test,c5_358_plastic158.jpg,exact,test<->train,c5_3074_plastic158.jpg
merged_test,c5_625_plastic59.jpg,exact,test<->train,c5_3128_plastic59.jpg
merged_test,c5_43_plastic528.jpg,exact,test<->train,c5_3145_plastic528.jpg
merged_test,c5_778_plastic665.jpg,exact,test<->train,c5_3151_plastic665.jpg
merged_test,c5_605_plastic597.jpg,exact,test<->train,c5_3171_plastic597.jpg
merged_test,c5_545_plastic518.jpg,exact,test<->train,c5_3219_plastic518.jpg
merged_test,c5_608_plastic795.jpg,exact,test<->train,c5_3253_plastic795.jpg
merged_test,c5_600_plastic338.jpg,exact,test<->train,c5_325_plastic338.jpg
merged_test,c5_111_plastic829.jpg,exact,test<->train,c5_3264_plastic829.jpg
merged_test,c5_726_plastic614.jpg,exact,test<->train,c5_3268_plastic614.jpg
merged_test,c5_68_plastic587.jpg,exact,test<->train,c5_327_plastic587.jpg
merged_test,c5_221_plastic227.jpg,exact,test<->train,c5_3280_plastic227.jpg
merged_test,c5_749_plastic697.jpg,exact,test<->train,c5_3287_plastic697.jpg
merged_test,c5_80_plastic550.jpg,exact,test<->train,c5_3306_plastic550.jpg
merged_test,c5_746_plastic28.jpg,exact,test<->train,c5_3308_plastic28.jpg
merged_test,c5_114_plastic672.jpg,exact,test<->train,c5_3329_plastic672.jpg
merged_test,c5_395_plastic777.jpg,exact,test<->train,c5_333_plastic777.jpg
merged_test,c5_397_plastic90.jpg,exact,test<->train,c5_3344_plastic90.jpg
merged_test,c5_538_plastic27.jpg,exact,test<->train,c5_3357_plastic27.jpg
merged_test,c5_770_plastic355.jpg,exact,test<->train,c5_3367_plastic355.jpg
merged_test,c5_372_plastic381.jpg,exact,test<->train,c5_3379_plastic381.jpg
merged_test,c5_106_plastic347.jpg,exact,test<->train,c5_35_plastic347.jpg
merged_test,c5_715_plastic402.jpg,exact,test<->train,c5_36_plastic402.jpg
merged_test,c5_404_plastic688.jpg,exact,test<->train,c5_370_plastic688.jpg
merged_test,c5_270_plastic330.jpg,exact,test<->train,c5_385_plastic330.jpg
merged_test,c5_105_plastic295.jpg,exact,test<->train,c5_396_plastic295.jpg
merged_test,c5_606_plastic499.jpg,exact,test<->train,c5_401_plastic499.jpg
merged_test,c5_317_plastic864.jpg,exact,test<->train,c5_403_plastic864.jpg
merged_test,c5_535_plastic92.jpg,exact,test<->train,c5_409_plastic92.jpg
merged_test,c5_3_plastic340.jpg,exact,test<->train,c5_434_plastic340.jpg
merged_test,c5_190_plastic543.jpg,exact,test<->train,c5_441_plastic543.jpg
merged_test,c5_560_plastic496.jpg,exact,test<->train,c5_488_plastic496.jpg
merged_test,c5_378_plastic486.jpg,exact,test<->train,c5_501_plastic486.jpg
merged_test,c5_251_plastic98.jpg,exact,test<->train,c5_508_plastic98.jpg
merged_test,c5_724_plastic240.jpg,exact,test<->train,c5_516_plastic240.jpg
merged_test,c5_700_plastic390.jpg,exact,test<->train,c5_550_plastic390.jpg
merged_test,c5_165_plastic257.jpg,exact,test<->train,c5_551_plastic257.jpg
merged_test,c5_215_plastic285.jpg,exact,test<->train,c5_552_plastic285.jpg
merged_test,c5_705_plastic268.jpg,exact,test<->train,c5_558_plastic268.jpg
merged_test,c5_5_plastic606.jpg,exact,test<->train,c5_559_plastic606.jpg
merged_test,c5_697_plastic619.jpg,exact,test<->train,c5_560_plastic619.jpg
merged_test,c5_776_plastic383.jpg,exact,test<->train,c5_576_plastic383.jpg
merged_test,c5_764_plastic54.jpg,exact,test<->train,c5_579_plastic54.jpg
merged_test,c5_290_plastic522.jpg,exact,test<->train,c5_589_plastic522.jpg
merged_test,c5_220_plastic478.jpg,exact,test<->train,c5_5_plastic478.jpg
merged_test,c5_649_plastic713.jpg,exact,test<->train,c5_601_plastic713.jpg
merged_test,c5_182_plastic523.jpg,exact,test<->train,c5_61_plastic523.jpg
merged_test,c5_546_plastic559.jpg,exact,test<->train,c5_624_plastic559.jpg
merged_test,c5_23_plastic226.jpg,exact,test<->train,c5_642_plastic226.jpg
merged_test,c5_452_plastic389.jpg,exact,test<->train,c5_652_plastic389.jpg
merged_test,c5_155_plastic309.jpg,exact,test<->train,c5_681_plastic309.jpg
merged_test,c5_236_plastic341.jpg,exact,test<->train,c5_688_plastic341.jpg
merged_test,c5_329_plastic589.jpg,exact,test<->train,c5_68_plastic589.jpg
merged_test,c5_170_plastic538.jpg,exact,test<->train,c5_706_plastic538.jpg
merged_test,c5_504_plastic638.jpg,exact,test<->train,c5_709_plastic638.jpg
merged_test,c5_238_plastic443.jpg,exact,test<->train,c5_715_plastic443.jpg
merged_test,c5_35_plastic8.jpg,exact,test<->train,c5_729_plastic8.jpg
merged_test,c5_526_plastic84.jpg,exact,test<->train,c5_740_plastic84.jpg
merged_test,c5_254_plastic345.jpg,exact,test<->train,c5_753_plastic345.jpg
merged_test,c5_766_plastic761.jpg,exact,test<->train,c5_778_plastic761.jpg
merged_test,c5_107_plastic568.jpg,exact,test<->train,c5_791_plastic568.jpg
merged_test,c5_732_plastic114.jpg,exact,test<->train,c5_793_plastic114.jpg
merged_test,c5_89_plastic484.jpg,exact,test<->train,c5_796_plastic484.jpg
merged_test,c5_524_plastic399.jpg,exact,test<->train,c5_7_plastic399.jpg
merged_test,c5_316_plastic293.jpg,exact,test<->train,c5_80_plastic293.jpg
merged_test,c5_737_plastic166.jpg,exact,test<->train,c5_818_plastic166.jpg
merged_test,c5_315_plastic648.jpg,exact,test<->train,c5_826_plastic648.jpg
merged_test,c5_244_plastic525.jpg,exact,test<->train,c5_836_plastic525.jpg
merged_test,c5_505_plastic746.jpg,exact,test<->train,c5_846_plastic746.jpg
merged_test,c5_775_plastic280.jpg,exact,test<->train,c5_851_plastic280.jpg
merged_test,c5_160_plastic493.jpg,exact,test<->train,c5_86_plastic493.jpg
merged_test,c5_42_plastic799.jpg,exact,test<->train,c5_870_plastic799.jpg
merged_test,c5_139_plastic104.jpg,exact,test<->train,c5_883_plastic104.jpg
merged_test,c5_620_plastic49.jpg,exact,test<->train,c5_908_plastic49.jpg
merged_test,c5_481_plastic244.jpg,exact,test<->train,c5_911_plastic244.jpg
merged_test,c5_309_plastic111.jpg,exact,test<->train,c5_920_plastic111.jpg
merged_test,c5_265_plastic301.jpg,exact,test<->train,c5_940_plastic301.jpg
merged_test,c5_652_plastic782.jpg,exact,test<->train,c5_950_plastic782.jpg
merged_test,c5_495_plastic831.jpg,exact,test<->train,c5_958_plastic831.jpg
merged_test,c5_612_plastic853.jpg,exact,test<->train,c5_962_plastic853.jpg
merged_test,c5_64_plastic767.jpg,exact,test<->train,c5_965_plastic767.jpg
merged_test,c5_513_plastic206.jpg,exact,test<->train,c5_973_plastic206.jpg
merged_test,c5_342_plastic406.jpg,exact,test<->train,c5_985_plastic406.jpg
merged_test,c5_283_green-glass300.jpg,near,test<->train,c5_1047_battery669.jpg
merged_test,c5_676_cardboard_test_0221.jpg,near,test<->train,c5_1047_battery669.jpg
merged_test,c5_415_green-glass499.jpg,near,test<->train,c5_1047_battery669.jpg
merged_test,c5_773_battery437.jpg,near,test<->train,c5_1079_battery362.jpg
merged_test,c5_736_trash311.jpg,near,test<->train,c5_108_shoes68.jpg
merged_test,c5_254_clothes3567.jpg,near,test<->train,c5_1135_clothes1717.jpg
merged_test,c5_325_clothes124.jpg,near,test<->train,c5_1135_clothes1717.jpg
merged_test,c5_393_clothes438.jpg,near,test<->train,c5_1135_clothes1717.jpg
merged_test,c5_490_clothes920.jpg,near,test<->train,c5_1135_clothes1717.jpg
merged_test,c5_545_clothes5023.jpg,near,test<->train,c5_1135_clothes1717.jpg
merged_test,c5_747_clothes3441.jpg,near,test<->train,c5_1135_clothes1717.jpg
merged_test,c5_314_organic_test_0398.jpg,near,test<->train,c5_1135_clothes1717.jpg
merged_test,c5_585_trash357.jpg,near,test<->train,c5_1157_trash509.jpg
merged_test,c5_609_trash413.jpg,near,test<->train,c5_1157_trash509.jpg
merged_test,c5_91_trash659.jpg,near,test<->train,c5_1157_trash509.jpg
merged_test,c5_494_shoes673.jpg,near,test<->train,c5_1314_shoes703.jpg
merged_test,c5_150_battery215.jpg,near,test<->train,c5_1330_trash458.jpg
merged_test,c5_96_trash498.jpg,near,test<->train,c5_1330_trash458.jpg
merged_test,c5_173_brown-glass126.jpg,near,test<->train,c5_1330_trash458.jpg
merged_test,c5_179_green-glass373.jpg,near,test<->train,c5_1330_trash458.jpg
merged_test,c5_281_brown-glass449.jpg,near,test<->train,c5_1330_trash458.jpg
merged_test,c5_418_white-glass255.jpg,near,test<->train,c5_1330_trash458.jpg
merged_test,c5_787_green-glass155.jpg,near,test<->train,c5_1330_trash458.jpg
merged_test,c5_182_green-glass541.jpg,near,test<->train,c5_1330_trash458.jpg
merged_test,c5_348_green-glass274.jpg,near,test<->train,c5_1330_trash458.jpg
merged_test,c5_685_green-glass563.jpg,near,test<->train,c5_1330_trash458.jpg
merged_test,c5_417_shoes103.jpg,near,test<->train,c5_1358_shoes109.jpg
merged_test,c5_3_brown-glass520.jpg,near,test<->train,c5_1358_shoes109.jpg
merged_test,c5_406_green-glass345.jpg,near,test<->train,c5_1358_shoes109.jpg
merged_test,c5_130_shoes414.jpg,near,test<->train,c5_1358_shoes109.jpg
merged_test,c5_502_brown-glass168.jpg,near,test<->train,c5_1358_shoes109.jpg
merged_test,c5_797_brown-glass168.jpg,near,test<->train,c5_1358_shoes109.jpg
merged_test,c5_361_brown-glass344.jpg,near,test<->train,c5_1369_trash656.jpg
merged_test,c5_320_brown-glass47.jpg,near,test<->train,c5_1369_trash656.jpg
merged_test,c5_726_clothes4825.jpg,near,test<->train,c5_1408_clothes5124.jpg
merged_test,c5_498_clothes3125.jpg,near,test<->train,c5_1413_clothes407.jpg
merged_test,c5_400_organic_test_0211.jpg,near,test<->train,c5_1456_clothes3581.jpg
merged_test,c5_481_battery397.jpg,near,test<->train,c5_1475_battery431.jpg
merged_test,c5_521_battery271.jpg,near,test<->train,c5_1475_battery431.jpg
merged_test,c5_738_battery411.jpg,near,test<->train,c5_1475_battery431.jpg
merged_test,c5_765_battery115.jpg,near,test<->train,c5_1475_battery431.jpg
merged_test,c5_234_paper828.jpg,near,test<->train,c5_1511_battery467.jpg
merged_test,c5_607_paper828.jpg,near,test<->train,c5_1511_battery467.jpg
merged_test,c5_177_battery439.jpg,near,test<->train,c5_1875_battery416.jpg
merged_test,c5_535_battery180.jpg,near,test<->train,c5_1939_trash614.jpg
merged_test,c5_425_plastic839.jpg,near,test<->train,c5_1939_trash614.jpg
merged_test,c5_542_plastic839.jpg,near,test<->train,c5_1939_trash614.jpg
merged_test,c5_795_clothes1739.jpg,near,test<->train,c5_2025_clothes261.jpg
merged_test,c5_648_plastic698.jpg,near,test<->train,c5_2368_trash603.jpg
merged_test,c5_79_plastic698.jpg,near,test<->train,c5_2368_trash603.jpg
merged_test,c5_67_white-glass280.jpg,near,test<->train,c5_2368_trash603.jpg
merged_test,c5_370_organic_test_0218.jpg,near,test<->train,c5_2408_clothes4781.jpg
merged_test,c5_75_battery867.jpg,near,test<->train,c5_2554_shoes825.jpg
merged_test,c5_43_trash396.jpg,near,test<->train,c5_2557_trash552.jpg
merged_test,c5_725_trash400.jpg,near,test<->train,c5_2557_trash552.jpg
merged_test,c5_665_battery581.jpg,near,test<->train,c5_2566_battery84.jpg
merged_test,c5_118_cardboard_test_0223.jpg,near,test<->train,c5_2597_Background_train_1628.jpg
merged_test,c5_219_cardboard_test_0421.jpg,near,test<->train,c5_2597_Background_train_1628.jpg
merged_test,c5_29_cardboard_test_0497.jpg,near,test<->train,c5_2597_Background_train_1628.jpg
merged_test,c5_37_cardboard_test_0331.jpg,near,test<->train,c5_2597_Background_train_1628.jpg
merged_test,c5_430_cardboard_test_0137.jpg,near,test<->train,c5_2597_Background_train_1628.jpg
merged_test,c5_566_cardboard_test_0297.jpg,near,test<->train,c5_2597_Background_train_1628.jpg
merged_test,c5_669_cardboard_test_0141.jpg,near,test<->train,c5_2597_Background_train_1628.jpg
merged_test,c5_6_metal_test_0382.jpg,near,test<->train,c5_2597_Background_train_1628.jpg
merged_test,c5_41_paper994.jpg,near,test<->train,c5_2597_Background_train_1628.jpg
merged_test,c5_578_white-glass607.jpg,near,test<->train,c5_2679_Background_train_1179.jpg
merged_test,c5_723_clothes3769.jpg,near,test<->train,c5_2782_clothes4340.jpg
merged_test,c5_287_battery456.jpg,near,test<->train,c5_2870_battery460.jpg
merged_test,c5_786_clothes4691.jpg,near,test<->train,c5_290_clothes2970.jpg
merged_test,c5_424_trash373.jpg,near,test<->train,c5_2921_trash354.jpg
merged_test,c5_690_battery219.jpg,near,test<->train,c5_2947_battery8.jpg
merged_test,c5_500_green-glass427.jpg,near,test<->train,c5_301_shoes248.jpg
merged_test,c5_103_shoes434.jpg,near,test<->train,c5_3027_shoes1419.jpg
merged_test,c5_670_clothes2645.jpg,near,test<->train,c5_3397_clothes3961.jpg
merged_test,c5_25_green-glass239.jpg,near,test<->train,c5_3457_battery207.jpg
merged_test,c5_539_battery544.jpg,near,test<->train,c5_511_battery506.jpg
merged_test,c5_583_clothes1372.jpg,near,test<->train,c5_688_clothes3619.jpg
merged_test,c5_308_brown-glass580.jpg,near,test<->train,c5_710_shoes209.jpg
merged_test,c5_719_brown-glass601.jpg,near,test<->train,c5_710_shoes209.jpg
merged_test,c5_725_brown-glass601.jpg,near,test<->train,c5_710_shoes209.jpg
merged_test,c5_164_trash577.jpg,near,test<->train,c5_727_trash428.jpg
merged_test,c5_171_battery945.jpg,near,test<->train,c5_904_battery759.jpg
merged_test,c5_496_battery945.jpg,near,test<->train,c5_904_battery759.jpg
merged_test,c5_511_metal_test_0010.jpg,near,test<->train,c5_949_battery409.jpg
merged_test,c5_213_cardboard_test_0041.jpg,near,test<->train,c5_952_battery694.jpg
merged_test,c5_794_cardboard_test_0065.jpg,near,test<->train,c5_1004_cardboard429.jpg
merged_test,c5_496_paper_test_0489.jpg,near,test<->train,c5_1004_cardboard429.jpg
merged_test,c5_551_cardboard_test_0181.jpg,near,test<->train,c5_1031_cardboard257.jpg
merged_test,c5_154_metal_test_0470.jpg,near,test<->train,c5_1051_cardboard_train_0774.jpg
merged_test,c5_36_cardboard_test_0081.jpg,near,test<->train,c5_1055_cardboard137.jpg
merged_test,c5_666_cardboard_test_0006.jpg,near,test<->train,c5_1061_cardboard28.jpg
merged_test,c5_281_metal_test_0098.jpg,near,test<->train,c5_1069_cardboard_train_1776.jpg
merged_test,c5_64_metal_test_0069.jpg,near,test<->train,c5_1088_cardboard_train_0516.jpg
merged_test,c5_119_cardboard_test_0339.jpg,near,test<->train,c5_1122_cardboard207.jpg
merged_test,c5_421_paper_test_0060.jpg,near,test<->train,c5_1122_cardboard207.jpg
merged_test,c5_215_cardboard_test_0455.jpg,near,test<->train,c5_1125_cardboard43.jpg
merged_test,c5_742_cardboard_test_0111.jpg,near,test<->train,c5_1125_cardboard43.jpg
merged_test,c5_764_cardboard_test_0216.jpg,near,test<->train,c5_1125_cardboard43.jpg
merged_test,c5_47_glass_test_0451.jpg,near,test<->train,c5_1125_cardboard43.jpg
merged_test,c5_718_paper_test_0302.jpg,near,test<->train,c5_1125_cardboard43.jpg
merged_test,c5_242_organic_test_0490.jpg,near,test<->train,c5_1125_cardboard43.jpg
merged_test,c5_235_plastic385.jpg,near,test<->train,c5_1126_cardboard_train_0554.jpg
merged_test,c5_435_plastic385.jpg,near,test<->train,c5_1126_cardboard_train_0554.jpg
merged_test,c5_371_glass_test_0107.jpg,near,test<->train,c5_1127_cardboard_train_1215.jpg
merged_test,c5_744_cardboard_test_0117.jpg,near,test<->train,c5_1136_cardboard87.jpg
merged_test,c5_484_cardboard153.jpg,near,test<->train,c5_1165_cardboard_train_0626.jpg
merged_test,c5_548_cardboard153.jpg,near,test<->train,c5_1165_cardboard_train_0626.jpg
merged_test,c5_642_cardboard_test_0270.jpg,near,test<->train,c5_1212_cardboard_train_1203.jpg
merged_test,c5_389_cardboard_test_0231.jpg,near,test<->train,c5_1214_cardboard98.jpg
merged_test,c5_483_metal_test_0274.jpg,near,test<->train,c5_1214_cardboard98.jpg
merged_test,c5_573_trash281.jpg,near,test<->train,c5_1218_cardboard550.jpg
merged_test,c5_793_cardboard_test_0028.jpg,near,test<->train,c5_1226_cardboard85.jpg
merged_test,c5_404_cardboard_test_0495.jpg,near,test<->train,c5_1227_cardboard145.jpg
merged_test,c5_440_cardboard_test_0272.jpg,near,test<->train,c5_1232_cardboard82.jpg
merged_test,c5_736_paper_test_0256.jpg,near,test<->train,c5_1233_cardboard_train_0312.jpg
merged_test,c5_301_paper_test_0448.jpg,near,test<->train,c5_1233_cardboard_train_0312.jpg
merged_test,c5_157_cardboard_test_0436.jpg,near,test<->train,c5_1234_cardboard_train_0292.jpg
merged_test,c5_508_cardboard_test_0473.jpg,near,test<->train,c5_1234_cardboard_train_0292.jpg
merged_test,c5_516_cardboard_test_0200.jpg,near,test<->train,c5_1234_cardboard_train_0292.jpg
merged_test,c5_437_metal_test_0378.jpg,near,test<->train,c5_1234_cardboard_train_0292.jpg
merged_test,c5_115_cardboard_test_0243.jpg,near,test<->train,c5_1234_cardboard_train_0292.jpg
merged_test,c5_559_cardboard_test_0346.jpg,near,test<->train,c5_1234_cardboard_train_0292.jpg
merged_test,c5_770_cardboard_test_0063.jpg,near,test<->train,c5_1236_cardboard195.jpg
merged_test,c5_56_cardboard_test_0310.jpg,near,test<->train,c5_1268_cardboard263.jpg
merged_test,c5_437_cardboard_test_0481.jpg,near,test<->train,c5_1281_cardboard_train_0075.jpg
merged_test,c5_688_paper_test_0280.jpg,near,test<->train,c5_1287_cardboard_train_0856.jpg
merged_test,c5_535_cardboard_test_0277.jpg,near,test<->train,c5_1322_cardboard169.jpg
merged_test,c5_717_cardboard_test_0395.jpg,near,test<->train,c5_1332_cardboard149.jpg
merged_test,c5_360_cardboard_test_0427.jpg,near,test<->train,c5_1356_cardboard883.jpg
merged_test,c5_274_cardboard_test_0355.jpg,near,test<->train,c5_136_cardboard262.jpg
merged_test,c5_72_cardboard_test_0306.jpg,near,test<->train,c5_136_cardboard262.jpg
merged_test,c5_763_cardboard_test_0150.jpg,near,test<->train,c5_1388_cardboard6.jpg
merged_test,c5_730_cardboard_test_0241.jpg,near,test<->train,c5_1406_cardboard338.jpg
merged_test,c5_577_cardboard_test_0249.jpg,near,test<->train,c5_1408_cardboard266.jpg
merged_test,c5_665_green-glass253.jpg,near,test<->train,c5_1408_cardboard266.jpg
merged_test,c5_449_paper_test_0304.jpg,near,test<->train,c5_1408_cardboard266.jpg
merged_test,c5_447_cardboard_test_0128.jpg,near,test<->train,c5_1435_cardboard238.jpg
merged_test,c5_552_organic_test_0233.jpg,near,test<->train,c5_1459_cardboard_train_1325.jpg
merged_test,c5_16_clothes1751.jpg,near,test<->train,c5_1494_cardboard708.jpg
merged_test,c5_370_cardboard_test_0183.jpg,near,test<->train,c5_1528_cardboard59.jpg
merged_test,c5_70_cardboard_test_0470.jpg,near,test<->train,c5_1548_cardboard219.jpg
merged_test,c5_547_cardboard_test_0404.jpg,near,test<->train,c5_1549_cardboard305.jpg
merged_test,c5_116_cardboard_test_0084.jpg,near,test<->train,c5_1571_cardboard215.jpg
merged_test,c5_184_cardboard_test_0459.jpg,near,test<->train,c5_1589_cardboard274.jpg
merged_test,c5_520_cardboard_test_0046.jpg,near,test<->train,c5_1635_cardboard102.jpg
merged_test,c5_681_cardboard_test_0015.jpg,near,test<->train,c5_1635_cardboard102.jpg
merged_test,c5_739_cardboard_test_0362.jpg,near,test<->train,c5_1660_cardboard37.jpg
merged_test,c5_780_cardboard_test_0012.jpg,near,test<->train,c5_1686_cardboard229.jpg
merged_test,c5_447_paper_test_0067.jpg,near,test<->train,c5_1695_cardboard_train_0439.jpg
merged_test,c5_599_paper_test_0492.jpg,near,test<->train,c5_1695_cardboard_train_0439.jpg
merged_test,c5_403_cardboard_test_0114.jpg,near,test<->train,c5_1695_cardboard_train_0439.jpg
merged_test,c5_582_cardboard_test_0011.jpg,near,test<->train,c5_1715_cardboard150.jpg
merged_test,c5_375_cardboard_test_0410.jpg,near,test<->train,c5_171_cardboard92.jpg
merged_test,c5_280_organic_test_0192.jpg,near,test<->train,c5_1772_cardboard534.jpg
merged_test,c5_468_trash48.jpg,near,test<->train,c5_1772_cardboard534.jpg
merged_test,c5_204_cardboard_test_0281.jpg,near,test<->train,c5_1790_cardboard212.jpg
merged_test,c5_371_cardboard_test_0457.jpg,near,test<->train,c5_1803_cardboard83.jpg
merged_test,c5_15_cardboard_test_0267.jpg,near,test<->train,c5_1828_cardboard78.jpg
merged_test,c5_136_cardboard_test_0179.jpg,near,test<->train,c5_1841_cardboard42.jpg
merged_test,c5_97_organic_test_0302.jpg,near,test<->train,c5_1843_cardboard637.jpg
merged_test,c5_36_battery650.jpg,near,test<->train,c5_1846_cardboard_train_0413.jpg
merged_test,c5_355_cardboard_test_0095.jpg,near,test<->train,c5_1946_cardboard68.jpg
merged_test,c5_350_cardboard_test_0393.jpg,near,test<->train,c5_195_cardboard321.jpg
merged_test,c5_584_cardboard_test_0174.jpg,near,test<->train,c5_1979_cardboard759.jpg
merged_test,c5_402_cardboard_test_0047.jpg,near,test<->train,c5_2017_cardboard173.jpg
merged_test,c5_132_cardboard_test_0352.jpg,near,test<->train,c5_2061_cardboard880.jpg
merged_test,c5_711_glass_test_0434.jpg,near,test<->train,c5_2107_cardboard_train_1829.jpg
merged_test,c5_371_metal_test_0417.jpg,near,test<->train,c5_2107_cardboard_train_1829.jpg
merged_test,c5_420_metal_test_0348.jpg,near,test<->train,c5_2107_cardboard_train_1829.jpg
merged_test,c5_299_metal_test_0433.jpg,near,test<->train,c5_2107_cardboard_train_1829.jpg
merged_test,c5_85_cardboard_test_0389.jpg,near,test<->train,c5_2127_cardboard272.jpg
merged_test,c5_302_cardboard_test_0294.jpg,near,test<->train,c5_2149_cardboard31.jpg
merged_test,c5_190_cardboard_test_0413.jpg,near,test<->train,c5_2167_cardboard20.jpg
merged_test,c5_112_glass_test_0001.jpg,near,test<->train,c5_2172_cardboard27.jpg
merged_test,c5_696_cardboard_test_0494.jpg,near,test<->train,c5_218_cardboard118.jpg
merged_test,c5_384_cardboard_test_0169.jpg,near,test<->train,c5_2219_cardboard206.jpg
merged_test,c5_286_glass_test_0009.jpg,near,test<->train,c5_2220_cardboard_train_1510.jpg
merged_test,c5_374_cardboard_test_0311.jpg,near,test<->train,c5_2220_cardboard_train_1510.jpg
merged_test,c5_438_cardboard_test_0415.jpg,near,test<->train,c5_2247_cardboard55.jpg
merged_test,c5_545_cardboard_test_0107.jpg,near,test<->train,c5_2280_cardboard47.jpg
merged_test,c5_562_cardboard_test_0318.jpg,near,test<->train,c5_22_cardboard_train_0630.jpg
merged_test,c5_262_cardboard_test_0279.jpg,near,test<->train,c5_2381_cardboard222.jpg
merged_test,c5_512_cardboard_test_0440.jpg,near,test<->train,c5_2382_cardboard235.jpg
merged_test,c5_337_cardboard_test_0245.jpg,near,test<->train,c5_2386_cardboard29.jpg
merged_test,c5_380_cardboard_test_0034.jpg,near,test<->train,c5_2405_cardboard231.jpg
merged_test,c5_617_cardboard_test_0468.jpg,near,test<->train,c5_2414_cardboard180.jpg
merged_test,c5_774_cardboard163.jpg,near,test<->train,c5_2422_cardboard_train_1894.jpg
merged_test,c5_89_cardboard163.jpg,near,test<->train,c5_2422_cardboard_train_1894.jpg
merged_test,c5_633_cardboard_test_0329.jpg,near,test<->train,c5_2441_cardboard175.jpg
merged_test,c5_330_cardboard107.jpg,near,test<->train,c5_2447_cardboard_train_1603.jpg
merged_test,c5_510_cardboard107.jpg,near,test<->train,c5_2447_cardboard_train_1603.jpg
merged_test,c5_750_cardboard_test_0247.jpg,near,test<->train,c5_2485_cardboard251.jpg
merged_test,c5_718_cardboard_test_0206.jpg,near,test<->train,c5_252_cardboard334.jpg
merged_test,c5_231_cardboard_test_0483.jpg,near,test<->train,c5_2565_cardboard144.jpg
merged_test,c5_34_cardboard_test_0391.jpg,near,test<->train,c5_2650_cardboard123.jpg
merged_test,c5_109_cardboard_test_0121.jpg,near,test<->train,c5_2763_cardboard143.jpg
merged_test,c5_327_cardboard113.jpg,near,test<->train,c5_2791_cardboard_train_1372.jpg
merged_test,c5_443_cardboard113.jpg,near,test<->train,c5_2791_cardboard_train_1372.jpg
merged_test,c5_113_cardboard_test_0077.jpg,near,test<->train,c5_279_cardboard7.jpg
merged_test,c5_108_cardboard_test_0155.jpg,near,test<->train,c5_280_cardboard179.jpg
merged_test,c5_156_cardboard_test_0367.jpg,near,test<->train,c5_2839_cardboard331.jpg
merged_test,c5_35_cardboard_test_0060.jpg,near,test<->train,c5_2876_cardboard236.jpg
merged_test,c5_170_cardboard139.jpg,near,test<->train,c5_2892_cardboard_train_1695.jpg
merged_test,c5_788_cardboard139.jpg,near,test<->train,c5_2892_cardboard_train_1695.jpg
merged_test,c5_463_cardboard_test_0472.jpg,near,test<->train,c5_2902_cardboard496.jpg
merged_test,c5_137_cardboard258.jpg,near,test<->train,c5_2964_cardboard_train_1812.jpg
merged_test,c5_187_cardboard_test_0466.jpg,near,test<->train,c5_2964_cardboard_train_1812.jpg
merged_test,c5_98_cardboard258.jpg,near,test<->train,c5_2964_cardboard_train_1812.jpg
merged_test,c5_614_cardboard286.jpg,near,test<->train,c5_297_cardboard_train_1629.jpg
merged_test,c5_329_cardboard_test_0232.jpg,near,test<->train,c5_3039_cardboard_train_1689.jpg
merged_test,c5_733_glass_test_0275.jpg,near,test<->train,c5_3238_cardboard_train_1224.jpg
merged_test,c5_543_paper914.jpg,near,test<->train,c5_3294_cardboard196.jpg
merged_test,c5_682_paper914.jpg,near,test<->train,c5_3294_cardboard196.jpg
merged_test,c5_796_paper_test_0038.jpg,near,test<->train,c5_3294_cardboard196.jpg
merged_test,c5_22_cardboard_test_0435.jpg,near,test<->train,c5_342_cardboard_train_0694.jpg
merged_test,c5_160_cardboard86.jpg,near,test<->train,c5_345_cardboard_train_1120.jpg
merged_test,c5_777_cardboard86.jpg,near,test<->train,c5_345_cardboard_train_1120.jpg
merged_test,c5_482_cardboard_test_0478.jpg,near,test<->train,c5_50_cardboard2.jpg
merged_test,c5_476_cardboard225.jpg,near,test<->train,c5_577_cardboard_train_1140.jpg
merged_test,c5_797_cardboard225.jpg,near,test<->train,c5_577_cardboard_train_1140.jpg
merged_test,c5_515_cardboard_test_0222.jpg,near,test<->train,c5_687_cardboard183.jpg
merged_test,c5_693_cardboard_test_0242.jpg,near,test<->train,c5_911_cardboard178.jpg
merged_test,c5_198_cardboard_test_0008.jpg,near,test<->train,c5_936_cardboard133.jpg
merged_test,c5_504_cardboard_test_0430.jpg,near,test<->train,c5_942_cardboard200.jpg
merged_test,c5_226_plastic_test_0287.jpg,near,test<->train,c5_1038_glass_train_1211.jpg
merged_test,c5_476_glass_test_0236.jpg,near,test<->train,c5_1041_white-glass770.jpg
merged_test,c5_446_brown-glass189.jpg,near,test<->train,c5_1042_brown-glass98.jpg
merged_test,c5_481_glass_test_0023.jpg,near,test<->train,c5_1048_green-glass30.jpg
merged_test,c5_243_green-glass247.jpg,near,test<->train,c5_1078_white-glass61.jpg
merged_test,c5_604_glass_test_0129.jpg,near,test<->train,c5_1081_white-glass21.jpg
merged_test,c5_195_glass_test_0173.jpg,near,test<->train,c5_1109_white-glass22.jpg
merged_test,c5_340_brown-glass329.jpg,near,test<->train,c5_1138_white-glass195.jpg
merged_test,c5_342_glass_test_0331.jpg,near,test<->train,c5_1178_white-glass82.jpg
merged_test,c5_157_glass_test_0375.jpg,near,test<->train,c5_1208_white-glass166.jpg
merged_test,c5_585_white-glass302.jpg,near,test<->train,c5_1217_white-glass347.jpg
merged_test,c5_649_white-glass302.jpg,near,test<->train,c5_1217_white-glass347.jpg
merged_test,c5_352_glass_test_0030.jpg,near,test<->train,c5_1231_green-glass174.jpg
merged_test,c5_72_green-glass509.jpg,near,test<->train,c5_1243_brown-glass508.jpg
merged_test,c5_467_shoes88.jpg,near,test<->train,c5_1275_white-glass337.jpg
merged_test,c5_36_green-glass430.jpg,near,test<->train,c5_1292_green-glass115.jpg
merged_test,c5_212_glass_test_0279.jpg,near,test<->train,c5_1338_white-glass133.jpg
merged_test,c5_311_paper_test_0314.jpg,near,test<->train,c5_1359_white-glass477.jpg
merged_test,c5_760_organic_test_0348.jpg,near,test<->train,c5_1359_white-glass477.jpg
merged_test,c5_34_metal_test_0477.jpg,near,test<->train,c5_1373_glass_train_0037.jpg
merged_test,c5_625_paper_test_0453.jpg,near,test<->train,c5_1373_glass_train_0037.jpg
merged_test,c5_14_white-glass527.jpg,near,test<->train,c5_1435_white-glass663.jpg
merged_test,c5_550_green-glass167.jpg,near,test<->train,c5_1470_green-glass558.jpg
merged_test,c5_784_green-glass167.jpg,near,test<->train,c5_1470_green-glass558.jpg
merged_test,c5_88_cardboard_test_0192.jpg,near,test<->train,c5_1470_green-glass558.jpg
merged_test,c5_573_glass_test_0128.jpg,near,test<->train,c5_1507_white-glass94.jpg
merged_test,c5_440_glass_test_0348.jpg,near,test<->train,c5_1508_brown-glass197.jpg
merged_test,c5_508_white-glass25.jpg,near,test<->train,c5_1513_glass_train_1940.jpg
merged_test,c5_602_glass_test_0078.jpg,near,test<->train,c5_1540_white-glass762.jpg
merged_test,c5_351_glass_test_0046.jpg,near,test<->train,c5_1543_white-glass55.jpg
merged_test,c5_250_glass_test_0492.jpg,near,test<->train,c5_1575_brown-glass291.jpg
merged_test,c5_479_white-glass710.jpg,near,test<->train,c5_1613_white-glass679.jpg
merged_test,c5_312_plastic708.jpg,near,test<->train,c5_1617_white-glass367.jpg
merged_test,c5_691_plastic708.jpg,near,test<->train,c5_1617_white-glass367.jpg
merged_test,c5_480_glass_test_0338.jpg,near,test<->train,c5_1622_white-glass236.jpg
merged_test,c5_655_brown-glass276.jpg,near,test<->train,c5_1644_glass_train_0346.jpg
merged_test,c5_511_glass_test_0346.jpg,near,test<->train,c5_1654_white-glass144.jpg
merged_test,c5_1_glass_test_0349.jpg,near,test<->train,c5_1704_glass_train_0668.jpg
merged_test,c5_422_metal_test_0377.jpg,near,test<->train,c5_1704_glass_train_0668.jpg
merged_test,c5_662_paper_test_0480.jpg,near,test<->train,c5_1704_glass_train_0668.jpg
merged_test,c5_167_white-glass86.jpg,near,test<->train,c5_1715_glass_train_0289.jpg
merged_test,c5_593_brown-glass228.jpg,near,test<->train,c5_1742_glass_train_0317.jpg
merged_test,c5_620_glass_test_0125.jpg,near,test<->train,c5_1782_white-glass192.jpg
merged_test,c5_718_glass_test_0478.jpg,near,test<->train,c5_1827_white-glass81.jpg
merged_test,c5_233_metal_test_0344.jpg,near,test<->train,c5_184_green-glass601.jpg
merged_test,c5_667_green-glass113.jpg,near,test<->train,c5_1894_brown-glass541.jpg
merged_test,c5_48_glass_test_0290.jpg,near,test<->train,c5_1904_brown-glass175.jpg
merged_test,c5_675_white-glass194.jpg,near,test<->train,c5_1918_glass_train_1528.jpg
merged_test,c5_397_glass_test_0328.jpg,near,test<->train,c5_1923_white-glass218.jpg
merged_test,c5_187_metal_test_0151.jpg,near,test<->train,c5_2010_green-glass197.jpg
merged_test,c5_767_white-glass151.jpg,near,test<->train,c5_2012_glass_train_0815.jpg
merged_test,c5_771_green-glass183.jpg,near,test<->train,c5_2079_brown-glass159.jpg
merged_test,c5_662_glass_test_0450.jpg,near,test<->train,c5_207_brown-glass239.jpg
merged_test,c5_227_green-glass410.jpg,near,test<->train,c5_20_green-glass526.jpg
merged_test,c5_217_glass_test_0013.jpg,near,test<->train,c5_2124_white-glass184.jpg
merged_test,c5_345_glass_test_0356.jpg,near,test<->train,c5_2166_white-glass682.jpg
merged_test,c5_267_green-glass305.jpg,near,test<->train,c5_2183_green-glass437.jpg
merged_test,c5_17_white-glass221.jpg,near,test<->train,c5_220_glass_train_0069.jpg
merged_test,c5_204_glass_test_0124.jpg,near,test<->train,c5_2264_white-glass78.jpg
merged_test,c5_113_glass_test_0102.jpg,near,test<->train,c5_2311_white-glass229.jpg
merged_test,c5_736_glass_test_0127.jpg,near,test<->train,c5_2320_white-glass152.jpg
merged_test,c5_743_brown-glass405.jpg,near,test<->train,c5_2376_brown-glass526.jpg
merged_test,c5_396_green-glass417.jpg,near,test<->train,c5_2381_green-glass149.jpg
merged_test,c5_236_glass_test_0249.jpg,near,test<->train,c5_2525_white-glass518.jpg
merged_test,c5_98_glass_test_0132.jpg,near,test<->train,c5_2564_glass_train_0613.jpg
merged_test,c5_241_metal_test_0008.jpg,near,test<->train,c5_2605_green-glass415.jpg
merged_test,c5_488_white-glass763.jpg,near,test<->train,c5_260_glass_train_1050.jpg
merged_test,c5_100_glass_test_0031.jpg,near,test<->train,c5_2786_brown-glass136.jpg
merged_test,c5_519_metal_test_0082.jpg,near,test<->train,c5_2794_brown-glass532.jpg
merged_test,c5_130_white-glass207.jpg,near,test<->train,c5_287_glass_train_0356.jpg
merged_test,c5_435_white-glass207.jpg,near,test<->train,c5_287_glass_train_0356.jpg
merged_test,c5_750_glass_test_0223.jpg,near,test<->train,c5_2884_green-glass145.jpg
merged_test,c5_577_white-glass18.jpg,near,test<->train,c5_2953_glass_train_0017.jpg
merged_test,c5_6_white-glass32.jpg,near,test<->train,c5_3013_glass_train_0339.jpg
merged_test,c5_27_battery471.jpg,near,test<->train,c5_3015_brown-glass478.jpg
merged_test,c5_338_white-glass180.jpg,near,test<->train,c5_3091_glass_train_1609.jpg
merged_test,c5_539_glass_test_0082.jpg,near,test<->train,c5_3128_brown-glass192.jpg
merged_test,c5_246_glass_test_0299.jpg,near,test<->train,c5_3167_white-glass231.jpg
merged_test,c5_439_plastic192.jpg,near,test<->train,c5_3192_glass_train_0033.jpg
merged_test,c5_87_plastic192.jpg,near,test<->train,c5_3192_glass_train_0033.jpg
merged_test,c5_634_white-glass417.jpg,near,test<->train,c5_3286_white-glass403.jpg
merged_test,c5_581_brown-glass214.jpg,near,test<->train,c5_3301_glass_train_0574.jpg
merged_test,c5_495_brown-glass264.jpg,near,test<->train,c5_3315_glass_train_1711.jpg
merged_test,c5_71_white-glass196.jpg,near,test<->train,c5_3319_glass_train_1325.jpg
merged_test,c5_99_white-glass65.jpg,near,test<->train,c5_3331_brown-glass271.jpg
merged_test,c5_510_glass_test_0033.jpg,near,test<->train,c5_3392_green-glass132.jpg
merged_test,c5_57_glass_test_0182.jpg,near,test<->train,c5_3396_glass_train_0242.jpg
merged_test,c5_472_glass_test_0305.jpg,near,test<->train,c5_3416_white-glass89.jpg
merged_test,c5_723_glass_test_0280.jpg,near,test<->train,c5_3426_glass_train_1244.jpg
merged_test,c5_795_glass_test_0421.jpg,near,test<->train,c5_3434_white-glass12.jpg
merged_test,c5_105_glass_test_0252.jpg,near,test<->train,c5_343_glass_train_0448.jpg
merged_test,c5_383_glass_test_0256.jpg,near,test<->train,c5_3450_brown-glass472.jpg
merged_test,c5_780_glass_test_0016.jpg,near,test<->train,c5_359_white-glass70.jpg
merged_test,c5_414_glass_test_0206.jpg,near,test<->train,c5_387_glass_train_0495.jpg
merged_test,c5_514_glass_test_0205.jpg,near,test<->train,c5_3_brown-glass294.jpg
merged_test,c5_552_trash644.jpg,near,test<->train,c5_481_brown-glass48.jpg
merged_test,c5_370_glass_test_0242.jpg,near,test<->train,c5_492_white-glass117.jpg
merged_test,c5_463_glass_test_0437.jpg,near,test<->train,c5_503_green-glass390.jpg
merged_test,c5_574_glass_test_0440.jpg,near,test<->train,c5_503_green-glass390.jpg
merged_test,c5_776_organic_test_0285.jpg,near,test<->train,c5_580_glass_train_0621.jpg
merged_test,c5_391_glass_test_0383.jpg,near,test<->train,c5_621_white-glass759.jpg
merged_test,c5_443_green-glass581.jpg,near,test<->train,c5_664_green-glass595.jpg
merged_test,c5_264_white-glass230.jpg,near,test<->train,c5_676_glass_train_0262.jpg
merged_test,c5_450_brown-glass170.jpg,near,test<->train,c5_753_glass_train_0546.jpg
merged_test,c5_77_brown-glass170.jpg,near,test<->train,c5_753_glass_train_0546.jpg
merged_test,c5_178_glass_test_0287.jpg,near,test<->train,c5_777_green-glass235.jpg
merged_test,c5_34_glass_test_0027.jpg,near,test<->train,c5_778_white-glass761.jpg
merged_test,c5_20_plastic_test_0456.jpg,near,test<->train,c5_778_white-glass761.jpg
merged_test,c5_752_plastic556.jpg,near,test<->train,c5_778_white-glass761.jpg
merged_test,c5_270_green-glass162.jpg,near,test<->train,c5_830_glass_train_1954.jpg
merged_test,c5_79_glass_test_0251.jpg,near,test<->train,c5_924_green-glass137.jpg
merged_test,c5_630_metal_test_0478.jpg,near,test<->train,c5_100_metal431.jpg
merged_test,c5_136_metal_test_0437.jpg,near,test<->train,c5_1016_metal211.jpg
merged_test,c5_279_metal_test_0266.jpg,near,test<->train,c5_1027_metal217.jpg
merged_test,c5_677_metal_test_0072.jpg,near,test<->train,c5_104_metal59.jpg
merged_test,c5_316_metal_test_0055.jpg,near,test<->train,c5_1058_metal_train_0216.jpg
merged_test,c5_42_metal_test_0052.jpg,near,test<->train,c5_1063_metal361.jpg
merged_test,c5_268_metal_test_0174.jpg,near,test<->train,c5_1077_metal285.jpg
merged_test,c5_737_metal_test_0493.jpg,near,test<->train,c5_112_metal49.jpg
merged_test,c5_686_metal_test_0134.jpg,near,test<->train,c5_1177_metal132.jpg
merged_test,c5_542_metal_test_0238.jpg,near,test<->train,c5_1181_metal428.jpg
merged_test,c5_741_metal_test_0188.jpg,near,test<->train,c5_1189_metal339.jpg
merged_test,c5_345_metal_test_0335.jpg,near,test<->train,c5_1197_metal273.jpg
merged_test,c5_768_metal_test_0419.jpg,near,test<->train,c5_1226_metal450.jpg
merged_test,c5_408_metal_test_0175.jpg,near,test<->train,c5_1237_metal287.jpg
merged_test,c5_311_metal_test_0030.jpg,near,test<->train,c5_1265_metal325.jpg
merged_test,c5_246_metal_test_0094.jpg,near,test<->train,c5_1275_metal439.jpg
merged_test,c5_100_metal_test_0499.jpg,near,test<->train,c5_1278_metal54.jpg
merged_test,c5_789_metal_test_0065.jpg,near,test<->train,c5_1286_metal362.jpg
merged_test,c5_578_metal_test_0193.jpg,near,test<->train,c5_1333_metal208.jpg
merged_test,c5_736_metal_test_0407.jpg,near,test<->train,c5_1342_metal331.jpg
merged_test,c5_147_metal318.jpg,near,test<->train,c5_1364_metal_train_0222.jpg
merged_test,c5_295_metal318.jpg,near,test<->train,c5_1364_metal_train_0222.jpg
merged_test,c5_363_metal_test_0237.jpg,near,test<->train,c5_1369_metal30.jpg
merged_test,c5_564_shoes1088.jpg,near,test<->train,c5_1413_metal150.jpg
merged_test,c5_355_metal_test_0430.jpg,near,test<->train,c5_1415_metal264.jpg
merged_test,c5_554_metal_test_0048.jpg,near,test<->train,c5_1420_metal18.jpg
merged_test,c5_769_metal_test_0332.jpg,near,test<->train,c5_1447_metal166.jpg
merged_test,c5_453_metal_test_0311.jpg,near,test<->train,c5_1532_metal296.jpg
merged_test,c5_548_metal_test_0182.jpg,near,test<->train,c5_1550_metal229.jpg
merged_test,c5_18_metal_test_0460.jpg,near,test<->train,c5_1556_metal272.jpg
merged_test,c5_288_cardboard_test_0368.jpg,near,test<->train,c5_1571_metal_train_1677.jpg
merged_test,c5_334_metal_test_0329.jpg,near,test<->train,c5_1615_metal300.jpg
merged_test,c5_383_metal_test_0441.jpg,near,test<->train,c5_1623_metal419.jpg
merged_test,c5_474_metal_test_0113.jpg,near,test<->train,c5_1650_metal244.jpg
merged_test,c5_314_metal_test_0060.jpg,near,test<->train,c5_1654_metal122.jpg
merged_test,c5_751_metal_test_0044.jpg,near,test<->train,c5_1672_metal141.jpg
merged_test,c5_31_metal_test_0258.jpg,near,test<->train,c5_1680_metal221.jpg
merged_test,c5_135_metal_test_0155.jpg,near,test<->train,c5_1683_metal421.jpg
merged_test,c5_129_metal_test_0136.jpg,near,test<->train,c5_1685_metal266.jpg
merged_test,c5_404_metal_test_0004.jpg,near,test<->train,c5_1771_metal139.jpg
merged_test,c5_76_metal_test_0276.jpg,near,test<->train,c5_1779_metal283.jpg
merged_test,c5_409_metal_test_0314.jpg,near,test<->train,c5_1797_metal385.jpg
merged_test,c5_454_metal_test_0292.jpg,near,test<->train,c5_1802_metal234.jpg
merged_test,c5_193_metal_test_0156.jpg,near,test<->train,c5_1814_metal202.jpg
merged_test,c5_468_metal_test_0202.jpg,near,test<->train,c5_1848_metal197.jpg
merged_test,c5_433_metal322.jpg,near,test<->train,c5_1873_metal_train_0253.jpg
merged_test,c5_69_metal322.jpg,near,test<->train,c5_1873_metal_train_0253.jpg
merged_test,c5_622_metal_test_0146.jpg,near,test<->train,c5_1875_metal456.jpg
merged_test,c5_744_metal_test_0349.jpg,near,test<->train,c5_1882_metal226.jpg
merged_test,c5_122_metal_test_0282.jpg,near,test<->train,c5_1890_metal256.jpg
merged_test,c5_496_metal243.jpg,near,test<->train,c5_1892_metal_train_1721.jpg
merged_test,c5_774_metal243.jpg,near,test<->train,c5_1892_metal_train_1721.jpg
merged_test,c5_155_metal_test_0350.jpg,near,test<->train,c5_1915_metal397.jpg
merged_test,c5_501_organic_test_0355.jpg,near,test<->train,c5_1936_metal_train_0945.jpg
merged_test,c5_54_metal_test_0443.jpg,near,test<->train,c5_194_metal184.jpg
merged_test,c5_570_metal_test_0087.jpg,near,test<->train,c5_1970_metal196.jpg
merged_test,c5_207_metal_test_0492.jpg,near,test<->train,c5_1970_metal196.jpg
merged_test,c5_66_metal_test_0339.jpg,near,test<->train,c5_2023_metal93.jpg
merged_test,c5_148_metal_test_0224.jpg,near,test<->train,c5_2054_metal40.jpg
merged_test,c5_579_metal_test_0351.jpg,near,test<->train,c5_2054_metal40.jpg
merged_test,c5_250_metal_test_0482.jpg,near,test<->train,c5_2066_metal76.jpg
merged_test,c5_697_metal_test_0372.jpg,near,test<->train,c5_2074_metal350.jpg
merged_test,c5_704_metal_test_0217.jpg,near,test<->train,c5_2085_metal308.jpg
merged_test,c5_553_metal_test_0206.jpg,near,test<->train,c5_2100_metal26.jpg
merged_test,c5_515_metal_test_0086.jpg,near,test<->train,c5_2106_metal309.jpg
merged_test,c5_791_metal_test_0187.jpg,near,test<->train,c5_2114_metal271.jpg
merged_test,c5_662_metal_test_0097.jpg,near,test<->train,c5_2201_metal32.jpg
merged_test,c5_255_metal_test_0375.jpg,near,test<->train,c5_2215_metal181.jpg
merged_test,c5_770_metal_test_0057.jpg,near,test<->train,c5_2218_metal375.jpg
merged_test,c5_734_metal_test_0013.jpg,near,test<->train,c5_2224_metal_train_0666.jpg
merged_test,c5_61_metal_test_0488.jpg,near,test<->train,c5_2255_metal466.jpg
merged_test,c5_145_metal_test_0271.jpg,near,test<->train,c5_2266_metal411.jpg
merged_test,c5_143_metal_test_0167.jpg,near,test<->train,c5_2360_metal27.jpg
merged_test,c5_620_metal_test_0211.jpg,near,test<->train,c5_2360_metal27.jpg
merged_test,c5_67_metal_test_0198.jpg,near,test<->train,c5_2393_metal294.jpg
merged_test,c5_418_metal_test_0451.jpg,near,test<->train,c5_2428_metal95.jpg
merged_test,c5_569_metal_test_0486.jpg,near,test<->train,c5_2430_metal454.jpg
merged_test,c5_308_metal278.jpg,near,test<->train,c5_2468_metal_train_1640.jpg
merged_test,c5_503_metal278.jpg,near,test<->train,c5_2468_metal_train_1640.jpg
merged_test,c5_181_cardboard_test_0303.jpg,near,test<->train,c5_2524_metal_train_0110.jpg
merged_test,c5_611_metal_test_0462.jpg,near,test<->train,c5_25_metal53.jpg
merged_test,c5_103_metal_test_0037.jpg,near,test<->train,c5_2635_metal37.jpg
merged_test,c5_581_metal236.jpg,near,test<->train,c5_2641_metal_train_1761.jpg
merged_test,c5_641_metal_test_0173.jpg,near,test<->train,c5_2667_metal_train_0440.jpg
merged_test,c5_87_metal_test_0342.jpg,near,test<->train,c5_268_metal403.jpg
merged_test,c5_412_metal_test_0001.jpg,near,test<->train,c5_2740_metal442.jpg
merged_test,c5_331_metal_test_0222.jpg,near,test<->train,c5_2760_metal73.jpg
merged_test,c5_790_metal_test_0268.jpg,near,test<->train,c5_2822_metal317.jpg
merged_test,c5_653_metal_test_0137.jpg,near,test<->train,c5_287_metal277.jpg
merged_test,c5_717_metal_test_0326.jpg,near,test<->train,c5_2971_metal183.jpg
merged_test,c5_306_metal_test_0076.jpg,near,test<->train,c5_3009_metal262.jpg
merged_test,c5_616_metal_test_0295.jpg,near,test<->train,c5_3101_metal205.jpg
merged_test,c5_714_metal_test_0412.jpg,near,test<->train,c5_3124_metal259.jpg
merged_test,c5_469_metal_test_0347.jpg,near,test<->train,c5_456_metal295.jpg
merged_test,c5_520_metal_test_0218.jpg,near,test<->train,c5_458_metal130.jpg
merged_test,c5_353_metal159.jpg,near,test<->train,c5_499_metal_train_1635.jpg
merged_test,c5_780_metal159.jpg,near,test<->train,c5_499_metal_train_1635.jpg
merged_test,c5_521_metal_test_0104.jpg,near,test<->train,c5_619_metal406.jpg
merged_test,c5_152_metal_test_0116.jpg,near,test<->train,c5_711_metal22.jpg
merged_test,c5_221_metal_test_0315.jpg,near,test<->train,c5_736_metal86.jpg
merged_test,c5_385_metal_test_0128.jpg,near,test<->train,c5_77_metal247.jpg
merged_test,c5_99_metal_test_0448.jpg,near,test<->train,c5_780_metal438.jpg
merged_test,c5_280_metal_test_0161.jpg,near,test<->train,c5_792_metal222.jpg
merged_test,c5_752_metal_test_0491.jpg,near,test<->train,c5_822_metal52.jpg
merged_test,c5_69_organic_test_0394.jpg,near,test<->train,c5_1090_organic_train_0065.jpg
merged_test,c5_87_organic_test_0089.jpg,near,test<->train,c5_1255_organic_train_1371.jpg
merged_test,c5_228_metal_test_0440.jpg,near,test<->train,c5_179_organic_train_0159.jpg
merged_test,c5_128_shoes692.jpg,near,test<->train,c5_1885_biological712.jpg
merged_test,c5_136_glass_test_0200.jpg,near,test<->train,c5_1964_organic_train_1624.jpg
merged_test,c5_463_biological558.jpg,near,test<->train,c5_2331_biological379.jpg
merged_test,c5_603_biological558.jpg,near,test<->train,c5_2331_biological379.jpg
merged_test,c5_244_biological402.jpg,near,test<->train,c5_2365_biological781.jpg
merged_test,c5_708_biological402.jpg,near,test<->train,c5_2365_biological781.jpg
merged_test,c5_8_cardboard_test_0205.jpg,near,test<->train,c5_2820_organic_train_1480.jpg
merged_test,c5_52_organic_test_0235.jpg,near,test<->train,c5_591_organic_train_1888.jpg
merged_test,c5_598_paper1003.jpg,near,test<->train,c5_1018_paper_train_1386.jpg
merged_test,c5_702_paper810.jpg,near,test<->train,c5_1063_paper_train_0796.jpg
merged_test,c5_771_paper810.jpg,near,test<->train,c5_1063_paper_train_0796.jpg
merged_test,c5_551_paper_test_0080.jpg,near,test<->train,c5_107_paper672.jpg
merged_test,c5_204_paper_test_0357.jpg,near,test<->train,c5_1080_paper819.jpg
merged_test,c5_358_paper_test_0040.jpg,near,test<->train,c5_108_paper679.jpg
merged_test,c5_188_paper733.jpg,near,test<->train,c5_1098_paper_train_1071.jpg
merged_test,c5_667_paper733.jpg,near,test<->train,c5_1098_paper_train_1071.jpg
merged_test,c5_442_paper_test_0138.jpg,near,test<->train,c5_1135_paper44.jpg
merged_test,c5_457_paper_test_0286.jpg,near,test<->train,c5_1183_paper1031.jpg
merged_test,c5_303_paper38.jpg,near,test<->train,c5_1193_paper_train_0942.jpg
merged_test,c5_393_paper38.jpg,near,test<->train,c5_1193_paper_train_0942.jpg
merged_test,c5_576_paper_test_0207.jpg,near,test<->train,c5_119_paper690.jpg
merged_test,c5_469_paper_test_0059.jpg,near,test<->train,c5_1206_paper758.jpg
merged_test,c5_58_paper_test_0046.jpg,near,test<->train,c5_1237_paper548.jpg
merged_test,c5_59_paper_test_0291.jpg,near,test<->train,c5_1259_paper528.jpg
merged_test,c5_540_paper_test_0438.jpg,near,test<->train,c5_1286_paper576.jpg
merged_test,c5_169_paper_test_0495.jpg,near,test<->train,c5_1344_paper_train_1239.jpg
merged_test,c5_642_paper_test_0484.jpg,near,test<->train,c5_1348_paper634.jpg
merged_test,c5_635_paper_test_0215.jpg,near,test<->train,c5_1355_paper556.jpg
merged_test,c5_106_paper889.jpg,near,test<->train,c5_1366_paper_train_0757.jpg
merged_test,c5_689_paper889.jpg,near,test<->train,c5_1366_paper_train_0757.jpg
merged_test,c5_562_paper_test_0345.jpg,near,test<->train,c5_1399_paper848.jpg
merged_test,c5_788_paper_test_0401.jpg,near,test<->train,c5_1413_paper1012.jpg
merged_test,c5_538_paper747.jpg,near,test<->train,c5_1426_paper_train_1343.jpg
merged_test,c5_74_paper747.jpg,near,test<->train,c5_1426_paper_train_1343.jpg
merged_test,c5_431_paper_test_0057.jpg,near,test<->train,c5_1430_paper4.jpg
merged_test,c5_286_paper460.jpg,near,test<->train,c5_1476_paper_train_1285.jpg
merged_test,c5_683_paper460.jpg,near,test<->train,c5_1476_paper_train_1285.jpg
merged_test,c5_3_paper1019.jpg,near,test<->train,c5_1480_paper_train_1050.jpg
merged_test,c5_159_paper_test_0232.jpg,near,test<->train,c5_1480_paper_train_1050.jpg
merged_test,c5_590_paper_test_0326.jpg,near,test<->train,c5_1531_paper989.jpg
merged_test,c5_713_paper_test_0214.jpg,near,test<->train,c5_1577_paper104.jpg
merged_test,c5_455_organic_test_0389.jpg,near,test<->train,c5_1594_paper691.jpg
merged_test,c5_616_paper_test_0153.jpg,near,test<->train,c5_1635_paper_train_1442.jpg
merged_test,c5_609_paper_test_0330.jpg,near,test<->train,c5_1669_paper26.jpg
merged_test,c5_16_paper1011.jpg,near,test<->train,c5_167_paper_train_0706.jpg
merged_test,c5_98_paper1011.jpg,near,test<->train,c5_167_paper_train_0706.jpg
merged_test,c5_194_paper_test_0160.jpg,near,test<->train,c5_1692_paper692.jpg
merged_test,c5_196_paper_test_0231.jpg,near,test<->train,c5_16_paper_train_1380.jpg
merged_test,c5_207_paper746.jpg,near,test<->train,c5_16_paper_train_1380.jpg
merged_test,c5_418_paper746.jpg,near,test<->train,c5_16_paper_train_1380.jpg
merged_test,c5_666_paper_test_0083.jpg,near,test<->train,c5_174_paper902.jpg
merged_test,c5_379_paper_test_0485.jpg,near,test<->train,c5_1785_paper999.jpg
merged_test,c5_321_paper881.jpg,near,test<->train,c5_1789_paper_train_0016.jpg
merged_test,c5_700_paper881.jpg,near,test<->train,c5_1789_paper_train_0016.jpg
merged_test,c5_405_paper_test_0267.jpg,near,test<->train,c5_1796_paper713.jpg
merged_test,c5_248_paper812.jpg,near,test<->train,c5_179_paper_train_0011.jpg
merged_test,c5_274_paper812.jpg,near,test<->train,c5_179_paper_train_0011.jpg
merged_test,c5_81_paper_test_0416.jpg,near,test<->train,c5_179_paper_train_0011.jpg
merged_test,c5_415_paper_test_0245.jpg,near,test<->train,c5_1840_paper491.jpg
merged_test,c5_384_paper1034.jpg,near,test<->train,c5_1859_paper_train_1900.jpg
merged_test,c5_420_paper1034.jpg,near,test<->train,c5_1859_paper_train_1900.jpg
merged_test,c5_345_paper_test_0010.jpg,near,test<->train,c5_187_paper823.jpg
merged_test,c5_453_paper_test_0140.jpg,near,test<->train,c5_1925_paper638.jpg
merged_test,c5_555_paper_test_0328.jpg,near,test<->train,c5_1954_paper580.jpg
merged_test,c5_128_paper_test_0047.jpg,near,test<->train,c5_1988_paper699.jpg
merged_test,c5_285_paper_test_0009.jpg,near,test<->train,c5_1989_paper20.jpg
merged_test,c5_166_paper526.jpg,near,test<->train,c5_2001_paper_train_0768.jpg
merged_test,c5_510_paper526.jpg,near,test<->train,c5_2001_paper_train_0768.jpg
merged_test,c5_632_paper_test_0435.jpg,near,test<->train,c5_2023_paper681.jpg
merged_test,c5_779_paper_test_0045.jpg,near,test<->train,c5_2026_paper701.jpg
merged_test,c5_259_paper_test_0385.jpg,near,test<->train,c5_2029_paper779.jpg
merged_test,c5_521_paper1035.jpg,near,test<->train,c5_2044_paper_train_1341.jpg
merged_test,c5_781_paper1035.jpg,near,test<->train,c5_2044_paper_train_1341.jpg
merged_test,c5_678_paper_test_0131.jpg,near,test<->train,c5_2052_paper544.jpg
merged_test,c5_27_paper_test_0411.jpg,near,test<->train,c5_2068_paper838.jpg
merged_test,c5_171_paper_test_0085.jpg,near,test<->train,c5_2070_paper861.jpg
merged_test,c5_137_paper_test_0001.jpg,near,test<->train,c5_2088_paper917.jpg
merged_test,c5_183_paper_test_0253.jpg,near,test<->train,c5_2100_paper_train_0810.jpg
merged_test,c5_519_paper23.jpg,near,test<->train,c5_2107_paper31.jpg
merged_test,c5_66_paper_test_0115.jpg,near,test<->train,c5_210_paper868.jpg
merged_test,c5_355_paper47.jpg,near,test<->train,c5_2144_paper_train_0539.jpg
merged_test,c5_5_paper47.jpg,near,test<->train,c5_2144_paper_train_0539.jpg
merged_test,c5_623_paper37.jpg,near,test<->train,c5_2223_paper_train_0841.jpg
merged_test,c5_484_paper686.jpg,near,test<->train,c5_2232_paper_train_1379.jpg
merged_test,c5_118_paper209.jpg,near,test<->train,c5_229_paper_train_0345.jpg
merged_test,c5_272_paper_test_0209.jpg,near,test<->train,c5_2340_paper_train_0292.jpg
merged_test,c5_267_paper949.jpg,near,test<->train,c5_2379_paper_train_1160.jpg
merged_test,c5_657_paper949.jpg,near,test<->train,c5_2379_paper_train_1160.jpg
merged_test,c5_117_paper_test_0165.jpg,near,test<->train,c5_2385_paper700.jpg
merged_test,c5_144_paper_test_0175.jpg,near,test<->train,c5_239_paper55.jpg
merged_test,c5_456_paper_test_0216.jpg,near,test<->train,c5_2419_paper479.jpg
merged_test,c5_0_paper_test_0312.jpg,near,test<->train,c5_2490_paper791.jpg
merged_test,c5_494_paper_test_0225.jpg,near,test<->train,c5_2512_paper383.jpg
merged_test,c5_571_paper673.jpg,near,test<->train,c5_2549_paper_train_1896.jpg
merged_test,c5_94_paper673.jpg,near,test<->train,c5_2549_paper_train_1896.jpg
merged_test,c5_732_paper603.jpg,near,test<->train,c5_2563_paper_train_0429.jpg
merged_test,c5_148_paper993.jpg,near,test<->train,c5_2569_paper_train_0034.jpg
merged_test,c5_250_paper_test_0252.jpg,near,test<->train,c5_2578_paper1047.jpg
merged_test,c5_208_paper_test_0064.jpg,near,test<->train,c5_2588_paper468.jpg
merged_test,c5_362_paper_test_0062.jpg,near,test<->train,c5_260_paper908.jpg
merged_test,c5_241_paper_test_0471.jpg,near,test<->train,c5_2611_paper815.jpg
merged_test,c5_280_paper962.jpg,near,test<->train,c5_2703_paper_train_1550.jpg
merged_test,c5_746_paper962.jpg,near,test<->train,c5_2703_paper_train_1550.jpg
merged_test,c5_363_paper_test_0018.jpg,near,test<->train,c5_2715_paper808.jpg
merged_test,c5_775_paper_test_0260.jpg,near,test<->train,c5_2727_paper1038.jpg
merged_test,c5_350_paper625.jpg,near,test<->train,c5_276_paper_train_0837.jpg
merged_test,c5_368_paper_test_0367.jpg,near,test<->train,c5_2811_paper628.jpg
merged_test,c5_765_paper_test_0275.jpg,near,test<->train,c5_2823_paper728.jpg
merged_test,c5_408_paper_test_0301.jpg,near,test<->train,c5_2842_paper992.jpg
merged_test,c5_39_paper_test_0222.jpg,near,test<->train,c5_2859_paper879.jpg
merged_test,c5_596_paper_test_0422.jpg,near,test<->train,c5_2935_paper1033.jpg
merged_test,c5_122_paper_test_0405.jpg,near,test<->train,c5_2943_paper499.jpg
merged_test,c5_114_paper_test_0356.jpg,near,test<->train,c5_2950_paper167.jpg
merged_test,c5_375_paper_test_0337.jpg,near,test<->train,c5_2959_paper899.jpg
merged_test,c5_92_paper_test_0164.jpg,near,test<->train,c5_2959_paper899.jpg
merged_test,c5_602_paper_test_0117.jpg,near,test<->train,c5_3086_paper1050.jpg
merged_test,c5_237_paper840.jpg,near,test<->train,c5_309_paper_train_0235.jpg
merged_test,c5_735_paper840.jpg,near,test<->train,c5_309_paper_train_0235.jpg
merged_test,c5_64_paper591.jpg,near,test<->train,c5_310_paper_train_1089.jpg
merged_test,c5_589_paper_test_0270.jpg,near,test<->train,c5_3120_paper792.jpg
merged_test,c5_34_paper_test_0121.jpg,near,test<->train,c5_3133_paper951.jpg
merged_test,c5_716_paper_test_0381.jpg,near,test<->train,c5_3135_paper_train_0373.jpg
merged_test,c5_163_paper532.jpg,near,test<->train,c5_316_paper_train_1353.jpg
merged_test,c5_671_paper532.jpg,near,test<->train,c5_316_paper_train_1353.jpg
merged_test,c5_341_paper_test_0028.jpg,near,test<->train,c5_3181_paper927.jpg
merged_test,c5_327_paper_test_0473.jpg,near,test<->train,c5_3182_paper584.jpg
merged_test,c5_20_paper_test_0321.jpg,near,test<->train,c5_3218_paper1039.jpg
merged_test,c5_225_paper_test_0006.jpg,near,test<->train,c5_322_paper661.jpg
merged_test,c5_661_paper_test_0481.jpg,near,test<->train,c5_3231_paper464.jpg
merged_test,c5_548_paper_test_0324.jpg,near,test<->train,c5_3273_paper564.jpg
merged_test,c5_224_paper_test_0171.jpg,near,test<->train,c5_328_paper362.jpg
merged_test,c5_406_paper_test_0196.jpg,near,test<->train,c5_3304_paper_train_1752.jpg
merged_test,c5_778_clothes2355.jpg,near,test<->train,c5_3330_paper_train_1927.jpg
merged_test,c5_36_paper_test_0445.jpg,near,test<->train,c5_3371_paper48.jpg
merged_test,c5_62_paper_test_0259.jpg,near,test<->train,c5_3425_paper610.jpg
merged_test,c5_450_paper507.jpg,near,test<->train,c5_3432_paper_train_1769.jpg
merged_test,c5_681_paper507.jpg,near,test<->train,c5_3432_paper_train_1769.jpg
merged_test,c5_523_paper_test_0443.jpg,near,test<->train,c5_3498_paper864.jpg
merged_test,c5_389_paper_test_0013.jpg,near,test<->train,c5_367_paper9.jpg
merged_test,c5_269_paper_test_0141.jpg,near,test<->train,c5_40_paper827.jpg
merged_test,c5_454_paper_test_0340.jpg,near,test<->train,c5_458_paper_train_0342.jpg
merged_test,c5_113_paper_test_0005.jpg,near,test<->train,c5_479_paper706.jpg
merged_test,c5_451_paper32.jpg,near,test<->train,c5_489_paper_train_1065.jpg
merged_test,c5_507_paper32.jpg,near,test<->train,c5_489_paper_train_1065.jpg
merged_test,c5_517_paper_test_0273.jpg,near,test<->train,c5_555_paper1026.jpg
merged_test,c5_768_paper_test_0143.jpg,near,test<->train,c5_57_paper33.jpg
merged_test,c5_276_paper543.jpg,near,test<->train,c5_584_paper_train_1365.jpg
merged_test,c5_79_paper_test_0157.jpg,near,test<->train,c5_590_paper662.jpg
merged_test,c5_191_paper_test_0158.jpg,near,test<->train,c5_621_paper836.jpg
merged_test,c5_202_paper837.jpg,near,test<->train,c5_634_paper_train_1127.jpg
merged_test,c5_665_paper_test_0476.jpg,near,test<->train,c5_642_paper1048.jpg
merged_test,c5_42_paper_test_0184.jpg,near,test<->train,c5_821_paper35.jpg
merged_test,c5_473_paper575.jpg,near,test<->train,c5_917_paper_train_0741.jpg
merged_test,c5_767_paper575.jpg,near,test<->train,c5_917_paper_train_0741.jpg
merged_test,c5_755_paper_test_0075.jpg,near,test<->train,c5_971_paper987.jpg
merged_test,c5_578_plastic_test_0206.jpg,near,test<->train,c5_1026_plastic449.jpg
merged_test,c5_118_plastic_test_0308.jpg,near,test<->train,c5_102_plastic755.jpg
merged_test,c5_727_plastic_test_0324.jpg,near,test<->train,c5_1082_plastic149.jpg
merged_test,c5_547_plastic_test_0265.jpg,near,test<->train,c5_1115_plastic_train_0062.jpg
merged_test,c5_458_plastic_test_0492.jpg,near,test<->train,c5_118_plastic116.jpg
merged_test,c5_679_plastic_test_0181.jpg,near,test<->train,c5_1202_plastic69.jpg
merged_test,c5_632_plastic_test_0316.jpg,near,test<->train,c5_1224_plastic_train_1949.jpg
merged_test,c5_267_plastic_test_0183.jpg,near,test<->train,c5_1250_plastic214.jpg
merged_test,c5_116_plastic_test_0296.jpg,near,test<->train,c5_1293_plastic_train_1821.jpg
merged_test,c5_285_plastic_test_0465.jpg,near,test<->train,c5_1297_plastic_train_0542.jpg
merged_test,c5_640_plastic148.jpg,near,test<->train,c5_1372_plastic_train_0363.jpg
merged_test,c5_769_plastic148.jpg,near,test<->train,c5_1372_plastic_train_0363.jpg
merged_test,c5_37_plastic_test_0025.jpg,near,test<->train,c5_1386_plastic_train_0667.jpg
merged_test,c5_686_plastic_test_0464.jpg,near,test<->train,c5_1406_plastic_train_0945.jpg
merged_test,c5_479_plastic_test_0054.jpg,near,test<->train,c5_1406_plastic_train_0945.jpg
merged_test,c5_467_plastic_test_0295.jpg,near,test<->train,c5_1415_plastic_train_0141.jpg
merged_test,c5_536_plastic_test_0430.jpg,near,test<->train,c5_1415_plastic_train_0141.jpg
merged_test,c5_765_plastic_test_0154.jpg,near,test<->train,c5_1422_plastic409.jpg
merged_test,c5_154_plastic_test_0312.jpg,near,test<->train,c5_1423_plastic_train_0285.jpg
merged_test,c5_659_plastic_test_0212.jpg,near,test<->train,c5_1423_plastic_train_0285.jpg
merged_test,c5_528_plastic_test_0431.jpg,near,test<->train,c5_1461_plastic103.jpg
merged_test,c5_187_plastic_test_0240.jpg,near,test<->train,c5_1479_plastic384.jpg
merged_test,c5_746_cardboard_test_0009.jpg,near,test<->train,c5_1481_plastic_train_0529.jpg
merged_test,c5_370_plastic_test_0444.jpg,near,test<->train,c5_1515_plastic162.jpg
merged_test,c5_366_plastic_test_0110.jpg,near,test<->train,c5_1547_plastic21.jpg
merged_test,c5_747_plastic_test_0166.jpg,near,test<->train,c5_1550_plastic_train_0873.jpg
merged_test,c5_102_plastic_test_0121.jpg,near,test<->train,c5_1572_plastic39.jpg
merged_test,c5_491_plastic_test_0141.jpg,near,test<->train,c5_1583_plastic_train_1637.jpg
merged_test,c5_379_plastic_test_0298.jpg,near,test<->train,c5_15_plastic_train_1891.jpg
merged_test,c5_121_plastic_test_0288.jpg,near,test<->train,c5_1617_plastic187.jpg
merged_test,c5_272_plastic_test_0224.jpg,near,test<->train,c5_1711_plastic410.jpg
merged_test,c5_4_plastic_test_0339.jpg,near,test<->train,c5_1777_plastic_train_1992.jpg
merged_test,c5_224_plastic_test_0179.jpg,near,test<->train,c5_1801_plastic_train_0005.jpg
merged_test,c5_177_plastic_test_0297.jpg,near,test<->train,c5_180_plastic756.jpg
merged_test,c5_396_plastic_test_0193.jpg,near,test<->train,c5_1825_plastic175.jpg
merged_test,c5_347_plastic_test_0028.jpg,near,test<->train,c5_1841_plastic386.jpg
merged_test,c5_130_organic_test_0012.jpg,near,test<->train,c5_1866_plastic620.jpg
merged_test,c5_302_plastic405.jpg,near,test<->train,c5_1888_plastic_train_0468.jpg
merged_test,c5_592_plastic405.jpg,near,test<->train,c5_1888_plastic_train_0468.jpg
merged_test,c5_273_plastic_test_0499.jpg,near,test<->train,c5_204_plastic_train_0510.jpg
merged_test,c5_214_plastic_test_0137.jpg,near,test<->train,c5_207_plastic392.jpg
merged_test,c5_630_plastic_test_0452.jpg,near,test<->train,c5_2080_plastic_train_0858.jpg
merged_test,c5_658_plastic_test_0061.jpg,near,test<->train,c5_2098_plastic37.jpg
merged_test,c5_361_plastic207.jpg,near,test<->train,c5_2103_plastic_train_1366.jpg
merged_test,c5_476_plastic207.jpg,near,test<->train,c5_2103_plastic_train_1366.jpg
merged_test,c5_377_plastic183.jpg,near,test<->train,c5_2134_plastic_train_1085.jpg
merged_test,c5_655_plastic183.jpg,near,test<->train,c5_2134_plastic_train_1085.jpg
merged_test,c5_661_plastic_test_0221.jpg,near,test<->train,c5_2157_plastic776.jpg
merged_test,c5_412_plastic_test_0243.jpg,near,test<->train,c5_2162_plastic_train_0534.jpg
merged_test,c5_556_cardboard489.jpg,near,test<->train,c5_2244_plastic736.jpg
merged_test,c5_724_cardboard489.jpg,near,test<->train,c5_2244_plastic736.jpg
merged_test,c5_553_plastic_test_0118.jpg,near,test<->train,c5_2252_plastic_train_0913.jpg
merged_test,c5_90_plastic_test_0233.jpg,near,test<->train,c5_2378_plastic137.jpg
merged_test,c5_76_plastic_test_0157.jpg,near,test<->train,c5_2399_plastic_train_0750.jpg
merged_test,c5_442_plastic_test_0393.jpg,near,test<->train,c5_2483_plastic_train_1514.jpg
merged_test,c5_164_plastic304.jpg,near,test<->train,c5_2514_plastic_train_0379.jpg
merged_test,c5_550_plastic304.jpg,near,test<->train,c5_2514_plastic_train_0379.jpg
merged_test,c5_665_plastic_test_0346.jpg,near,test<->train,c5_257_plastic_train_1733.jpg
merged_test,c5_637_plastic_test_0279.jpg,near,test<->train,c5_2631_plastic141.jpg
merged_test,c5_122_plastic_test_0448.jpg,near,test<->train,c5_2635_plastic_train_1114.jpg
merged_test,c5_51_plastic_test_0084.jpg,near,test<->train,c5_265_plastic_train_1719.jpg
merged_test,c5_511_organic_test_0026.jpg,near,test<->train,c5_2711_plastic_train_0799.jpg
merged_test,c5_58_plastic220.jpg,near,test<->train,c5_2771_plastic_train_1501.jpg
merged_test,c5_699_plastic220.jpg,near,test<->train,c5_2771_plastic_train_1501.jpg
merged_test,c5_205_plastic_test_0438.jpg,near,test<->train,c5_2791_plastic_train_1290.jpg
merged_test,c5_618_plastic_test_0097.jpg,near,test<->train,c5_2897_plastic87.jpg
merged_test,c5_785_plastic_test_0292.jpg,near,test<->train,c5_2937_plastic_train_0010.jpg
merged_test,c5_758_plastic_test_0381.jpg,near,test<->train,c5_3013_plastic_train_0968.jpg
merged_test,c5_684_plastic_test_0125.jpg,near,test<->train,c5_3021_plastic80.jpg
merged_test,c5_373_plastic_test_0112.jpg,near,test<->train,c5_3032_plastic6.jpg
merged_test,c5_339_plastic_test_0082.jpg,near,test<->train,c5_3062_plastic_train_1018.jpg
merged_test,c5_463_plastic_test_0002.jpg,near,test<->train,c5_3183_plastic350.jpg
merged_test,c5_751_plastic_test_0290.jpg,near,test<->train,c5_3246_plastic190.jpg
merged_test,c5_71_plastic_test_0445.jpg,near,test<->train,c5_3303_plastic_train_1123.jpg
merged_test,c5_110_plastic_test_0046.jpg,near,test<->train,c5_3361_plastic_train_0593.jpg
merged_test,c5_565_plastic216.jpg,near,test<->train,c5_351_plastic_train_1037.jpg
merged_test,c5_61_plastic216.jpg,near,test<->train,c5_351_plastic_train_1037.jpg
merged_test,c5_166_plastic_test_0258.jpg,near,test<->train,c5_443_plastic_train_1630.jpg
merged_test,c5_26_plastic_test_0040.jpg,near,test<->train,c5_463_plastic215.jpg
merged_test,c5_21_plastic_test_0246.jpg,near,test<->train,c5_477_plastic229.jpg
merged_test,c5_532_plastic_test_0134.jpg,near,test<->train,c5_517_plastic275.jpg
merged_test,c5_437_plastic_test_0271.jpg,near,test<->train,c5_523_plastic_train_0525.jpg
merged_test,c5_562_plastic_test_0204.jpg,near,test<->train,c5_550_plastic390.jpg
merged_test,c5_413_plastic_test_0314.jpg,near,test<->train,c5_552_plastic285.jpg
merged_test,c5_163_plastic_test_0188.jpg,near,test<->train,c5_580_plastic_train_0124.jpg
merged_test,c5_207_plastic_test_0004.jpg,near,test<->train,c5_592_plastic_train_0298.jpg
merged_test,c5_365_plastic397.jpg,near,test<->train,c5_683_plastic_train_0527.jpg
merged_test,c5_490_plastic397.jpg,near,test<->train,c5_683_plastic_train_0527.jpg
merged_test,c5_678_plastic_test_0095.jpg,near,test<->train,c5_729_plastic8.jpg
merged_test,c5_340_plastic72.jpg,near,test<->train,c5_769_plastic_train_1331.jpg
merged_test,c5_711_plastic72.jpg,near,test<->train,c5_769_plastic_train_1331.jpg
