{
  "plastic": {
    "precision": 0.5701754385964912,
    "recall": 0.52,
    "f1-score": 0.5439330543933054,
    "support": 250.0
  },
  "glass": {
    "precision": 0.6956521739130435,
    "recall": 0.64,
    "f1-score": 0.6666666666666666,
    "support": 250.0
  },
  "metal": {
    "precision": 0.6244897959183674,
    "recall": 0.612,
    "f1-score": 0.6181818181818182,
    "support": 250.0
  },
  "paper": {
    "precision": 0.5525114155251142,
    "recall": 0.484,
    "f1-score": 0.5159914712153518,
    "support": 250.0
  },
  "cardboard": {
    "precision": 0.6943231441048034,
    "recall": 0.636,
    "f1-score": 0.6638830897703549,
    "support": 250.0
  },
  "organic": {
    "precision": 0.6094986807387863,
    "recall": 0.924,
    "f1-score": 0.7344992050874404,
    "support": 250.0
  },
  "Background": {
    "precision": 0.7545454545454545,
    "recall": 0.664,
    "f1-score": 0.7063829787234043,
    "support": 250.0
  },
  "accuracy": 0.64,
  "macro avg": {
    "precision": 0.6430280147631516,
    "recall": 0.64,
    "f1-score": 0.6356483262911917,
    "support": 1750.0
  },
  "weighted avg": {
    "precision": 0.6430280147631516,
    "recall": 0.64,
    "f1-score": 0.6356483262911915,
    "support": 1750.0
  }
}