{
  "plastic": {
    "precision": 0.8760330578512396,
    "recall": 0.848,
    "f1-score": 0.8617886178861789,
    "support": 500.0
  },
  "glass": {
    "precision": 0.7813765182186235,
    "recall": 0.772,
    "f1-score": 0.7766599597585513,
    "support": 500.0
  },
  "metal": {
    "precision": 0.7270875763747454,
    "recall": 0.714,
    "f1-score": 0.7204843592330978,
    "support": 500.0
  },
  "paper": {
    "precision": 0.7429718875502008,
    "recall": 0.74,
    "f1-score": 0.7414829659318637,
    "support": 500.0
  },
  "cardboard": {
    "precision": 0.7786885245901639,
    "recall": 0.76,
    "f1-score": 0.7692307692307693,
    "support": 500.0
  },
  "organic": {
    "precision": 0.8670411985018727,
    "recall": 0.926,
    "f1-score": 0.8955512572533849,
    "support": 500.0
  },
  "Background": {
    "precision": 0.837573385518591,
    "recall": 0.856,
    "f1-score": 0.8466864490603363,
    "support": 500.0
  },
  "accuracy": 0.8022857142857143,
  "macro avg": {
    "precision": 0.8015388783722053,
    "recall": 0.8022857142857143,
    "f1-score": 0.8016977683363118,
    "support": 3500.0
  },
  "weighted avg": {
    "precision": 0.8015388783722053,
    "recall": 0.8022857142857143,
    "f1-score": 0.8016977683363119,
    "support": 3500.0
  }
}