source realwaste: metadata
source realwaste: 100/4752 files processed
download Cardboard_196.jpg: start=0 total=154067
download Cardboard_197.jpg: start=0 total=122224
download Cardboard_191.jpg: start=0 total=193131
download Cardboard_194.jpg: start=0 total=154037
download Cardboard_193.jpg: start=0 total=199811
download Cardboard_199.jpg: start=0 total=122769
download Cardboard_192.jpg: start=0 total=178755
download Cardboard_195.jpg: start=0 total=158647
download Cardboard_20.jpg: start=0 total=99725download Cardboard_198.jpg: start=0 total=94034

download Cardboard_2.jpg: start=0 total=124810
download Cardboard_200.jpg: start=0 total=109783
download Cardboard_201.jpg: start=0 total=124336
download Cardboard_202.jpg: start=0 total=91014
download Cardboard_204.jpg: start=0 total=122923download Cardboard_203.jpg: start=0 total=103816

download Cardboard_206.jpg: start=0 total=116463
download Cardboard_205.jpg: start=0 total=125689download Cardboard_207.jpg: start=0 total=127408

download Cardboard_208.jpg: start=0 total=109293download Cardboard_210.jpg: start=0 total=111405download Cardboard_21.jpg: start=0 total=119251


download Cardboard_211.jpg: start=0 total=120064download Cardboard_209.jpg: start=0 total=92985

download Cardboard_212.jpg: start=0 total=129912
download Cardboard_213.jpg: start=0 total=137463
download Cardboard_214.jpg: start=0 total=120225
download Cardboard_216.jpg: start=0 total=109229
download Cardboard_215.jpg: start=0 total=91310
download Cardboard_217.jpg: start=0 total=105900
download Cardboard_219.jpg: start=0 total=132383
download Cardboard_218.jpg: start=0 total=118106
download Cardboard_22.jpg: start=0 total=90864
download Cardboard_222.jpg: start=0 total=124685download Cardboard_220.jpg: start=0 total=133214
download Cardboard_221.jpg: start=0 total=121351

download Cardboard_223.jpg: start=0 total=83933
download Cardboard_226.jpg: start=0 total=118509
download Cardboard_225.jpg: start=0 total=102563download Cardboard_224.jpg: start=0 total=100111

download Cardboard_227.jpg: start=0 total=97782
download Cardboard_228.jpg: start=0 total=106121
download Cardboard_229.jpg: start=0 total=131599
download Cardboard_23.jpg: start=0 total=92497
download Cardboard_230.jpg: start=0 total=113350download Cardboard_231.jpg: start=0 total=93659

download Cardboard_232.jpg: start=0 total=131163
download Cardboard_233.jpg: start=0 total=128997download Cardboard_234.jpg: start=0 total=113820download Cardboard_236.jpg: start=0 total=126129


download Cardboard_235.jpg: start=0 total=82142
download Cardboard_237.jpg: start=0 total=89352
download Cardboard_238.jpg: start=0 total=118232
download Cardboard_239.jpg: start=0 total=114177
download Cardboard_243.jpg: start=0 total=126687download Cardboard_242.jpg: start=0 total=109153

download Cardboard_24.jpg: start=0 total=75041
download Cardboard_241.jpg: start=0 total=124776
download Cardboard_240.jpg: start=0 total=133386
download Cardboard_245.jpg: start=0 total=129657
download Cardboard_246.jpg: start=0 total=78956
download Cardboard_244.jpg: start=0 total=100396download Cardboard_247.jpg: start=0 total=127648

download Cardboard_249.jpg: start=0 total=136812
download Cardboard_25.jpg: start=0 total=104052
download Cardboard_248.jpg: start=0 total=93765
download Cardboard_250.jpg: start=0 total=149819
download Cardboard_252.jpg: start=0 total=119625
download Cardboard_251.jpg: start=0 total=125432
download Cardboard_254.jpg: start=0 total=127800
download Cardboard_255.jpg: start=0 total=78733download Cardboard_253.jpg: start=0 total=132676

download Cardboard_257.jpg: start=0 total=76906download Cardboard_256.jpg: start=0 total=90040

download Cardboard_259.jpg: start=0 total=105932download Cardboard_258.jpg: start=0 total=113595

download Cardboard_261.jpg: start=0 total=96691
download Cardboard_260.jpg: start=0 total=102779
download Cardboard_26.jpg: start=0 total=196774
download Cardboard_262.jpg: start=0 total=85487
download Cardboard_263.jpg: start=0 total=116570download Cardboard_267.jpg: start=0 total=114782download Cardboard_268.jpg: start=0 total=81872


download Cardboard_265.jpg: start=0 total=123591
download Cardboard_264.jpg: start=0 total=122525
download Cardboard_266.jpg: start=0 total=65121
download Cardboard_269.jpg: start=0 total=118114
download Cardboard_27.jpg: start=0 total=114740
download Cardboard_272.jpg: start=0 total=122073download Cardboard_271.jpg: start=0 total=122178
download Cardboard_274.jpg: start=0 total=102798download Cardboard_273.jpg: start=0 total=105587
download Cardboard_270.jpg: start=0 total=98250


download Cardboard_275.jpg: start=0 total=97219download Cardboard_276.jpg: start=0 total=107104download Cardboard_279.jpg: start=0 total=79983


download Cardboard_277.jpg: start=0 total=97787
download Cardboard_28.jpg: start=0 total=184119
download Cardboard_278.jpg: start=0 total=99012
download Cardboard_280.jpg: start=0 total=126040
download Cardboard_281.jpg: start=0 total=108660
source realwaste: 200/4752 files processed
download Cardboard_284.jpg: start=0 total=99058
download Cardboard_282.jpg: start=0 total=91691
download Cardboard_283.jpg: start=0 total=101353
download Cardboard_285.jpg: start=0 total=130462
download Cardboard_288.jpg: start=0 total=103367
download Cardboard_286.jpg: start=0 total=115939download Cardboard_287.jpg: start=0 total=97736

download Cardboard_289.jpg: start=0 total=131644
download Cardboard_29.jpg: start=0 total=183845
download Cardboard_291.jpg: start=0 total=106114
download Cardboard_290.jpg: start=0 total=66308
download Cardboard_292.jpg: start=0 total=114112
download Cardboard_293.jpg: start=0 total=117931download Cardboard_294.jpg: start=0 total=108238

download Cardboard_295.jpg: start=0 total=88504
download Cardboard_298.jpg: start=0 total=90335
download Cardboard_3.jpg: start=0 total=99363download Cardboard_299.jpg: start=0 total=99941download Cardboard_296.jpg: start=0 total=115679


download Cardboard_297.jpg: start=0 total=73884
download Cardboard_30.jpg: start=0 total=168690
download Cardboard_304.jpg: start=0 total=111968
download Cardboard_300.jpg: start=0 total=119872
download Cardboard_303.jpg: start=0 total=127363
download Cardboard_302.jpg: start=0 total=127618
download Cardboard_301.jpg: start=0 total=71890
download Cardboard_306.jpg: start=0 total=107049download Cardboard_308.jpg: start=0 total=83425download Cardboard_309.jpg: start=0 total=85768
download Cardboard_305.jpg: start=0 total=109988download Cardboard_310.jpg: start=0 total=96827download Cardboard_307.jpg: start=0 total=89352download Cardboard_31.jpg: start=0 total=158622





download Cardboard_313.jpg: start=0 total=89396
download Cardboard_311.jpg: start=0 total=131055download Cardboard_315.jpg: start=0 total=103684

download Cardboard_312.jpg: start=0 total=86389download Cardboard_314.jpg: start=0 total=103373

download Cardboard_317.jpg: start=0 total=120616
download Cardboard_316.jpg: start=0 total=108492
download Cardboard_320.jpg: start=0 total=88246
download Cardboard_318.jpg: start=0 total=104176download Cardboard_319.jpg: start=0 total=107371

download Cardboard_323.jpg: start=0 total=72618download Cardboard_32.jpg: start=0 total=157684download Cardboard_321.jpg: start=0 total=106463
download Cardboard_322.jpg: start=0 total=89587


download Cardboard_324.jpg: start=0 total=99798
download Cardboard_328.jpg: start=0 total=120289download Cardboard_326.jpg: start=0 total=89360download Cardboard_327.jpg: start=0 total=118100


download Cardboard_325.jpg: start=0 total=115697
download Cardboard_329.jpg: start=0 total=92593
download Cardboard_33.jpg: start=0 total=161322
download Cardboard_330.jpg: start=0 total=91087
download Cardboard_333.jpg: start=0 total=113315download Cardboard_331.jpg: start=0 total=111102
download Cardboard_332.jpg: start=0 total=99131

download Cardboard_335.jpg: start=0 total=100292
download Cardboard_337.jpg: start=0 total=87550
download Cardboard_338.jpg: start=0 total=120531download Cardboard_334.jpg: start=0 total=75935

download Cardboard_339.jpg: start=0 total=123702
download Cardboard_336.jpg: start=0 total=131891
download Cardboard_34.jpg: start=0 total=159671
download Cardboard_341.jpg: start=0 total=135562download Cardboard_340.jpg: start=0 total=104653

download Cardboard_343.jpg: start=0 total=102936
download Cardboard_344.jpg: start=0 total=130110
download Cardboard_342.jpg: start=0 total=131718
download Cardboard_345.jpg: start=0 total=123970download Cardboard_346.jpg: start=0 total=103554

download Cardboard_347.jpg: start=0 total=115327
download Cardboard_35.jpg: start=0 total=77333download Cardboard_350.jpg: start=0 total=101935

download Cardboard_349.jpg: start=0 total=116081download Cardboard_348.jpg: start=0 total=118436

download Cardboard_351.jpg: start=0 total=101027
download Cardboard_352.jpg: start=0 total=122096
download Cardboard_353.jpg: start=0 total=109064download Cardboard_354.jpg: start=0 total=121718

download Cardboard_355.jpg: start=0 total=122477
download Cardboard_356.jpg: start=0 total=100137
download Cardboard_358.jpg: start=0 total=79420
download Cardboard_359.jpg: start=0 total=102701
download Cardboard_357.jpg: start=0 total=138536
download Cardboard_36.jpg: start=0 total=172818
download Cardboard_361.jpg: start=0 total=86001download Cardboard_360.jpg: start=0 total=103104

download Cardboard_362.jpg: start=0 total=115966download Cardboard_363.jpg: start=0 total=121138

download Cardboard_364.jpg: start=0 total=119531
download Cardboard_365.jpg: start=0 total=109712
download Cardboard_366.jpg: start=0 total=114817
download Cardboard_367.jpg: start=0 total=120007download Cardboard_368.jpg: start=0 total=109578download Cardboard_369.jpg: start=0 total=108493


download Cardboard_37.jpg: start=0 total=170273
download Cardboard_372.jpg: start=0 total=97268
source realwaste: 300/4752 files processed
download Cardboard_371.jpg: start=0 total=113352
download Cardboard_370.jpg: start=0 total=107238
download Cardboard_373.jpg: start=0 total=125259download Cardboard_375.jpg: start=0 total=101425
download Cardboard_374.jpg: start=0 total=110884

download Cardboard_376.jpg: start=0 total=124604
download Cardboard_378.jpg: start=0 total=84799download Cardboard_377.jpg: start=0 total=100421

download Cardboard_380.jpg: start=0 total=112131
download Cardboard_381.jpg: start=0 total=109495
download Cardboard_38.jpg: start=0 total=115039download Cardboard_383.jpg: start=0 total=132623download Cardboard_379.jpg: start=0 total=108699


download Cardboard_382.jpg: start=0 total=115312
download Cardboard_384.jpg: start=0 total=103098
download Cardboard_388.jpg: start=0 total=102113download Cardboard_385.jpg: start=0 total=103971

download Cardboard_386.jpg: start=0 total=92929download Cardboard_387.jpg: start=0 total=80862

download Cardboard_389.jpg: start=0 total=119723
download Cardboard_39.jpg: start=0 total=116351download Cardboard_390.jpg: start=0 total=90394

download Cardboard_393.jpg: start=0 total=75548download Cardboard_392.jpg: start=0 total=90436

download Cardboard_391.jpg: start=0 total=125211
download Cardboard_395.jpg: start=0 total=98968
download Cardboard_394.jpg: start=0 total=115727download Cardboard_396.jpg: start=0 total=96554
download Cardboard_397.jpg: start=0 total=85680

download Cardboard_398.jpg: start=0 total=111826
download Cardboard_40.jpg: start=0 total=84637
download Cardboard_401.jpg: start=0 total=91971download Cardboard_399.jpg: start=0 total=120927

download Cardboard_405.jpg: start=0 total=106538download Cardboard_402.jpg: start=0 total=106877download Cardboard_4.jpg: start=0 total=123682download Cardboard_400.jpg: start=0 total=129952download Cardboard_403.jpg: start=0 total=137456




download Cardboard_406.jpg: start=0 total=109454download Cardboard_408.jpg: start=0 total=129441
download Cardboard_407.jpg: start=0 total=89054download Cardboard_404.jpg: start=0 total=105594


download Cardboard_409.jpg: start=0 total=120650
download Cardboard_41.jpg: start=0 total=112601
download Cardboard_410.jpg: start=0 total=88502
download Cardboard_412.jpg: start=0 total=149860download Cardboard_411.jpg: start=0 total=90567

download Cardboard_413.jpg: start=0 total=110844
download Cardboard_414.jpg: start=0 total=112549download Cardboard_415.jpg: start=0 total=125135

download Cardboard_416.jpg: start=0 total=113541
download Cardboard_418.jpg: start=0 total=79326
download Cardboard_419.jpg: start=0 total=103523
download Cardboard_417.jpg: start=0 total=86518
download Cardboard_42.jpg: start=0 total=100546
download Cardboard_420.jpg: start=0 total=90087
download Cardboard_421.jpg: start=0 total=93593download Cardboard_424.jpg: start=0 total=99814download Cardboard_423.jpg: start=0 total=77696


download Cardboard_427.jpg: start=0 total=196374download Cardboard_422.jpg: start=0 total=109753download Cardboard_426.jpg: start=0 total=106267

download Cardboard_425.jpg: start=0 total=94705

download Cardboard_43.jpg: start=0 total=88514
download Cardboard_428.jpg: start=0 total=194191
download Cardboard_429.jpg: start=0 total=110667
download Cardboard_430.jpg: start=0 total=187477download Cardboard_431.jpg: start=0 total=203469

download Cardboard_432.jpg: start=0 total=198112
download Cardboard_433.jpg: start=0 total=138408
download Cardboard_434.jpg: start=0 total=169051download Cardboard_435.jpg: start=0 total=127958

download Cardboard_437.jpg: start=0 total=152158download Cardboard_438.jpg: start=0 total=118487

download Cardboard_436.jpg: start=0 total=121075
download Cardboard_44.jpg: start=0 total=85347
download Cardboard_439.jpg: start=0 total=88799
download Cardboard_440.jpg: start=0 total=118588
download Cardboard_441.jpg: start=0 total=119889
download Cardboard_442.jpg: start=0 total=91038download Cardboard_444.jpg: start=0 total=98092

download Cardboard_445.jpg: start=0 total=122201download Cardboard_443.jpg: start=0 total=102704

download Cardboard_446.jpg: start=0 total=108901download Cardboard_447.jpg: start=0 total=89949

download Cardboard_45.jpg: start=0 total=112388download Cardboard_448.jpg: start=0 total=91590download Cardboard_449.jpg: start=0 total=64470

download Cardboard_450.jpg: start=0 total=94581

download Cardboard_451.jpg: start=0 total=98773
download Cardboard_453.jpg: start=0 total=92706download Cardboard_452.jpg: start=0 total=90764

download Cardboard_454.jpg: start=0 total=67725download Cardboard_455.jpg: start=0 total=79169

download Cardboard_458.jpg: start=0 total=94548
download Cardboard_459.jpg: start=0 total=87122download Cardboard_457.jpg: start=0 total=96657download Cardboard_456.jpg: start=0 total=94333


source realwaste: 400/4752 files processed
download Cardboard_461.jpg: start=0 total=59858
download Cardboard_46.jpg: start=0 total=128571
download Cardboard_47.jpg: start=0 total=97315
download Cardboard_460.jpg: start=0 total=95760
download Cardboard_48.jpg: start=0 total=85693download Cardboard_50.jpg: start=0 total=93839

download Cardboard_49.jpg: start=0 total=117595download Cardboard_5.jpg: start=0 total=88131

download Cardboard_52.jpg: start=0 total=96145
download Cardboard_53.jpg: start=0 total=113180
download Cardboard_54.jpg: start=0 total=136931
download Cardboard_51.jpg: start=0 total=136085
download Cardboard_55.jpg: start=0 total=109947
download Cardboard_57.jpg: start=0 total=103032
download Cardboard_58.jpg: start=0 total=83426download Cardboard_61.jpg: start=0 total=82996
download Cardboard_60.jpg: start=0 total=76282download Cardboard_6.jpg: start=0 total=103038
download Cardboard_59.jpg: start=0 total=69933


download Cardboard_56.jpg: start=0 total=102597download Cardboard_62.jpg: start=0 total=118961
download Cardboard_63.jpg: start=0 total=105574download Cardboard_64.jpg: start=0 total=132157


download Cardboard_65.jpg: start=0 total=110921download Cardboard_66.jpg: start=0 total=72000
download Cardboard_67.jpg: start=0 total=73072

download Cardboard_68.jpg: start=0 total=58295
download Cardboard_7.jpg: start=0 total=102363
download Cardboard_70.jpg: start=0 total=180045download Cardboard_74.jpg: start=0 total=204477
download Cardboard_72.jpg: start=0 total=189646download Cardboard_73.jpg: start=0 total=199521download Cardboard_71.jpg: start=0 total=187317



download Cardboard_69.jpg: start=0 total=184628
download Cardboard_75.jpg: start=0 total=185418
download Cardboard_77.jpg: start=0 total=171468download Cardboard_79.jpg: start=0 total=93263download Cardboard_78.jpg: start=0 total=91263download Cardboard_76.jpg: start=0 total=164501



download Cardboard_8.jpg: start=0 total=105751
download Cardboard_81.jpg: start=0 total=87339
download Cardboard_80.jpg: start=0 total=146788
download Cardboard_85.jpg: start=0 total=183427
download Cardboard_84.jpg: start=0 total=186061
download Cardboard_82.jpg: start=0 total=153946
download Cardboard_83.jpg: start=0 total=150194
download Cardboard_86.jpg: start=0 total=175967
download Cardboard_87.jpg: start=0 total=191555
download Cardboard_88.jpg: start=0 total=139261
download Cardboard_89.jpg: start=0 total=125623
download Cardboard_9.jpg: start=0 total=99828download Cardboard_90.jpg: start=0 total=105900
download Cardboard_91.jpg: start=0 total=145798

download Cardboard_92.jpg: start=0 total=159196
download Cardboard_93.jpg: start=0 total=152027download Cardboard_94.jpg: start=0 total=150544

download Cardboard_95.jpg: start=0 total=154219
download Cardboard_97.jpg: start=0 total=149183
download Cardboard_98.jpg: start=0 total=149582download Cardboard_96.jpg: start=0 total=148192download Cardboard_99.jpg: start=0 total=209104


download Food Organics_1.jpg: start=0 total=193744
download Food Organics_10.jpg: start=0 total=171967download Food Organics_100.jpg: start=0 total=160985
download Food Organics_101.jpg: start=0 total=211051

download Food Organics_106.jpg: start=0 total=154183download Food Organics_105.jpg: start=0 total=155890
download Food Organics_102.jpg: start=0 total=162724download Food Organics_103.jpg: start=0 total=163251download Food Organics_104.jpg: start=0 total=155399



download Food Organics_107.jpg: start=0 total=160129
download Food Organics_108.jpg: start=0 total=160413download Food Organics_109.jpg: start=0 total=142601

download Food Organics_11.jpg: start=0 total=168385
download Food Organics_113.jpg: start=0 total=197788download Food Organics_110.jpg: start=0 total=140456

download Food Organics_112.jpg: start=0 total=203407
download Food Organics_111.jpg: start=0 total=132826
download Food Organics_115.jpg: start=0 total=144590
download Food Organics_117.jpg: start=0 total=154641
download Food Organics_116.jpg: start=0 total=150390
download Food Organics_114.jpg: start=0 total=145329
download Food Organics_118.jpg: start=0 total=143102
download Food Organics_119.jpg: start=0 total=152641
download Food Organics_120.jpg: start=0 total=152262download Food Organics_12.jpg: start=0 total=169028

download Food Organics_121.jpg: start=0 total=160699
download Food Organics_123.jpg: start=0 total=155738download Food Organics_122.jpg: start=0 total=145465

download Food Organics_124.jpg: start=0 total=214095
download Food Organics_125.jpg: start=0 total=151980
download Food Organics_126.jpg: start=0 total=157286
download Food Organics_129.jpg: start=0 total=156535
download Food Organics_13.jpg: start=0 total=213009download Food Organics_130.jpg: start=0 total=155058download Food Organics_131.jpg: start=0 total=155915

download Food Organics_127.jpg: start=0 total=171686

download Food Organics_128.jpg: start=0 total=171594
download Food Organics_133.jpg: start=0 total=165967
download Food Organics_134.jpg: start=0 total=151951
source realwaste: 500/4752 files processed
download Food Organics_136.jpg: start=0 total=165031download Food Organics_137.jpg: start=0 total=162212

download Food Organics_132.jpg: start=0 total=157769
download Food Organics_135.jpg: start=0 total=198374
download Food Organics_138.jpg: start=0 total=184067
download Food Organics_139.jpg: start=0 total=185560
download Food Organics_142.jpg: start=0 total=186182
download Food Organics_144.jpg: start=0 total=169539
download Food Organics_14.jpg: start=0 total=178496
download Food Organics_140.jpg: start=0 total=186253
download Food Organics_143.jpg: start=0 total=188443download Food Organics_141.jpg: start=0 total=186179

download Food Organics_146.jpg: start=0 total=199649
download Food Organics_15.jpg: start=0 total=173654
download Food Organics_148.jpg: start=0 total=180098download Food Organics_145.jpg: start=0 total=186359

download Food Organics_149.jpg: start=0 total=194189
download Food Organics_147.jpg: start=0 total=183476
download Food Organics_155.jpg: start=0 total=189318download Food Organics_153.jpg: start=0 total=192645

download Food Organics_151.jpg: start=0 total=148364
download Food Organics_154.jpg: start=0 total=188121download Food Organics_156.jpg: start=0 total=188871download Food Organics_150.jpg: start=0 total=130491


download Food Organics_152.jpg: start=0 total=193054
download Food Organics_157.jpg: start=0 total=204685
download Food Organics_16.jpg: start=0 total=181593
download Food Organics_158.jpg: start=0 total=190319
download Food Organics_160.jpg: start=0 total=186971
download Food Organics_161.jpg: start=0 total=178327download Food Organics_159.jpg: start=0 total=185568

download Food Organics_162.jpg: start=0 total=155962
download Food Organics_163.jpg: start=0 total=185372
download Food Organics_165.jpg: start=0 total=190683
download Food Organics_164.jpg: start=0 total=190474
download Food Organics_166.jpg: start=0 total=191324download Food Organics_168.jpg: start=0 total=195038download Food Organics_169.jpg: start=0 total=185669download Food Organics_167.jpg: start=0 total=187529



download Food Organics_17.jpg: start=0 total=175036
download Food Organics_172.jpg: start=0 total=188550
download Food Organics_171.jpg: start=0 total=191798download Food Organics_170.jpg: start=0 total=180387download Food Organics_175.jpg: start=0 total=168947


download Food Organics_173.jpg: start=0 total=213073
download Food Organics_174.jpg: start=0 total=163539
download Food Organics_176.jpg: start=0 total=178453
download Food Organics_178.jpg: start=0 total=184052download Food Organics_177.jpg: start=0 total=174810

download Food Organics_179.jpg: start=0 total=200346
download Food Organics_180.jpg: start=0 total=168282
download Food Organics_18.jpg: start=0 total=168447download Food Organics_181.jpg: start=0 total=158552

download Food Organics_182.jpg: start=0 total=186017
download Food Organics_184.jpg: start=0 total=188230
download Food Organics_185.jpg: start=0 total=189902download Food Organics_183.jpg: start=0 total=176212

download Food Organics_189.jpg: start=0 total=186676
download Food Organics_19.jpg: start=0 total=162783download Food Organics_188.jpg: start=0 total=189597download Food Organics_187.jpg: start=0 total=185914

download Food Organics_186.jpg: start=0 total=187759

download Food Organics_190.jpg: start=0 total=187063
download Food Organics_191.jpg: start=0 total=183246
download Food Organics_192.jpg: start=0 total=184582
download Food Organics_193.jpg: start=0 total=146549
download Food Organics_195.jpg: start=0 total=172790
download Food Organics_194.jpg: start=0 total=170669
download Food Organics_196.jpg: start=0 total=177357download Food Organics_197.jpg: start=0 total=181863

download Food Organics_199.jpg: start=0 total=188641
download Food Organics_2.jpg: start=0 total=155023download Food Organics_198.jpg: start=0 total=183658

download Food Organics_200.jpg: start=0 total=184922
download Food Organics_20.jpg: start=0 total=222695
download Food Organics_202.jpg: start=0 total=177496download Food Organics_201.jpg: start=0 total=167180

download Food Organics_203.jpg: start=0 total=179204
download Food Organics_205.jpg: start=0 total=188141download Food Organics_204.jpg: start=0 total=177411download Food Organics_206.jpg: start=0 total=188114


download Food Organics_208.jpg: start=0 total=181817
download Food Organics_207.jpg: start=0 total=188656
download Food Organics_21.jpg: start=0 total=218248
download Food Organics_209.jpg: start=0 total=183389
download Food Organics_210.jpg: start=0 total=182808
download Food Organics_212.jpg: start=0 total=188188
download Food Organics_213.jpg: start=0 total=157951download Food Organics_214.jpg: start=0 total=172211

download Food Organics_217.jpg: start=0 total=198111download Food Organics_215.jpg: start=0 total=186239

download Food Organics_211.jpg: start=0 total=189119
download Food Organics_216.jpg: start=0 total=175857
download Food Organics_219.jpg: start=0 total=178076
download Food Organics_218.jpg: start=0 total=194404
download Food Organics_220.jpg: start=0 total=175980download Food Organics_221.jpg: start=0 total=181250
download Food Organics_22.jpg: start=0 total=209935

download Food Organics_222.jpg: start=0 total=181081
download Food Organics_223.jpg: start=0 total=128801download Food Organics_225.jpg: start=0 total=181772
download Food Organics_224.jpg: start=0 total=180174

download Food Organics_226.jpg: start=0 total=185577
source realwaste: 600/4752 files processed
download Food Organics_228.jpg: start=0 total=175199
download Food Organics_227.jpg: start=0 total=180649
download Food Organics_229.jpg: start=0 total=181941
download Food Organics_231.jpg: start=0 total=191838
download Food Organics_23.jpg: start=0 total=215015download Food Organics_230.jpg: start=0 total=195417

download Food Organics_232.jpg: start=0 total=183166
download Food Organics_233.jpg: start=0 total=186891
download Food Organics_236.jpg: start=0 total=190004
download Food Organics_235.jpg: start=0 total=206469
download Food Organics_234.jpg: start=0 total=181446
download Food Organics_237.jpg: start=0 total=180735
download Food Organics_240.jpg: start=0 total=173268download Food Organics_239.jpg: start=0 total=180795

download Food Organics_238.jpg: start=0 total=182088
download Food Organics_24.jpg: start=0 total=204488
download Food Organics_242.jpg: start=0 total=174875
download Food Organics_241.jpg: start=0 total=172304
download Food Organics_243.jpg: start=0 total=160233
download Food Organics_244.jpg: start=0 total=162511download Food Organics_246.jpg: start=0 total=204651download Food Organics_245.jpg: start=0 total=174739


download Food Organics_248.jpg: start=0 total=176646download Food Organics_247.jpg: start=0 total=179348download Food Organics_249.jpg: start=0 total=182871


download Food Organics_25.jpg: start=0 total=230578
download Food Organics_250.jpg: start=0 total=187818
download Food Organics_252.jpg: start=0 total=188344download Food Organics_251.jpg: start=0 total=184943

download Food Organics_253.jpg: start=0 total=188215
download Food Organics_255.jpg: start=0 total=170932download Food Organics_256.jpg: start=0 total=186301
download Food Organics_254.jpg: start=0 total=180184download Food Organics_257.jpg: start=0 total=215973


download Food Organics_26.jpg: start=0 total=226727download Food Organics_258.jpg: start=0 total=173876
download Food Organics_259.jpg: start=0 total=215275

download Food Organics_260.jpg: start=0 total=228740
download Food Organics_261.jpg: start=0 total=212949
download Food Organics_262.jpg: start=0 total=192969
download Food Organics_263.jpg: start=0 total=222061
download Food Organics_264.jpg: start=0 total=233204
download Food Organics_266.jpg: start=0 total=235734download Food Organics_267.jpg: start=0 total=230859download Food Organics_265.jpg: start=0 total=228861


download Food Organics_268.jpg: start=0 total=201277
download Food Organics_269.jpg: start=0 total=221071
download Food Organics_270.jpg: start=0 total=229936
download Food Organics_27.jpg: start=0 total=223855
download Food Organics_271.jpg: start=0 total=185274
download Food Organics_272.jpg: start=0 total=219280
download Food Organics_273.jpg: start=0 total=183176
download Food Organics_275.jpg: start=0 total=188071
download Food Organics_274.jpg: start=0 total=164290
download Food Organics_276.jpg: start=0 total=176111
download Food Organics_278.jpg: start=0 total=146758
download Food Organics_277.jpg: start=0 total=185627
download Food Organics_279.jpg: start=0 total=203767
download Food Organics_28.jpg: start=0 total=229839download Food Organics_281.jpg: start=0 total=225670download Food Organics_280.jpg: start=0 total=176057


download Food Organics_282.jpg: start=0 total=225723
download Food Organics_283.jpg: start=0 total=204926
download Food Organics_284.jpg: start=0 total=227471
download Food Organics_285.jpg: start=0 total=227976download Food Organics_286.jpg: start=0 total=163133download Food Organics_287.jpg: start=0 total=206412download Food Organics_288.jpg: start=0 total=197993



download Food Organics_289.jpg: start=0 total=217466
download Food Organics_290.jpg: start=0 total=203099
download Food Organics_29.jpg: start=0 total=205563download Food Organics_291.jpg: start=0 total=215395

download Food Organics_292.jpg: start=0 total=213922
download Food Organics_294.jpg: start=0 total=214470
download Food Organics_293.jpg: start=0 total=184918
download Food Organics_295.jpg: start=0 total=216588
download Food Organics_296.jpg: start=0 total=227481download Food Organics_298.jpg: start=0 total=216763

download Food Organics_297.jpg: start=0 total=215722download Food Organics_3.jpg: start=0 total=205189

download Food Organics_299.jpg: start=0 total=209704
download Food Organics_300.jpg: start=0 total=187504
download Food Organics_30.jpg: start=0 total=161984
download Food Organics_301.jpg: start=0 total=196623
download Food Organics_302.jpg: start=0 total=187058
download Food Organics_303.jpg: start=0 total=202917download Food Organics_305.jpg: start=0 total=198864

download Food Organics_306.jpg: start=0 total=212357
download Food Organics_308.jpg: start=0 total=209758
download Food Organics_307.jpg: start=0 total=196045
download Food Organics_304.jpg: start=0 total=170815
download Food Organics_31.jpg: start=0 total=160328
download Food Organics_313.jpg: start=0 total=221952
download Food Organics_310.jpg: start=0 total=206360
download Food Organics_311.jpg: start=0 total=192088download Food Organics_312.jpg: start=0 total=176675

download Food Organics_309.jpg: start=0 total=208585
download Food Organics_314.jpg: start=0 total=219974
download Food Organics_317.jpg: start=0 total=201515
download Food Organics_315.jpg: start=0 total=183679
download Food Organics_318.jpg: start=0 total=195758
download Food Organics_316.jpg: start=0 total=214628
source realwaste: 700/4752 files processed
download Food Organics_319.jpg: start=0 total=213479
download Food Organics_323.jpg: start=0 total=176601download Food Organics_32.jpg: start=0 total=168753download Food Organics_320.jpg: start=0 total=217044download Food Organics_321.jpg: start=0 total=214247
download Food Organics_322.jpg: start=0 total=217489



download Food Organics_324.jpg: start=0 total=218389
download Food Organics_326.jpg: start=0 total=198885
download Food Organics_325.jpg: start=0 total=202150
download Food Organics_328.jpg: start=0 total=179290
download Food Organics_327.jpg: start=0 total=211903download Food Organics_329.jpg: start=0 total=195223

download Food Organics_33.jpg: start=0 total=170822
download Food Organics_334.jpg: start=0 total=207545download Food Organics_332.jpg: start=0 total=199616
download Food Organics_333.jpg: start=0 total=210515
download Food Organics_331.jpg: start=0 total=168786download Food Organics_330.jpg: start=0 total=149972


download Food Organics_335.jpg: start=0 total=195006download Food Organics_336.jpg: start=0 total=168752

download Food Organics_338.jpg: start=0 total=166490
download Food Organics_337.jpg: start=0 total=193918
download Food Organics_339.jpg: start=0 total=222914
download Food Organics_340.jpg: start=0 total=220177
download Food Organics_34.jpg: start=0 total=170437
download Food Organics_341.jpg: start=0 total=223232
download Food Organics_342.jpg: start=0 total=218371download Food Organics_344.jpg: start=0 total=217558download Food Organics_343.jpg: start=0 total=210758


download Food Organics_345.jpg: start=0 total=221385
download Food Organics_349.jpg: start=0 total=192457download Food Organics_346.jpg: start=0 total=188294download Food Organics_348.jpg: start=0 total=220034


download Food Organics_347.jpg: start=0 total=215457
download Food Organics_35.jpg: start=0 total=208294
download Food Organics_350.jpg: start=0 total=200195download Food Organics_351.jpg: start=0 total=219326

download Food Organics_352.jpg: start=0 total=220842
download Food Organics_353.jpg: start=0 total=215832
download Food Organics_355.jpg: start=0 total=218199
download Food Organics_354.jpg: start=0 total=215091
download Food Organics_356.jpg: start=0 total=218080download Food Organics_359.jpg: start=0 total=195592download Food Organics_36.jpg: start=0 total=170779download Food Organics_357.jpg: start=0 total=214534
download Food Organics_358.jpg: start=0 total=233542



download Food Organics_361.jpg: start=0 total=195201
download Food Organics_364.jpg: start=0 total=193400download Food Organics_360.jpg: start=0 total=200653download Food Organics_363.jpg: start=0 total=195782


download Food Organics_362.jpg: start=0 total=182509
download Food Organics_366.jpg: start=0 total=190489download Food Organics_365.jpg: start=0 total=188332

download Food Organics_368.jpg: start=0 total=232565
download Food Organics_367.jpg: start=0 total=165832
download Food Organics_37.jpg: start=0 total=210333download Food Organics_369.jpg: start=0 total=171784

download Food Organics_370.jpg: start=0 total=179139
download Food Organics_372.jpg: start=0 total=174548
download Food Organics_373.jpg: start=0 total=215084
download Food Organics_374.jpg: start=0 total=208778download Food Organics_371.jpg: start=0 total=176285

download Food Organics_375.jpg: start=0 total=227465
download Food Organics_376.jpg: start=0 total=231450
download Food Organics_38.jpg: start=0 total=210497
download Food Organics_377.jpg: start=0 total=233000download Food Organics_378.jpg: start=0 total=232592

download Food Organics_379.jpg: start=0 total=215136
download Food Organics_380.jpg: start=0 total=218676
download Food Organics_381.jpg: start=0 total=216932
download Food Organics_382.jpg: start=0 total=209495
download Food Organics_384.jpg: start=0 total=224238
download Food Organics_386.jpg: start=0 total=228297
download Food Organics_383.jpg: start=0 total=191309
download Food Organics_387.jpg: start=0 total=218419
download Food Organics_385.jpg: start=0 total=210561
download Food Organics_388.jpg: start=0 total=234877download Food Organics_39.jpg: start=0 total=220343

download Food Organics_392.jpg: start=0 total=209920
download Food Organics_390.jpg: start=0 total=176908
download Food Organics_389.jpg: start=0 total=215872
download Food Organics_391.jpg: start=0 total=223831
download Food Organics_393.jpg: start=0 total=222787
download Food Organics_396.jpg: start=0 total=141718
download Food Organics_397.jpg: start=0 total=174159download Food Organics_395.jpg: start=0 total=202818
download Food Organics_394.jpg: start=0 total=223742
download Food Organics_398.jpg: start=0 total=149610

download Food Organics_399.jpg: start=0 total=157923
download Food Organics_4.jpg: start=0 total=189812
download Food Organics_40.jpg: start=0 total=213742
download Food Organics_401.jpg: start=0 total=228747download Food Organics_400.jpg: start=0 total=153586

download Food Organics_402.jpg: start=0 total=174924
download Food Organics_403.jpg: start=0 total=170175download Food Organics_404.jpg: start=0 total=166761

download Food Organics_406.jpg: start=0 total=156651
download Food Organics_405.jpg: start=0 total=218955
source realwaste: 800/4752 files processed
download Food Organics_407.jpg: start=0 total=156210
download Food Organics_408.jpg: start=0 total=160278
download Food Organics_409.jpg: start=0 total=157316
download Food Organics_41.jpg: start=0 total=212928
download Food Organics_410.jpg: start=0 total=160879
download Food Organics_42.jpg: start=0 total=157958download Food Organics_411.jpg: start=0 total=229352

download Food Organics_44.jpg: start=0 total=151967
download Food Organics_45.jpg: start=0 total=140770
download Food Organics_46.jpg: start=0 total=211357download Food Organics_43.jpg: start=0 total=156878

download Food Organics_47.jpg: start=0 total=156834
download Food Organics_5.jpg: start=0 total=210928
download Food Organics_49.jpg: start=0 total=148592
download Food Organics_48.jpg: start=0 total=146005
download Food Organics_50.jpg: start=0 total=119998
download Food Organics_51.jpg: start=0 total=149801
download Food Organics_53.jpg: start=0 total=149433
download Food Organics_54.jpg: start=0 total=148717
download Food Organics_52.jpg: start=0 total=148571
download Food Organics_57.jpg: start=0 total=206477
download Food Organics_55.jpg: start=0 total=140174
download Food Organics_58.jpg: start=0 total=178425
download Food Organics_6.jpg: start=0 total=140020download Food Organics_56.jpg: start=0 total=144156

download Food Organics_59.jpg: start=0 total=167754
download Food Organics_61.jpg: start=0 total=161008
download Food Organics_62.jpg: start=0 total=170024
download Food Organics_60.jpg: start=0 total=161844
download Food Organics_63.jpg: start=0 total=171425
download Food Organics_66.jpg: start=0 total=159061
download Food Organics_65.jpg: start=0 total=166957
download Food Organics_67.jpg: start=0 total=163811download Food Organics_64.jpg: start=0 total=122473download Food Organics_68.jpg: start=0 total=210368


download Food Organics_7.jpg: start=0 total=131074
download Food Organics_69.jpg: start=0 total=157669
download Food Organics_70.jpg: start=0 total=146451
download Food Organics_71.jpg: start=0 total=126528
download Food Organics_76.jpg: start=0 total=144773
download Food Organics_77.jpg: start=0 total=154819
download Food Organics_75.jpg: start=0 total=143278
download Food Organics_78.jpg: start=0 total=160743
download Food Organics_74.jpg: start=0 total=149022download Food Organics_8.jpg: start=0 total=141919download Food Organics_72.jpg: start=0 total=146979download Food Organics_79.jpg: start=0 total=212184



download Food Organics_80.jpg: start=0 total=187867download Food Organics_73.jpg: start=0 total=140157

download Food Organics_81.jpg: start=0 total=186136
download Food Organics_82.jpg: start=0 total=186595
download Food Organics_84.jpg: start=0 total=182690
download Food Organics_86.jpg: start=0 total=185893download Food Organics_89.jpg: start=0 total=182560download Food Organics_83.jpg: start=0 total=187727download Food Organics_85.jpg: start=0 total=185941download Food Organics_88.jpg: start=0 total=181790




download Food Organics_87.jpg: start=0 total=179492
download Food Organics_9.jpg: start=0 total=162675
download Food Organics_92.jpg: start=0 total=182792download Food Organics_93.jpg: start=0 total=185861download Food Organics_91.jpg: start=0 total=182348


download Food Organics_94.jpg: start=0 total=182731
download Food Organics_90.jpg: start=0 total=207842
download Food Organics_95.jpg: start=0 total=184526
download Food Organics_99.jpg: start=0 total=187477
download Food Organics_97.jpg: start=0 total=181678
download Food Organics_96.jpg: start=0 total=156738download Food Organics_98.jpg: start=0 total=194312download Glass_10.jpg: start=0 total=138690download Glass_1.jpg: start=0 total=186684



download Glass_100.jpg: start=0 total=80482
download Glass_102.jpg: start=0 total=100413download Glass_101.jpg: start=0 total=190734

download Glass_103.jpg: start=0 total=71370
download Glass_104.jpg: start=0 total=70335download Glass_106.jpg: start=0 total=102426

download Glass_105.jpg: start=0 total=98426
download Glass_108.jpg: start=0 total=87107download Glass_107.jpg: start=0 total=116299
download Glass_109.jpg: start=0 total=49972

download Glass_11.jpg: start=0 total=151724
download Glass_113.jpg: start=0 total=183567
download Glass_111.jpg: start=0 total=101697
download Glass_110.jpg: start=0 total=48835
download Glass_114.jpg: start=0 total=103264
download Glass_112.jpg: start=0 total=194304
download Glass_115.jpg: start=0 total=75837
download Glass_116.jpg: start=0 total=59723
download Glass_117.jpg: start=0 total=77607
download Glass_118.jpg: start=0 total=58237
download Glass_120.jpg: start=0 total=92421
download Glass_12.jpg: start=0 total=154975
download Glass_119.jpg: start=0 total=66224
download Glass_121.jpg: start=0 total=101808
download Glass_122.jpg: start=0 total=87267
download Glass_125.jpg: start=0 total=65410
download Glass_123.jpg: start=0 total=68905download Glass_124.jpg: start=0 total=204049

download Glass_128.jpg: start=0 total=177257
source realwaste: 900/4752 files processed
download Glass_129.jpg: start=0 total=152159download Glass_126.jpg: start=0 total=84730

download Glass_127.jpg: start=0 total=184476
download Glass_13.jpg: start=0 total=184304
download Glass_131.jpg: start=0 total=185551
download Glass_130.jpg: start=0 total=157263
download Glass_132.jpg: start=0 total=179918
download Glass_135.jpg: start=0 total=160628
download Glass_134.jpg: start=0 total=181195download Glass_133.jpg: start=0 total=85071

download Glass_136.jpg: start=0 total=181984
download Glass_137.jpg: start=0 total=87185
download Glass_140.jpg: start=0 total=73522
download Glass_139.jpg: start=0 total=72026download Glass_138.jpg: start=0 total=74743
download Glass_141.jpg: start=0 total=78142

download Glass_14.jpg: start=0 total=144983
download Glass_143.jpg: start=0 total=106550
download Glass_142.jpg: start=0 total=108188download Glass_144.jpg: start=0 total=104178

download Glass_145.jpg: start=0 total=104474
download Glass_146.jpg: start=0 total=84359
download Glass_148.jpg: start=0 total=80189
download Glass_147.jpg: start=0 total=112119
download Glass_151.jpg: start=0 total=61756download Glass_149.jpg: start=0 total=78192
download Glass_15.jpg: start=0 total=151064

download Glass_150.jpg: start=0 total=92551
download Glass_153.jpg: start=0 total=95723
download Glass_157.jpg: start=0 total=93941download Glass_154.jpg: start=0 total=82262download Glass_152.jpg: start=0 total=81712download Glass_156.jpg: start=0 total=97390download Glass_155.jpg: start=0 total=74610




download Glass_159.jpg: start=0 total=95910download Glass_158.jpg: start=0 total=108540

download Glass_160.jpg: start=0 total=108620
download Glass_16.jpg: start=0 total=160443
download Glass_163.jpg: start=0 total=88537download Glass_162.jpg: start=0 total=111647

download Glass_161.jpg: start=0 total=73124download Glass_164.jpg: start=0 total=95876

download Glass_165.jpg: start=0 total=108222
download Glass_168.jpg: start=0 total=102125
download Glass_166.jpg: start=0 total=101843
download Glass_17.jpg: start=0 total=206242download Glass_169.jpg: start=0 total=83792

download Glass_167.jpg: start=0 total=107562
download Glass_170.jpg: start=0 total=85824
download Glass_172.jpg: start=0 total=93814
download Glass_171.jpg: start=0 total=86675
download Glass_173.jpg: start=0 total=91568
download Glass_177.jpg: start=0 total=103029download Glass_176.jpg: start=0 total=101523
download Glass_175.jpg: start=0 total=94105
download Glass_174.jpg: start=0 total=96420download Glass_178.jpg: start=0 total=89296


download Glass_18.jpg: start=0 total=211112download Glass_179.jpg: start=0 total=95555

download Glass_180.jpg: start=0 total=88913
download Glass_181.jpg: start=0 total=85977
download Glass_183.jpg: start=0 total=84782download Glass_184.jpg: start=0 total=92924download Glass_182.jpg: start=0 total=86801download Glass_186.jpg: start=0 total=81270



download Glass_185.jpg: start=0 total=71662
download Glass_189.jpg: start=0 total=70184download Glass_188.jpg: start=0 total=82739

download Glass_187.jpg: start=0 total=70946
download Glass_19.jpg: start=0 total=210661
download Glass_191.jpg: start=0 total=51465
download Glass_192.jpg: start=0 total=80929
download Glass_190.jpg: start=0 total=71850download Glass_195.jpg: start=0 total=77461

download Glass_196.jpg: start=0 total=102142
download Glass_194.jpg: start=0 total=100438download Glass_193.jpg: start=0 total=67335download Glass_197.jpg: start=0 total=99060


download Glass_198.jpg: start=0 total=101883download Glass_199.jpg: start=0 total=97964

download Glass_200.jpg: start=0 total=107254
download Glass_20.jpg: start=0 total=205811
download Glass_2.jpg: start=0 total=164684
download Glass_202.jpg: start=0 total=107863download Glass_201.jpg: start=0 total=78988

download Glass_203.jpg: start=0 total=102214
download Glass_204.jpg: start=0 total=104476
download Glass_205.jpg: start=0 total=98939
download Glass_207.jpg: start=0 total=94784
download Glass_206.jpg: start=0 total=91335
download Glass_208.jpg: start=0 total=91917
download Glass_209.jpg: start=0 total=82859download Glass_21.jpg: start=0 total=204961

download Glass_211.jpg: start=0 total=93229
download Glass_210.jpg: start=0 total=87277
download Glass_215.jpg: start=0 total=100073
download Glass_216.jpg: start=0 total=100510download Glass_212.jpg: start=0 total=61542download Glass_214.jpg: start=0 total=97383download Glass_213.jpg: start=0 total=76586



download Glass_217.jpg: start=0 total=105496
source realwaste: 1000/4752 files processed
download Glass_219.jpg: start=0 total=108573
download Glass_218.jpg: start=0 total=97747
download Glass_221.jpg: start=0 total=102986download Glass_22.jpg: start=0 total=208159
download Glass_220.jpg: start=0 total=105908download Glass_223.jpg: start=0 total=84590


download Glass_222.jpg: start=0 total=109329
download Glass_224.jpg: start=0 total=153777
download Glass_229.jpg: start=0 total=113843download Glass_228.jpg: start=0 total=105432
download Glass_227.jpg: start=0 total=103505download Glass_226.jpg: start=0 total=106540
download Glass_225.jpg: start=0 total=103975


download Glass_23.jpg: start=0 total=198402download Glass_230.jpg: start=0 total=106128

download Glass_232.jpg: start=0 total=109251
download Glass_233.jpg: start=0 total=106109download Glass_231.jpg: start=0 total=114042

download Glass_234.jpg: start=0 total=87758
download Glass_235.jpg: start=0 total=149626
download Glass_236.jpg: start=0 total=85644
download Glass_237.jpg: start=0 total=91759
download Glass_238.jpg: start=0 total=108504
download Glass_239.jpg: start=0 total=95107
download Glass_24.jpg: start=0 total=218306
download Glass_240.jpg: start=0 total=101679
download Glass_241.jpg: start=0 total=96252
download Glass_244.jpg: start=0 total=109422
download Glass_242.jpg: start=0 total=107558
download Glass_243.jpg: start=0 total=106222
download Glass_245.jpg: start=0 total=103591
download Glass_248.jpg: start=0 total=99270
download Glass_246.jpg: start=0 total=187836download Glass_247.jpg: start=0 total=106088

download Glass_249.jpg: start=0 total=75762download Glass_25.jpg: start=0 total=201989

download Glass_251.jpg: start=0 total=82432
download Glass_250.jpg: start=0 total=83519
download Glass_252.jpg: start=0 total=80749download Glass_253.jpg: start=0 total=69723

download Glass_255.jpg: start=0 total=68446
download Glass_254.jpg: start=0 total=67841
download Glass_256.jpg: start=0 total=79141
download Glass_257.jpg: start=0 total=180728
download Glass_259.jpg: start=0 total=102650
download Glass_26.jpg: start=0 total=205439
download Glass_258.jpg: start=0 total=103102
download Glass_260.jpg: start=0 total=107040
download Glass_261.jpg: start=0 total=99443
download Glass_262.jpg: start=0 total=102047
download Glass_266.jpg: start=0 total=110207download Glass_263.jpg: start=0 total=99698

download Glass_264.jpg: start=0 total=109980download Glass_265.jpg: start=0 total=82734

download Glass_268.jpg: start=0 total=184667
download Glass_269.jpg: start=0 total=67827download Glass_267.jpg: start=0 total=83107

download Glass_27.jpg: start=0 total=147406download Glass_270.jpg: start=0 total=100000

download Glass_271.jpg: start=0 total=82410
download Glass_273.jpg: start=0 total=100486
download Glass_274.jpg: start=0 total=99398
download Glass_272.jpg: start=0 total=102206
download Glass_276.jpg: start=0 total=83536download Glass_275.jpg: start=0 total=96991download Glass_277.jpg: start=0 total=107241


download Glass_278.jpg: start=0 total=105519
download Glass_279.jpg: start=0 total=174254
download Glass_281.jpg: start=0 total=103847
download Glass_280.jpg: start=0 total=103094download Glass_282.jpg: start=0 total=111279download Glass_284.jpg: start=0 total=107815
download Glass_28.jpg: start=0 total=157614


download Glass_283.jpg: start=0 total=81891
download Glass_285.jpg: start=0 total=103240
download Glass_287.jpg: start=0 total=84722
download Glass_286.jpg: start=0 total=106616
download Glass_288.jpg: start=0 total=76096
download Glass_29.jpg: start=0 total=162092
download Glass_289.jpg: start=0 total=75867
download Glass_292.jpg: start=0 total=80041
download Glass_290.jpg: start=0 total=173556
download Glass_294.jpg: start=0 total=99023download Glass_295.jpg: start=0 total=109307
download Glass_291.jpg: start=0 total=75570

download Glass_296.jpg: start=0 total=102089download Glass_293.jpg: start=0 total=97314

download Glass_297.jpg: start=0 total=106467
download Glass_298.jpg: start=0 total=109432
download Glass_300.jpg: start=0 total=101660download Glass_3.jpg: start=0 total=167541download Glass_30.jpg: start=0 total=101478


download Glass_299.jpg: start=0 total=107826
download Glass_301.jpg: start=0 total=93665
download Glass_304.jpg: start=0 total=100663
download Glass_303.jpg: start=0 total=105510
download Glass_302.jpg: start=0 total=105207download Glass_306.jpg: start=0 total=102162

download Glass_307.jpg: start=0 total=107120download Glass_305.jpg: start=0 total=102536

source realwaste: 1100/4752 files processed
download Glass_308.jpg: start=0 total=101672
download Glass_309.jpg: start=0 total=109432
download Glass_31.jpg: start=0 total=156796
download Glass_312.jpg: start=0 total=187034
download Glass_311.jpg: start=0 total=97304
download Glass_313.jpg: start=0 total=97993download Glass_310.jpg: start=0 total=98031

download Glass_314.jpg: start=0 total=104122
download Glass_315.jpg: start=0 total=105456
download Glass_316.jpg: start=0 total=109955
download Glass_317.jpg: start=0 total=98582
download Glass_319.jpg: start=0 total=100149
download Glass_318.jpg: start=0 total=101942
download Glass_32.jpg: start=0 total=163666
download Glass_320.jpg: start=0 total=103817
download Glass_323.jpg: start=0 total=176879download Glass_321.jpg: start=0 total=103145

download Glass_322.jpg: start=0 total=105444
download Glass_324.jpg: start=0 total=96398
download Glass_326.jpg: start=0 total=105973
download Glass_327.jpg: start=0 total=113529download Glass_328.jpg: start=0 total=104393

download Glass_325.jpg: start=0 total=110262
download Glass_33.jpg: start=0 total=95144download Glass_329.jpg: start=0 total=107670

download Glass_331.jpg: start=0 total=94251download Glass_330.jpg: start=0 total=106356

download Glass_332.jpg: start=0 total=105970download Glass_333.jpg: start=0 total=99530

download Glass_334.jpg: start=0 total=182622
download Glass_336.jpg: start=0 total=97791
download Glass_335.jpg: start=0 total=86352download Glass_337.jpg: start=0 total=96810

download Glass_338.jpg: start=0 total=97047
download Glass_339.jpg: start=0 total=94975
download Glass_342.jpg: start=0 total=106915
download Glass_344.jpg: start=0 total=96587download Glass_341.jpg: start=0 total=99314
download Glass_34.jpg: start=0 total=149277
download Glass_340.jpg: start=0 total=61231

download Glass_343.jpg: start=0 total=91468
download Glass_346.jpg: start=0 total=77021
download Glass_347.jpg: start=0 total=100625
download Glass_345.jpg: start=0 total=55207download Glass_35.jpg: start=0 total=205000download Glass_349.jpg: start=0 total=86377download Glass_348.jpg: start=0 total=94331



download Glass_350.jpg: start=0 total=95860
download Glass_351.jpg: start=0 total=58009
download Glass_355.jpg: start=0 total=56051
download Glass_353.jpg: start=0 total=107486
download Glass_352.jpg: start=0 total=94398
download Glass_36.jpg: start=0 total=154859
download Glass_357.jpg: start=0 total=93347
download Glass_354.jpg: start=0 total=91732
download Glass_359.jpg: start=0 total=85485
download Glass_356.jpg: start=0 total=98866
download Glass_358.jpg: start=0 total=103351
download Glass_361.jpg: start=0 total=91249
download Glass_360.jpg: start=0 total=60893
download Glass_362.jpg: start=0 total=85238
download Glass_363.jpg: start=0 total=58822
download Glass_364.jpg: start=0 total=96362download Glass_365.jpg: start=0 total=67004

download Glass_366.jpg: start=0 total=169244
download Glass_37.jpg: start=0 total=133817
download Glass_367.jpg: start=0 total=68921download Glass_369.jpg: start=0 total=83746download Glass_368.jpg: start=0 total=99279


download Glass_371.jpg: start=0 total=207253
download Glass_372.jpg: start=0 total=197318download Glass_370.jpg: start=0 total=159984

download Glass_373.jpg: start=0 total=148871
download Glass_375.jpg: start=0 total=86361download Glass_374.jpg: start=0 total=102000

download Glass_376.jpg: start=0 total=89589
download Glass_377.jpg: start=0 total=162314
download Glass_38.jpg: start=0 total=137406download Glass_380.jpg: start=0 total=152517download Glass_379.jpg: start=0 total=170096


download Glass_382.jpg: start=0 total=89789
download Glass_378.jpg: start=0 total=163197
download Glass_383.jpg: start=0 total=200508download Glass_381.jpg: start=0 total=183106

download Glass_384.jpg: start=0 total=160791
download Glass_387.jpg: start=0 total=164931download Glass_388.jpg: start=0 total=150176
download Glass_386.jpg: start=0 total=168561

download Glass_385.jpg: start=0 total=203629
download Glass_389.jpg: start=0 total=161353
download Glass_390.jpg: start=0 total=116032download Glass_39.jpg: start=0 total=195396

download Glass_393.jpg: start=0 total=109130
download Glass_391.jpg: start=0 total=73418download Glass_394.jpg: start=0 total=169802
download Glass_392.jpg: start=0 total=166684

download Glass_395.jpg: start=0 total=127699
download Glass_396.jpg: start=0 total=205320
download Glass_397.jpg: start=0 total=98745
download Glass_398.jpg: start=0 total=126247download Glass_4.jpg: start=0 total=151386

source realwaste: 1200/4752 files processed
download Glass_399.jpg: start=0 total=172383
download Glass_400.jpg: start=0 total=111226
download Glass_40.jpg: start=0 total=204361
download Glass_401.jpg: start=0 total=153357download Glass_402.jpg: start=0 total=136817

download Glass_405.jpg: start=0 total=202097download Glass_404.jpg: start=0 total=167196

download Glass_406.jpg: start=0 total=114508download Glass_409.jpg: start=0 total=172158download Glass_403.jpg: start=0 total=158474


download Glass_408.jpg: start=0 total=153624
download Glass_410.jpg: start=0 total=145925download Glass_407.jpg: start=0 total=158291

download Glass_41.jpg: start=0 total=199032
download Glass_411.jpg: start=0 total=70095
download Glass_413.jpg: start=0 total=74554download Glass_412.jpg: start=0 total=105745

download Glass_414.jpg: start=0 total=152358
download Glass_415.jpg: start=0 total=113613
download Glass_417.jpg: start=0 total=139796download Glass_416.jpg: start=0 total=154253

download Glass_42.jpg: start=0 total=194299download Glass_419.jpg: start=0 total=137290

download Glass_420.jpg: start=0 total=155807
download Glass_418.jpg: start=0 total=96185
download Glass_43.jpg: start=0 total=196159
download Glass_46.jpg: start=0 total=110018download Glass_45.jpg: start=0 total=198488

download Glass_44.jpg: start=0 total=185116
download Glass_47.jpg: start=0 total=190783
download Glass_48.jpg: start=0 total=71188
download Glass_49.jpg: start=0 total=189018
download Glass_5.jpg: start=0 total=202959
download Glass_50.jpg: start=0 total=205455
download Glass_53.jpg: start=0 total=201688download Glass_51.jpg: start=0 total=199532

download Glass_52.jpg: start=0 total=203442download Glass_54.jpg: start=0 total=205361

download Glass_55.jpg: start=0 total=202650
download Glass_57.jpg: start=0 total=167034download Glass_56.jpg: start=0 total=201518

download Glass_58.jpg: start=0 total=200700
download Glass_59.jpg: start=0 total=201445download Glass_6.jpg: start=0 total=190772download Glass_60.jpg: start=0 total=201924


download Glass_61.jpg: start=0 total=147864
download Glass_63.jpg: start=0 total=213438download Glass_64.jpg: start=0 total=195326download Glass_62.jpg: start=0 total=101817download Glass_65.jpg: start=0 total=62652



download Glass_66.jpg: start=0 total=59040
download Glass_67.jpg: start=0 total=76764
download Glass_69.jpg: start=0 total=99251download Glass_68.jpg: start=0 total=143889download Glass_7.jpg: start=0 total=139577


download Glass_70.jpg: start=0 total=67408download Glass_71.jpg: start=0 total=100347

download Glass_75.jpg: start=0 total=76018
download Glass_74.jpg: start=0 total=99572
download Glass_73.jpg: start=0 total=105999
download Glass_78.jpg: start=0 total=56450download Glass_76.jpg: start=0 total=57665download Glass_77.jpg: start=0 total=99579


download Glass_72.jpg: start=0 total=98556
download Glass_81.jpg: start=0 total=95441
download Glass_8.jpg: start=0 total=122716
download Glass_80.jpg: start=0 total=52808
download Glass_79.jpg: start=0 total=187110
download Glass_82.jpg: start=0 total=62101
download Glass_83.jpg: start=0 total=154956
download Glass_84.jpg: start=0 total=149594
download Glass_87.jpg: start=0 total=194650
download Glass_89.jpg: start=0 total=142323download Glass_88.jpg: start=0 total=195819download Glass_86.jpg: start=0 total=157273


download Glass_85.jpg: start=0 total=96233
download Glass_9.jpg: start=0 total=161571
download Glass_92.jpg: start=0 total=171041
download Glass_91.jpg: start=0 total=196568
download Glass_93.jpg: start=0 total=97809download Glass_90.jpg: start=0 total=170916

download Glass_95.jpg: start=0 total=97690
download Glass_94.jpg: start=0 total=194249
download Glass_96.jpg: start=0 total=100562
download Glass_97.jpg: start=0 total=112822download Metal_1.jpg: start=0 total=86878download Metal_10.jpg: start=0 total=186733

download Glass_99.jpg: start=0 total=78355

download Glass_98.jpg: start=0 total=98787
download Metal_100.jpg: start=0 total=161186download Metal_101.jpg: start=0 total=81018

download Metal_104.jpg: start=0 total=188876
download Metal_103.jpg: start=0 total=108159
download Metal_106.jpg: start=0 total=197012
download Metal_105.jpg: start=0 total=170805download Metal_102.jpg: start=0 total=182078

download Metal_107.jpg: start=0 total=211393
download Metal_108.jpg: start=0 total=198687
source realwaste: 1300/4752 files processeddownload Metal_109.jpg: start=0 total=194372download Metal_11.jpg: start=0 total=142711


download Metal_110.jpg: start=0 total=168402
download Metal_111.jpg: start=0 total=177459
download Metal_112.jpg: start=0 total=119674
download Metal_113.jpg: start=0 total=115710
download Metal_114.jpg: start=0 total=105185
download Metal_115.jpg: start=0 total=104609
download Metal_119.jpg: start=0 total=128456
download Metal_117.jpg: start=0 total=80688download Metal_118.jpg: start=0 total=105492download Metal_116.jpg: start=0 total=115943


download Metal_121.jpg: start=0 total=117272
download Metal_122.jpg: start=0 total=112050download Metal_12.jpg: start=0 total=127314download Metal_120.jpg: start=0 total=123859


download Metal_123.jpg: start=0 total=110207download Metal_124.jpg: start=0 total=96434

download Metal_126.jpg: start=0 total=120852
download Metal_128.jpg: start=0 total=78460download Metal_127.jpg: start=0 total=114157

download Metal_129.jpg: start=0 total=112762
download Metal_13.jpg: start=0 total=101974
download Metal_125.jpg: start=0 total=85617
download Metal_130.jpg: start=0 total=121797
download Metal_132.jpg: start=0 total=173461download Metal_131.jpg: start=0 total=64633

download Metal_133.jpg: start=0 total=119258
download Metal_134.jpg: start=0 total=170793
download Metal_137.jpg: start=0 total=175286download Metal_136.jpg: start=0 total=116078download Metal_135.jpg: start=0 total=100908


download Metal_139.jpg: start=0 total=130181
download Metal_138.jpg: start=0 total=135045
download Metal_14.jpg: start=0 total=112438download Metal_142.jpg: start=0 total=162670
download Metal_140.jpg: start=0 total=120085download Metal_143.jpg: start=0 total=114360

download Metal_141.jpg: start=0 total=169260

download Metal_144.jpg: start=0 total=157477
download Metal_145.jpg: start=0 total=171011
download Metal_146.jpg: start=0 total=112077
download Metal_149.jpg: start=0 total=98007download Metal_148.jpg: start=0 total=104858download Metal_147.jpg: start=0 total=155900


download Metal_15.jpg: start=0 total=162706
download Metal_152.jpg: start=0 total=120211download Metal_150.jpg: start=0 total=100278

download Metal_151.jpg: start=0 total=61367
download Metal_156.jpg: start=0 total=97984download Metal_154.jpg: start=0 total=88535
download Metal_153.jpg: start=0 total=113289
download Metal_155.jpg: start=0 total=72508

download Metal_158.jpg: start=0 total=63510
download Metal_159.jpg: start=0 total=70961
download Metal_157.jpg: start=0 total=82244
download Metal_16.jpg: start=0 total=159372
download Metal_161.jpg: start=0 total=152220
download Metal_160.jpg: start=0 total=68731
download Metal_162.jpg: start=0 total=177071
download Metal_164.jpg: start=0 total=117939
download Metal_163.jpg: start=0 total=98667
download Metal_167.jpg: start=0 total=119589download Metal_165.jpg: start=0 total=102588

download Metal_166.jpg: start=0 total=123224
download Metal_172.jpg: start=0 total=119455download Metal_17.jpg: start=0 total=153732download Metal_170.jpg: start=0 total=61542download Metal_168.jpg: start=0 total=98874



download Metal_169.jpg: start=0 total=121100
download Metal_171.jpg: start=0 total=130566download Metal_173.jpg: start=0 total=98683

download Metal_174.jpg: start=0 total=80332
download Metal_175.jpg: start=0 total=111229
download Metal_177.jpg: start=0 total=89980download Metal_178.jpg: start=0 total=110684download Metal_176.jpg: start=0 total=123335


download Metal_181.jpg: start=0 total=113151download Metal_18.jpg: start=0 total=154649

download Metal_180.jpg: start=0 total=87643download Metal_179.jpg: start=0 total=122532

download Metal_182.jpg: start=0 total=122831
download Metal_185.jpg: start=0 total=109270
download Metal_184.jpg: start=0 total=86588download Metal_183.jpg: start=0 total=113150

download Metal_190.jpg: start=0 total=104680download Metal_189.jpg: start=0 total=117090download Metal_186.jpg: start=0 total=93166download Metal_188.jpg: start=0 total=102133



download Metal_187.jpg: start=0 total=109539download Metal_19.jpg: start=0 total=143855

download Metal_191.jpg: start=0 total=86467
download Metal_192.jpg: start=0 total=92381
download Metal_193.jpg: start=0 total=78297
download Metal_194.jpg: start=0 total=106410download Metal_195.jpg: start=0 total=90590download Metal_196.jpg: start=0 total=113619


source realwaste: 1400/4752 files processeddownload Metal_198.jpg: start=0 total=106319

download Metal_197.jpg: start=0 total=88492
download Metal_199.jpg: start=0 total=135494
download Metal_2.jpg: start=0 total=105276
download Metal_20.jpg: start=0 total=148836download Metal_201.jpg: start=0 total=111400download Metal_202.jpg: start=0 total=163498
download Metal_203.jpg: start=0 total=156719
download Metal_200.jpg: start=0 total=143920


download Metal_206.jpg: start=0 total=153434
download Metal_205.jpg: start=0 total=164754
download Metal_204.jpg: start=0 total=162337download Metal_207.jpg: start=0 total=166453download Metal_208.jpg: start=0 total=156145download Metal_209.jpg: start=0 total=129959



download Metal_210.jpg: start=0 total=153010download Metal_21.jpg: start=0 total=138427

download Metal_211.jpg: start=0 total=151835download Metal_213.jpg: start=0 total=146998

download Metal_212.jpg: start=0 total=84673
download Metal_214.jpg: start=0 total=156489
download Metal_215.jpg: start=0 total=162964download Metal_217.jpg: start=0 total=136184
download Metal_216.jpg: start=0 total=122112
download Metal_219.jpg: start=0 total=147644

download Metal_218.jpg: start=0 total=157152
download Metal_22.jpg: start=0 total=156463
download Metal_221.jpg: start=0 total=114677download Metal_220.jpg: start=0 total=125618

download Metal_222.jpg: start=0 total=148826
download Metal_223.jpg: start=0 total=114077
download Metal_225.jpg: start=0 total=184490download Metal_224.jpg: start=0 total=94765

download Metal_228.jpg: start=0 total=137507download Metal_226.jpg: start=0 total=134993download Metal_227.jpg: start=0 total=130099


download Metal_23.jpg: start=0 total=108324
download Metal_229.jpg: start=0 total=191689
download Metal_230.jpg: start=0 total=160459
download Metal_232.jpg: start=0 total=99875
download Metal_231.jpg: start=0 total=125698download Metal_235.jpg: start=0 total=78161

download Metal_233.jpg: start=0 total=144096
download Metal_234.jpg: start=0 total=135370
download Metal_238.jpg: start=0 total=113662
download Metal_237.jpg: start=0 total=140522
download Metal_239.jpg: start=0 total=140960
download Metal_24.jpg: start=0 total=107179
download Metal_236.jpg: start=0 total=117260
download Metal_240.jpg: start=0 total=146072
download Metal_242.jpg: start=0 total=145650
download Metal_241.jpg: start=0 total=151406
download Metal_243.jpg: start=0 total=160934download Metal_245.jpg: start=0 total=155872

download Metal_244.jpg: start=0 total=156051download Metal_246.jpg: start=0 total=85998

download Metal_247.jpg: start=0 total=164011
download Metal_249.jpg: start=0 total=152462download Metal_248.jpg: start=0 total=143460

download Metal_25.jpg: start=0 total=181031
download Metal_251.jpg: start=0 total=154883download Metal_252.jpg: start=0 total=149540

download Metal_250.jpg: start=0 total=151142
download Metal_253.jpg: start=0 total=118963
download Metal_256.jpg: start=0 total=152104download Metal_254.jpg: start=0 total=148861

download Metal_258.jpg: start=0 total=146582
download Metal_255.jpg: start=0 total=147542
download Metal_26.jpg: start=0 total=139647
download Metal_257.jpg: start=0 total=104016
download Metal_260.jpg: start=0 total=158505
download Metal_259.jpg: start=0 total=154383
download Metal_261.jpg: start=0 total=189546
download Metal_262.jpg: start=0 total=168542download Metal_263.jpg: start=0 total=162712download Metal_266.jpg: start=0 total=140298


download Metal_265.jpg: start=0 total=152210download Metal_264.jpg: start=0 total=184852

download Metal_267.jpg: start=0 total=165582
download Metal_268.jpg: start=0 total=97908
download Metal_269.jpg: start=0 total=136958
download Metal_270.jpg: start=0 total=130789download Metal_27.jpg: start=0 total=139665

download Metal_271.jpg: start=0 total=126181
download Metal_273.jpg: start=0 total=130014
download Metal_272.jpg: start=0 total=126041
download Metal_275.jpg: start=0 total=132279download Metal_278.jpg: start=0 total=98556download Metal_274.jpg: start=0 total=134136


download Metal_279.jpg: start=0 total=99355
download Metal_276.jpg: start=0 total=109160
download Metal_277.jpg: start=0 total=129236
download Metal_28.jpg: start=0 total=141271
download Metal_284.jpg: start=0 total=148638download Metal_281.jpg: start=0 total=152874download Metal_282.jpg: start=0 total=168223
download Metal_280.jpg: start=0 total=166824


download Metal_283.jpg: start=0 total=106346
download Metal_285.jpg: start=0 total=162484
download Metal_288.jpg: start=0 total=144288
download Metal_289.jpg: start=0 total=138985
download Metal_286.jpg: start=0 total=140653download Metal_29.jpg: start=0 total=152033

source realwaste: 1500/4752 files processed
download Metal_287.jpg: start=0 total=183372
download Metal_290.jpg: start=0 total=94393
download Metal_291.jpg: start=0 total=79147
download Metal_294.jpg: start=0 total=91119
download Metal_295.jpg: start=0 total=132683download Metal_292.jpg: start=0 total=142101download Metal_296.jpg: start=0 total=150718
download Metal_293.jpg: start=0 total=141935


download Metal_297.jpg: start=0 total=149688
download Metal_299.jpg: start=0 total=133541
download Metal_298.jpg: start=0 total=149160
download Metal_3.jpg: start=0 total=107314download Metal_300.jpg: start=0 total=156302

download Metal_30.jpg: start=0 total=163308
download Metal_301.jpg: start=0 total=111379
download Metal_302.jpg: start=0 total=76578
download Metal_305.jpg: start=0 total=147720
download Metal_306.jpg: start=0 total=100219
download Metal_304.jpg: start=0 total=145545
download Metal_303.jpg: start=0 total=145056download Metal_307.jpg: start=0 total=146465download Metal_308.jpg: start=0 total=144515


download Metal_309.jpg: start=0 total=89094
download Metal_31.jpg: start=0 total=103417
download Metal_311.jpg: start=0 total=137288
download Metal_310.jpg: start=0 total=153164download Metal_312.jpg: start=0 total=103553

download Metal_313.jpg: start=0 total=144792
download Metal_317.jpg: start=0 total=138868
download Metal_320.jpg: start=0 total=161630download Metal_315.jpg: start=0 total=157907download Metal_316.jpg: start=0 total=133563download Metal_318.jpg: start=0 total=178875download Metal_319.jpg: start=0 total=179128




download Metal_314.jpg: start=0 total=155492
download Metal_322.jpg: start=0 total=105555
download Metal_32.jpg: start=0 total=157711
download Metal_324.jpg: start=0 total=167795
download Metal_321.jpg: start=0 total=175145
download Metal_323.jpg: start=0 total=101500
download Metal_325.jpg: start=0 total=165454
download Metal_326.jpg: start=0 total=172103
download Metal_33.jpg: start=0 total=121496download Metal_327.jpg: start=0 total=169695download Metal_328.jpg: start=0 total=168416


download Metal_330.jpg: start=0 total=165457download Metal_331.jpg: start=0 total=163878

download Metal_329.jpg: start=0 total=163211
download Metal_332.jpg: start=0 total=166126
download Metal_333.jpg: start=0 total=129636
download Metal_336.jpg: start=0 total=99522download Metal_335.jpg: start=0 total=94889download Metal_334.jpg: start=0 total=111918


download Metal_337.jpg: start=0 total=94149
download Metal_339.jpg: start=0 total=115024download Metal_340.jpg: start=0 total=188745

download Metal_34.jpg: start=0 total=172978download Metal_338.jpg: start=0 total=116647

download Metal_341.jpg: start=0 total=188349
download Metal_342.jpg: start=0 total=100680
download Metal_343.jpg: start=0 total=101551
download Metal_344.jpg: start=0 total=168317
download Metal_345.jpg: start=0 total=176065download Metal_346.jpg: start=0 total=93840

download Metal_348.jpg: start=0 total=101757
download Metal_349.jpg: start=0 total=116912
download Metal_347.jpg: start=0 total=111971
download Metal_35.jpg: start=0 total=126232download Metal_350.jpg: start=0 total=110872

download Metal_354.jpg: start=0 total=126695
download Metal_353.jpg: start=0 total=110812
download Metal_351.jpg: start=0 total=111330
download Metal_352.jpg: start=0 total=114552
download Metal_356.jpg: start=0 total=130206download Metal_355.jpg: start=0 total=127139

download Metal_357.jpg: start=0 total=92270
download Metal_358.jpg: start=0 total=140500
download Metal_36.jpg: start=0 total=127674
download Metal_359.jpg: start=0 total=113406
download Metal_362.jpg: start=0 total=130101download Metal_361.jpg: start=0 total=137287download Metal_360.jpg: start=0 total=120568


download Metal_365.jpg: start=0 total=126068
download Metal_363.jpg: start=0 total=105802
download Metal_364.jpg: start=0 total=108220
download Metal_368.jpg: start=0 total=100057download Metal_367.jpg: start=0 total=121475

download Metal_369.jpg: start=0 total=119464
download Metal_366.jpg: start=0 total=115154
download Metal_370.jpg: start=0 total=104911download Metal_37.jpg: start=0 total=164667

download Metal_371.jpg: start=0 total=120582
download Metal_372.jpg: start=0 total=131495download Metal_373.jpg: start=0 total=117427
download Metal_374.jpg: start=0 total=110206

download Metal_375.jpg: start=0 total=125635
download Metal_376.jpg: start=0 total=91867download Metal_378.jpg: start=0 total=113699

download Metal_377.jpg: start=0 total=111133
source realwaste: 1600/4752 files processed
download Metal_379.jpg: start=0 total=99202
download Metal_38.jpg: start=0 total=116407
download Metal_380.jpg: start=0 total=119612
download Metal_381.jpg: start=0 total=116842
download Metal_382.jpg: start=0 total=127104
download Metal_385.jpg: start=0 total=115669
download Metal_383.jpg: start=0 total=114268download Metal_384.jpg: start=0 total=113571

download Metal_387.jpg: start=0 total=135430download Metal_389.jpg: start=0 total=140686
download Metal_386.jpg: start=0 total=125670

download Metal_390.jpg: start=0 total=71013download Metal_388.jpg: start=0 total=110172

download Metal_391.jpg: start=0 total=99797download Metal_39.jpg: start=0 total=163965
download Metal_392.jpg: start=0 total=123628

download Metal_393.jpg: start=0 total=102475
download Metal_396.jpg: start=0 total=170462download Metal_397.jpg: start=0 total=168858
download Metal_398.jpg: start=0 total=169193

download Metal_395.jpg: start=0 total=169181
download Metal_394.jpg: start=0 total=171162
download Metal_399.jpg: start=0 total=105903
download Metal_4.jpg: start=0 total=101356download Metal_40.jpg: start=0 total=161331

download Metal_400.jpg: start=0 total=108456download Metal_402.jpg: start=0 total=127847download Metal_401.jpg: start=0 total=94614


download Metal_403.jpg: start=0 total=116921
download Metal_404.jpg: start=0 total=142710
download Metal_405.jpg: start=0 total=116742
download Metal_408.jpg: start=0 total=113320download Metal_41.jpg: start=0 total=169527

download Metal_406.jpg: start=0 total=115503
download Metal_407.jpg: start=0 total=127739
download Metal_409.jpg: start=0 total=149563
download Metal_410.jpg: start=0 total=150986
download Metal_414.jpg: start=0 total=172994download Metal_413.jpg: start=0 total=158919download Metal_411.jpg: start=0 total=155384
download Metal_415.jpg: start=0 total=120409
download Metal_412.jpg: start=0 total=77295


download Metal_416.jpg: start=0 total=121041download Metal_417.jpg: start=0 total=123345

download Metal_418.jpg: start=0 total=100935
download Metal_42.jpg: start=0 total=205224
download Metal_421.jpg: start=0 total=110791download Metal_419.jpg: start=0 total=117366

download Metal_420.jpg: start=0 total=102214
download Metal_422.jpg: start=0 total=111306download Metal_424.jpg: start=0 total=130523download Metal_423.jpg: start=0 total=123556


download Metal_425.jpg: start=0 total=117825
download Metal_426.jpg: start=0 total=124968
download Metal_428.jpg: start=0 total=127135download Metal_427.jpg: start=0 total=125434

download Metal_429.jpg: start=0 total=105372
download Metal_430.jpg: start=0 total=122280
download Metal_43.jpg: start=0 total=115596
download Metal_431.jpg: start=0 total=119256
download Metal_432.jpg: start=0 total=106519
download Metal_434.jpg: start=0 total=83844
download Metal_433.jpg: start=0 total=122737
download Metal_436.jpg: start=0 total=107424download Metal_435.jpg: start=0 total=106093

download Metal_437.jpg: start=0 total=106688download Metal_439.jpg: start=0 total=114810download Metal_44.jpg: start=0 total=162019
download Metal_438.jpg: start=0 total=114561
download Metal_440.jpg: start=0 total=102771


download Metal_441.jpg: start=0 total=104152
download Metal_442.jpg: start=0 total=99546
download Metal_443.jpg: start=0 total=112602
download Metal_444.jpg: start=0 total=106982download Metal_446.jpg: start=0 total=62066
download Metal_445.jpg: start=0 total=103633

download Metal_447.jpg: start=0 total=123958
download Metal_448.jpg: start=0 total=132574download Metal_45.jpg: start=0 total=204279
download Metal_449.jpg: start=0 total=119397

download Metal_451.jpg: start=0 total=120335
download Metal_450.jpg: start=0 total=106405
download Metal_453.jpg: start=0 total=126153
download Metal_452.jpg: start=0 total=121263
download Metal_454.jpg: start=0 total=148008
download Metal_456.jpg: start=0 total=110354
download Metal_455.jpg: start=0 total=76339
download Metal_457.jpg: start=0 total=118863
download Metal_458.jpg: start=0 total=119365
download Metal_460.jpg: start=0 total=137094download Metal_459.jpg: start=0 total=97919

download Metal_46.jpg: start=0 total=110830
download Metal_461.jpg: start=0 total=120269
download Metal_463.jpg: start=0 total=122768
download Metal_464.jpg: start=0 total=83451download Metal_462.jpg: start=0 total=125814

download Metal_465.jpg: start=0 total=145040
download Metal_467.jpg: start=0 total=122930
download Metal_466.jpg: start=0 total=106213
source realwaste: 1700/4752 files processed
download Metal_468.jpg: start=0 total=97651
download Metal_469.jpg: start=0 total=145701download Metal_472.jpg: start=0 total=64742
download Metal_47.jpg: start=0 total=212377download Metal_470.jpg: start=0 total=131872download Metal_471.jpg: start=0 total=108260



download Metal_474.jpg: start=0 total=70182download Metal_473.jpg: start=0 total=108436

download Metal_478.jpg: start=0 total=102186download Metal_477.jpg: start=0 total=113435

download Metal_475.jpg: start=0 total=116457download Metal_476.jpg: start=0 total=77503

download Metal_479.jpg: start=0 total=96437
download Metal_480.jpg: start=0 total=154600
download Metal_483.jpg: start=0 total=69257download Metal_481.jpg: start=0 total=134215download Metal_482.jpg: start=0 total=122585download Metal_48.jpg: start=0 total=192451



download Metal_484.jpg: start=0 total=123411
download Metal_485.jpg: start=0 total=121357
download Metal_486.jpg: start=0 total=110681
download Metal_488.jpg: start=0 total=133598download Metal_489.jpg: start=0 total=141880

download Metal_490.jpg: start=0 total=108438download Metal_49.jpg: start=0 total=175633download Metal_487.jpg: start=0 total=137818download Metal_491.jpg: start=0 total=124617



download Metal_492.jpg: start=0 total=114093
download Metal_493.jpg: start=0 total=119485
download Metal_494.jpg: start=0 total=125290
download Metal_495.jpg: start=0 total=131845
download Metal_496.jpg: start=0 total=105229
download Metal_497.jpg: start=0 total=127744
download Metal_498.jpg: start=0 total=119207
download Metal_501.jpg: start=0 total=118383
download Metal_50.jpg: start=0 total=154711download Metal_500.jpg: start=0 total=124946download Metal_499.jpg: start=0 total=127991download Metal_502.jpg: start=0 total=131056download Metal_5.jpg: start=0 total=108025




download Metal_506.jpg: start=0 total=143380download Metal_503.jpg: start=0 total=122864

download Metal_507.jpg: start=0 total=111094
download Metal_508.jpg: start=0 total=139902
download Metal_504.jpg: start=0 total=118384
download Metal_505.jpg: start=0 total=118088
download Metal_509.jpg: start=0 total=127741
download Metal_512.jpg: start=0 total=109468
download Metal_511.jpg: start=0 total=138956
download Metal_513.jpg: start=0 total=111367
download Metal_510.jpg: start=0 total=113894
download Metal_51.jpg: start=0 total=197251
download Metal_514.jpg: start=0 total=129146
download Metal_515.jpg: start=0 total=131091
download Metal_517.jpg: start=0 total=105529
download Metal_519.jpg: start=0 total=96717download Metal_520.jpg: start=0 total=119991download Metal_518.jpg: start=0 total=104624


download Metal_516.jpg: start=0 total=119025download Metal_52.jpg: start=0 total=132457

download Metal_524.jpg: start=0 total=137745
download Metal_522.jpg: start=0 total=122091
download Metal_521.jpg: start=0 total=116082
download Metal_527.jpg: start=0 total=120601
download Metal_525.jpg: start=0 total=157701
download Metal_523.jpg: start=0 total=127449
download Metal_528.jpg: start=0 total=113819download Metal_526.jpg: start=0 total=157206

download Metal_529.jpg: start=0 total=111037
download Metal_53.jpg: start=0 total=211043
download Metal_530.jpg: start=0 total=120482
download Metal_531.jpg: start=0 total=116467
download Metal_532.jpg: start=0 total=139255
download Metal_533.jpg: start=0 total=118325
download Metal_534.jpg: start=0 total=103558
download Metal_536.jpg: start=0 total=146868
download Metal_537.jpg: start=0 total=117601download Metal_538.jpg: start=0 total=122831
download Metal_539.jpg: start=0 total=118879download Metal_54.jpg: start=0 total=171959


download Metal_535.jpg: start=0 total=128279
download Metal_540.jpg: start=0 total=115229
download Metal_542.jpg: start=0 total=105844
download Metal_541.jpg: start=0 total=100690
download Metal_544.jpg: start=0 total=117641
download Metal_543.jpg: start=0 total=115787
download Metal_545.jpg: start=0 total=90624download Metal_546.jpg: start=0 total=93622

download Metal_547.jpg: start=0 total=105708download Metal_548.jpg: start=0 total=108746

download Metal_552.jpg: start=0 total=104701download Metal_549.jpg: start=0 total=94226download Metal_55.jpg: start=0 total=195214download Metal_550.jpg: start=0 total=105040



download Metal_551.jpg: start=0 total=115791
download Metal_554.jpg: start=0 total=138845
download Metal_555.jpg: start=0 total=138760
download Metal_553.jpg: start=0 total=123182
download Metal_556.jpg: start=0 total=106024
source realwaste: 1800/4752 files processed
download Metal_559.jpg: start=0 total=116517
download Metal_557.jpg: start=0 total=100362download Metal_560.jpg: start=0 total=170221download Metal_56.jpg: start=0 total=180897


download Metal_562.jpg: start=0 total=91132
download Metal_558.jpg: start=0 total=123657download Metal_563.jpg: start=0 total=120342download Metal_561.jpg: start=0 total=121021


download Metal_564.jpg: start=0 total=130260
download Metal_567.jpg: start=0 total=130362
download Metal_568.jpg: start=0 total=104795
download Metal_565.jpg: start=0 total=130043download Metal_566.jpg: start=0 total=122608

download Metal_577.jpg: start=0 total=146897download Metal_57.jpg: start=0 total=124527download Metal_574.jpg: start=0 total=75111download Metal_571.jpg: start=0 total=120839download Metal_569.jpg: start=0 total=129394download Metal_575.jpg: start=0 total=86683download Metal_570.jpg: start=0 total=130262
download Metal_576.jpg: start=0 total=149764






download Metal_572.jpg: start=0 total=124998
download Metal_573.jpg: start=0 total=120425
download Metal_578.jpg: start=0 total=139752
download Metal_579.jpg: start=0 total=95428
download Metal_58.jpg: start=0 total=198053
download Metal_581.jpg: start=0 total=143662
download Metal_583.jpg: start=0 total=157666
download Metal_584.jpg: start=0 total=104587
download Metal_582.jpg: start=0 total=79632
download Metal_580.jpg: start=0 total=179366download Metal_586.jpg: start=0 total=118486

download Metal_587.jpg: start=0 total=118114download Metal_588.jpg: start=0 total=107839

download Metal_585.jpg: start=0 total=125304
download Metal_59.jpg: start=0 total=108789
download Metal_591.jpg: start=0 total=123788download Metal_589.jpg: start=0 total=119639download Metal_590.jpg: start=0 total=99807


download Metal_592.jpg: start=0 total=118076download Metal_595.jpg: start=0 total=122660

download Metal_593.jpg: start=0 total=122128download Metal_594.jpg: start=0 total=122930

download Metal_596.jpg: start=0 total=134313
download Metal_598.jpg: start=0 total=126781download Metal_597.jpg: start=0 total=120772

download Metal_599.jpg: start=0 total=128327
download Metal_60.jpg: start=0 total=202707
download Metal_6.jpg: start=0 total=94013download Metal_603.jpg: start=0 total=130477

download Metal_601.jpg: start=0 total=93520
download Metal_600.jpg: start=0 total=127432download Metal_602.jpg: start=0 total=116204

download Metal_604.jpg: start=0 total=119348
download Metal_606.jpg: start=0 total=112498
download Metal_607.jpg: start=0 total=136807download Metal_605.jpg: start=0 total=129358

download Metal_610.jpg: start=0 total=128800download Metal_61.jpg: start=0 total=210303download Metal_609.jpg: start=0 total=117815


download Metal_608.jpg: start=0 total=118763
download Metal_611.jpg: start=0 total=130215
download Metal_612.jpg: start=0 total=95730
download Metal_614.jpg: start=0 total=114229
download Metal_615.jpg: start=0 total=151357download Metal_613.jpg: start=0 total=116196

download Metal_618.jpg: start=0 total=143389
download Metal_617.jpg: start=0 total=99465
download Metal_616.jpg: start=0 total=158545download Metal_619.jpg: start=0 total=155940

download Metal_62.jpg: start=0 total=181980
download Metal_620.jpg: start=0 total=154524
download Metal_622.jpg: start=0 total=116184
download Metal_621.jpg: start=0 total=101187
download Metal_623.jpg: start=0 total=101814
download Metal_624.jpg: start=0 total=113936download Metal_625.jpg: start=0 total=119088

download Metal_626.jpg: start=0 total=129079
download Metal_627.jpg: start=0 total=130650
download Metal_629.jpg: start=0 total=127304
download Metal_63.jpg: start=0 total=204199
download Metal_630.jpg: start=0 total=124185download Metal_628.jpg: start=0 total=114687

download Metal_631.jpg: start=0 total=104835
download Metal_632.jpg: start=0 total=100029download Metal_633.jpg: start=0 total=124825

download Metal_634.jpg: start=0 total=76532download Metal_635.jpg: start=0 total=131241

download Metal_636.jpg: start=0 total=118888download Metal_637.jpg: start=0 total=128887download Metal_639.jpg: start=0 total=115564

download Metal_638.jpg: start=0 total=126191

download Metal_640.jpg: start=0 total=127076
download Metal_64.jpg: start=0 total=199036
download Metal_641.jpg: start=0 total=140273
download Metal_642.jpg: start=0 total=147969
download Metal_643.jpg: start=0 total=82786
download Metal_644.jpg: start=0 total=88105
download Metal_645.jpg: start=0 total=89305
download Metal_648.jpg: start=0 total=93366
download Metal_646.jpg: start=0 total=81347download Metal_649.jpg: start=0 total=85553download Metal_647.jpg: start=0 total=102744


source realwaste: 1900/4752 files processed
download Metal_65.jpg: start=0 total=184194
download Metal_650.jpg: start=0 total=99764download Metal_652.jpg: start=0 total=96066

download Metal_653.jpg: start=0 total=115350
download Metal_651.jpg: start=0 total=107128
download Metal_654.jpg: start=0 total=61848download Metal_656.jpg: start=0 total=102341

download Metal_655.jpg: start=0 total=109708
download Metal_658.jpg: start=0 total=110799download Metal_657.jpg: start=0 total=108628
download Metal_659.jpg: start=0 total=116803download Metal_66.jpg: start=0 total=132292


download Metal_660.jpg: start=0 total=101603
download Metal_661.jpg: start=0 total=118016
download Metal_667.jpg: start=0 total=91163download Metal_663.jpg: start=0 total=124889download Metal_665.jpg: start=0 total=117939

download Metal_662.jpg: start=0 total=128922

download Metal_664.jpg: start=0 total=127451
download Metal_668.jpg: start=0 total=95774download Metal_666.jpg: start=0 total=116616

download Metal_67.jpg: start=0 total=112507
download Metal_669.jpg: start=0 total=118505
download Metal_670.jpg: start=0 total=99535
download Metal_671.jpg: start=0 total=105082
download Metal_672.jpg: start=0 total=124797
download Metal_673.jpg: start=0 total=102062
download Metal_676.jpg: start=0 total=184716download Metal_677.jpg: start=0 total=121302
download Metal_675.jpg: start=0 total=180979
download Metal_674.jpg: start=0 total=105374

download Metal_678.jpg: start=0 total=116651download Metal_680.jpg: start=0 total=117291download Metal_68.jpg: start=0 total=119947
download Metal_679.jpg: start=0 total=90819


download Metal_682.jpg: start=0 total=124855
download Metal_681.jpg: start=0 total=122585
download Metal_683.jpg: start=0 total=133057
download Metal_685.jpg: start=0 total=109589download Metal_684.jpg: start=0 total=123988

download Metal_687.jpg: start=0 total=101788
download Metal_688.jpg: start=0 total=121570
download Metal_686.jpg: start=0 total=105272
download Metal_689.jpg: start=0 total=124626
download Metal_69.jpg: start=0 total=102731download Metal_690.jpg: start=0 total=104330download Metal_691.jpg: start=0 total=110309


download Metal_692.jpg: start=0 total=108215download Metal_693.jpg: start=0 total=88143

download Metal_694.jpg: start=0 total=101933
download Metal_695.jpg: start=0 total=93128download Metal_699.jpg: start=0 total=76602

download Metal_696.jpg: start=0 total=116652download Metal_698.jpg: start=0 total=97161
download Metal_697.jpg: start=0 total=86616

download Metal_7.jpg: start=0 total=95168
download Metal_700.jpg: start=0 total=113682download Metal_70.jpg: start=0 total=78330

download Metal_701.jpg: start=0 total=111674download Metal_704.jpg: start=0 total=70903download Metal_702.jpg: start=0 total=120429


download Metal_703.jpg: start=0 total=78754
download Metal_706.jpg: start=0 total=114647download Metal_705.jpg: start=0 total=122600download Metal_707.jpg: start=0 total=125041


download Metal_708.jpg: start=0 total=104165
download Metal_71.jpg: start=0 total=207367download Metal_709.jpg: start=0 total=115748

download Metal_710.jpg: start=0 total=118240download Metal_711.jpg: start=0 total=110514

download Metal_712.jpg: start=0 total=88750
download Metal_714.jpg: start=0 total=120018
download Metal_717.jpg: start=0 total=115178download Metal_713.jpg: start=0 total=76266download Metal_715.jpg: start=0 total=89929


download Metal_718.jpg: start=0 total=115200
download Metal_716.jpg: start=0 total=104567download Metal_719.jpg: start=0 total=82394

download Metal_72.jpg: start=0 total=182028
download Metal_720.jpg: start=0 total=119668
download Metal_723.jpg: start=0 total=102269
download Metal_724.jpg: start=0 total=89539
download Metal_722.jpg: start=0 total=132564download Metal_721.jpg: start=0 total=122877

download Metal_725.jpg: start=0 total=90931download Metal_726.jpg: start=0 total=118718

download Metal_73.jpg: start=0 total=186589download Metal_727.jpg: start=0 total=122671
download Metal_728.jpg: start=0 total=95675

download Metal_729.jpg: start=0 total=131931
download Metal_730.jpg: start=0 total=132075
download Metal_732.jpg: start=0 total=116863download Metal_733.jpg: start=0 total=125987

download Metal_735.jpg: start=0 total=84548
download Metal_734.jpg: start=0 total=110132
download Metal_731.jpg: start=0 total=121145
download Metal_736.jpg: start=0 total=137228
download Metal_737.jpg: start=0 total=113118
download Metal_739.jpg: start=0 total=127423
source realwaste: 2000/4752 files processed
download Metal_740.jpg: start=0 total=95914
download Metal_738.jpg: start=0 total=117303
download Metal_74.jpg: start=0 total=148845
download Metal_742.jpg: start=0 total=77179download Metal_741.jpg: start=0 total=124434

download Metal_743.jpg: start=0 total=105168
download Metal_744.jpg: start=0 total=86387
download Metal_745.jpg: start=0 total=108272download Metal_749.jpg: start=0 total=123888download Metal_746.jpg: start=0 total=129150download Metal_747.jpg: start=0 total=131280download Metal_748.jpg: start=0 total=123589




download Metal_75.jpg: start=0 total=154540
download Metal_750.jpg: start=0 total=85954download Metal_751.jpg: start=0 total=92175

download Metal_752.jpg: start=0 total=130721
download Metal_753.jpg: start=0 total=129890
download Metal_754.jpg: start=0 total=125359
download Metal_755.jpg: start=0 total=101140
download Metal_757.jpg: start=0 total=78132
download Metal_76.jpg: start=0 total=179752download Metal_756.jpg: start=0 total=109986

download Metal_761.jpg: start=0 total=114673download Metal_758.jpg: start=0 total=121612download Metal_759.jpg: start=0 total=124351


download Metal_760.jpg: start=0 total=121648
download Metal_762.jpg: start=0 total=97965download Metal_763.jpg: start=0 total=91437download Metal_764.jpg: start=0 total=101998


download Metal_765.jpg: start=0 total=81706
download Metal_766.jpg: start=0 total=89337
download Metal_767.jpg: start=0 total=83168
download Metal_768.jpg: start=0 total=89085
download Metal_769.jpg: start=0 total=105639
download Metal_771.jpg: start=0 total=106171
download Metal_770.jpg: start=0 total=106876
download Metal_77.jpg: start=0 total=169000download Metal_772.jpg: start=0 total=114472

download Metal_773.jpg: start=0 total=75389download Metal_775.jpg: start=0 total=75738
download Metal_774.jpg: start=0 total=94912

download Metal_776.jpg: start=0 total=105192
download Metal_777.jpg: start=0 total=102330
download Metal_778.jpg: start=0 total=111259download Metal_779.jpg: start=0 total=114106

download Metal_780.jpg: start=0 total=103544
download Metal_782.jpg: start=0 total=108378
download Metal_783.jpg: start=0 total=94819
download Metal_781.jpg: start=0 total=110385
download Metal_78.jpg: start=0 total=189827
download Metal_784.jpg: start=0 total=106319download Metal_785.jpg: start=0 total=118477download Metal_787.jpg: start=0 total=114420download Metal_788.jpg: start=0 total=84802



download Metal_786.jpg: start=0 total=104074
download Metal_789.jpg: start=0 total=67332
download Metal_79.jpg: start=0 total=127332
download Metal_8.jpg: start=0 total=165053
download Metal_82.jpg: start=0 total=197600download Metal_790.jpg: start=0 total=113325

download Metal_81.jpg: start=0 total=181525download Metal_80.jpg: start=0 total=192933

download Metal_84.jpg: start=0 total=173727
download Metal_86.jpg: start=0 total=188195download Metal_83.jpg: start=0 total=203648download Metal_85.jpg: start=0 total=178953


download Metal_87.jpg: start=0 total=204286
download Metal_88.jpg: start=0 total=188592download Metal_89.jpg: start=0 total=169803

download Metal_9.jpg: start=0 total=171015
download Metal_90.jpg: start=0 total=138665
download Metal_91.jpg: start=0 total=195310
download Metal_93.jpg: start=0 total=111790
download Metal_94.jpg: start=0 total=100339
download Metal_92.jpg: start=0 total=202525download Metal_95.jpg: start=0 total=187404download Metal_96.jpg: start=0 total=178529

download Metal_97.jpg: start=0 total=175519

download Metal_98.jpg: start=0 total=182556download Miscellaneous Trash_1.jpg: start=0 total=111351download Metal_99.jpg: start=0 total=109887


download Miscellaneous Trash_10.jpg: start=0 total=121482
download Miscellaneous Trash_100.jpg: start=0 total=91878
download Miscellaneous Trash_101.jpg: start=0 total=110065
download Miscellaneous Trash_102.jpg: start=0 total=101608
download Miscellaneous Trash_103.jpg: start=0 total=110848
download Miscellaneous Trash_104.jpg: start=0 total=108916
download Miscellaneous Trash_106.jpg: start=0 total=107313download Miscellaneous Trash_105.jpg: start=0 total=125444
download Miscellaneous Trash_107.jpg: start=0 total=124796

download Miscellaneous Trash_108.jpg: start=0 total=128477
download Miscellaneous Trash_11.jpg: start=0 total=134153
download Miscellaneous Trash_110.jpg: start=0 total=122870download Miscellaneous Trash_109.jpg: start=0 total=129530

download Miscellaneous Trash_111.jpg: start=0 total=101496
download Miscellaneous Trash_112.jpg: start=0 total=128213download Miscellaneous Trash_113.jpg: start=0 total=129445

download Miscellaneous Trash_115.jpg: start=0 total=121138download Miscellaneous Trash_114.jpg: start=0 total=103760

source realwaste: 2100/4752 files processed
download Miscellaneous Trash_117.jpg: start=0 total=110686download Miscellaneous Trash_12.jpg: start=0 total=129844download Miscellaneous Trash_118.jpg: start=0 total=124925
download Miscellaneous Trash_116.jpg: start=0 total=115387


download Miscellaneous Trash_119.jpg: start=0 total=120842
download Miscellaneous Trash_120.jpg: start=0 total=133019
download Miscellaneous Trash_121.jpg: start=0 total=153658
download Miscellaneous Trash_122.jpg: start=0 total=156448
download Miscellaneous Trash_124.jpg: start=0 total=122643
download Miscellaneous Trash_125.jpg: start=0 total=154344
download Miscellaneous Trash_123.jpg: start=0 total=159585download Miscellaneous Trash_126.jpg: start=0 total=118682

download Miscellaneous Trash_127.jpg: start=0 total=128482
download Miscellaneous Trash_128.jpg: start=0 total=126121download Miscellaneous Trash_129.jpg: start=0 total=105097

download Miscellaneous Trash_130.jpg: start=0 total=106647
download Miscellaneous Trash_132.jpg: start=0 total=138191download Miscellaneous Trash_13.jpg: start=0 total=112772download Miscellaneous Trash_131.jpg: start=0 total=116677


download Miscellaneous Trash_133.jpg: start=0 total=133684
download Miscellaneous Trash_134.jpg: start=0 total=145289
download Miscellaneous Trash_137.jpg: start=0 total=136925download Miscellaneous Trash_135.jpg: start=0 total=133480download Miscellaneous Trash_136.jpg: start=0 total=142946


download Miscellaneous Trash_14.jpg: start=0 total=115192download Miscellaneous Trash_138.jpg: start=0 total=133976download Miscellaneous Trash_139.jpg: start=0 total=118020


download Miscellaneous Trash_140.jpg: start=0 total=120040
download Miscellaneous Trash_141.jpg: start=0 total=129150
download Miscellaneous Trash_142.jpg: start=0 total=129126
download Miscellaneous Trash_144.jpg: start=0 total=121614
download Miscellaneous Trash_145.jpg: start=0 total=105858
download Miscellaneous Trash_143.jpg: start=0 total=125496
download Miscellaneous Trash_146.jpg: start=0 total=157132
download Miscellaneous Trash_149.jpg: start=0 total=139834
download Miscellaneous Trash_147.jpg: start=0 total=109552
download Miscellaneous Trash_15.jpg: start=0 total=122024download Miscellaneous Trash_148.jpg: start=0 total=126323download Miscellaneous Trash_150.jpg: start=0 total=145191


download Miscellaneous Trash_151.jpg: start=0 total=140973
download Miscellaneous Trash_153.jpg: start=0 total=126803download Miscellaneous Trash_155.jpg: start=0 total=139845download Miscellaneous Trash_154.jpg: start=0 total=138995download Miscellaneous Trash_158.jpg: start=0 total=145411download Miscellaneous Trash_152.jpg: start=0 total=132883download Miscellaneous Trash_156.jpg: start=0 total=144505download Miscellaneous Trash_159.jpg: start=0 total=149227download Miscellaneous Trash_157.jpg: start=0 total=135113







download Miscellaneous Trash_160.jpg: start=0 total=136836
download Miscellaneous Trash_161.jpg: start=0 total=147709
download Miscellaneous Trash_162.jpg: start=0 total=150741
download Miscellaneous Trash_16.jpg: start=0 total=125097
download Miscellaneous Trash_165.jpg: start=0 total=158392
download Miscellaneous Trash_166.jpg: start=0 total=146085
download Miscellaneous Trash_163.jpg: start=0 total=130833download Miscellaneous Trash_169.jpg: start=0 total=97977download Miscellaneous Trash_168.jpg: start=0 total=129847download Miscellaneous Trash_164.jpg: start=0 total=155361



download Miscellaneous Trash_17.jpg: start=0 total=119756download Miscellaneous Trash_167.jpg: start=0 total=158297

download Miscellaneous Trash_171.jpg: start=0 total=105092
download Miscellaneous Trash_170.jpg: start=0 total=101647
download Miscellaneous Trash_172.jpg: start=0 total=130618
download Miscellaneous Trash_173.jpg: start=0 total=129254download Miscellaneous Trash_175.jpg: start=0 total=129140

download Miscellaneous Trash_174.jpg: start=0 total=137277
download Miscellaneous Trash_176.jpg: start=0 total=147692download Miscellaneous Trash_178.jpg: start=0 total=125860
download Miscellaneous Trash_177.jpg: start=0 total=127815

download Miscellaneous Trash_18.jpg: start=0 total=92762download Miscellaneous Trash_179.jpg: start=0 total=139941

download Miscellaneous Trash_180.jpg: start=0 total=120587
download Miscellaneous Trash_181.jpg: start=0 total=113991
download Miscellaneous Trash_182.jpg: start=0 total=130355
download Miscellaneous Trash_184.jpg: start=0 total=130801download Miscellaneous Trash_186.jpg: start=0 total=150978

download Miscellaneous Trash_183.jpg: start=0 total=120025download Miscellaneous Trash_188.jpg: start=0 total=149862

download Miscellaneous Trash_187.jpg: start=0 total=126249download Miscellaneous Trash_185.jpg: start=0 total=115318

download Miscellaneous Trash_189.jpg: start=0 total=108972
download Miscellaneous Trash_190.jpg: start=0 total=122265
download Miscellaneous Trash_19.jpg: start=0 total=95729
download Miscellaneous Trash_191.jpg: start=0 total=117786
download Miscellaneous Trash_192.jpg: start=0 total=129886
download Miscellaneous Trash_193.jpg: start=0 total=125642
download Miscellaneous Trash_194.jpg: start=0 total=109106
download Miscellaneous Trash_196.jpg: start=0 total=119651
download Miscellaneous Trash_197.jpg: start=0 total=121230
download Miscellaneous Trash_195.jpg: start=0 total=128089
download Miscellaneous Trash_198.jpg: start=0 total=127078
download Miscellaneous Trash_200.jpg: start=0 total=113890
download Miscellaneous Trash_199.jpg: start=0 total=123561download Miscellaneous Trash_20.jpg: start=0 total=106370download Miscellaneous Trash_201.jpg: start=0 total=86309
download Miscellaneous Trash_2.jpg: start=0 total=135531


download Miscellaneous Trash_202.jpg: start=0 total=123897
download Miscellaneous Trash_203.jpg: start=0 total=122642
download Miscellaneous Trash_205.jpg: start=0 total=120363
download Miscellaneous Trash_204.jpg: start=0 total=126121
source realwaste: 2200/4752 files processed
download Miscellaneous Trash_206.jpg: start=0 total=117823
download Miscellaneous Trash_207.jpg: start=0 total=128955download Miscellaneous Trash_208.jpg: start=0 total=125526

download Miscellaneous Trash_210.jpg: start=0 total=112170
download Miscellaneous Trash_209.jpg: start=0 total=112905download Miscellaneous Trash_21.jpg: start=0 total=123960
download Miscellaneous Trash_211.jpg: start=0 total=134024

download Miscellaneous Trash_212.jpg: start=0 total=116527
download Miscellaneous Trash_213.jpg: start=0 total=129029download Miscellaneous Trash_214.jpg: start=0 total=121293

download Miscellaneous Trash_219.jpg: start=0 total=142770download Miscellaneous Trash_215.jpg: start=0 total=117014download Miscellaneous Trash_216.jpg: start=0 total=123290


download Miscellaneous Trash_217.jpg: start=0 total=118673
download Miscellaneous Trash_218.jpg: start=0 total=122734
download Miscellaneous Trash_228.jpg: start=0 total=135549download Miscellaneous Trash_221.jpg: start=0 total=142169download Miscellaneous Trash_225.jpg: start=0 total=126247download Miscellaneous Trash_22.jpg: start=0 total=124559download Miscellaneous Trash_223.jpg: start=0 total=114432download Miscellaneous Trash_222.jpg: start=0 total=130384download Miscellaneous Trash_224.jpg: start=0 total=123775
download Miscellaneous Trash_227.jpg: start=0 total=142979download Miscellaneous Trash_220.jpg: start=0 total=132467







download Miscellaneous Trash_226.jpg: start=0 total=142165
download Miscellaneous Trash_23.jpg: start=0 total=114419
download Miscellaneous Trash_229.jpg: start=0 total=136287
download Miscellaneous Trash_234.jpg: start=0 total=156199
download Miscellaneous Trash_231.jpg: start=0 total=132691download Miscellaneous Trash_230.jpg: start=0 total=135125download Miscellaneous Trash_233.jpg: start=0 total=132898


download Miscellaneous Trash_238.jpg: start=0 total=122986
download Miscellaneous Trash_236.jpg: start=0 total=124563
download Miscellaneous Trash_235.jpg: start=0 total=137600download Miscellaneous Trash_232.jpg: start=0 total=124824download Miscellaneous Trash_237.jpg: start=0 total=145630


download Miscellaneous Trash_239.jpg: start=0 total=129344
download Miscellaneous Trash_240.jpg: start=0 total=126176
download Miscellaneous Trash_24.jpg: start=0 total=121466
download Miscellaneous Trash_241.jpg: start=0 total=119961
download Miscellaneous Trash_242.jpg: start=0 total=120836
download Miscellaneous Trash_243.jpg: start=0 total=128354
download Miscellaneous Trash_248.jpg: start=0 total=128757
download Miscellaneous Trash_249.jpg: start=0 total=114836
download Miscellaneous Trash_244.jpg: start=0 total=127314
download Miscellaneous Trash_246.jpg: start=0 total=125124
download Miscellaneous Trash_250.jpg: start=0 total=113224download Miscellaneous Trash_245.jpg: start=0 total=117035

download Miscellaneous Trash_247.jpg: start=0 total=126094download Miscellaneous Trash_25.jpg: start=0 total=125155

download Miscellaneous Trash_251.jpg: start=0 total=143489
download Miscellaneous Trash_253.jpg: start=0 total=211304
download Miscellaneous Trash_252.jpg: start=0 total=157762
download Miscellaneous Trash_254.jpg: start=0 total=153097
download Miscellaneous Trash_255.jpg: start=0 total=194921
download Miscellaneous Trash_258.jpg: start=0 total=157660download Miscellaneous Trash_256.jpg: start=0 total=157105download Miscellaneous Trash_257.jpg: start=0 total=113719download Miscellaneous Trash_26.jpg: start=0 total=129671



download Miscellaneous Trash_259.jpg: start=0 total=158461download Miscellaneous Trash_262.jpg: start=0 total=152815download Miscellaneous Trash_261.jpg: start=0 total=148998download Miscellaneous Trash_260.jpg: start=0 total=157280



download Miscellaneous Trash_263.jpg: start=0 total=160757
download Miscellaneous Trash_265.jpg: start=0 total=149034
download Miscellaneous Trash_264.jpg: start=0 total=149589
download Miscellaneous Trash_266.jpg: start=0 total=153542
download Miscellaneous Trash_268.jpg: start=0 total=117690download Miscellaneous Trash_27.jpg: start=0 total=121277download Miscellaneous Trash_271.jpg: start=0 total=212092download Miscellaneous Trash_274.jpg: start=0 total=154654

download Miscellaneous Trash_270.jpg: start=0 total=153268
download Miscellaneous Trash_267.jpg: start=0 total=152487download Miscellaneous Trash_272.jpg: start=0 total=172618download Miscellaneous Trash_273.jpg: start=0 total=162569



download Miscellaneous Trash_269.jpg: start=0 total=152565

download Miscellaneous Trash_275.jpg: start=0 total=160601
download Miscellaneous Trash_277.jpg: start=0 total=170573
download Miscellaneous Trash_276.jpg: start=0 total=134807
download Miscellaneous Trash_278.jpg: start=0 total=178758
download Miscellaneous Trash_281.jpg: start=0 total=168450download Miscellaneous Trash_280.jpg: start=0 total=175697

download Miscellaneous Trash_285.jpg: start=0 total=154534download Miscellaneous Trash_279.jpg: start=0 total=144065download Miscellaneous Trash_284.jpg: start=0 total=171331download Miscellaneous Trash_28.jpg: start=0 total=107686download Miscellaneous Trash_283.jpg: start=0 total=156480



download Miscellaneous Trash_282.jpg: start=0 total=172000

download Miscellaneous Trash_288.jpg: start=0 total=132300download Miscellaneous Trash_286.jpg: start=0 total=158233download Miscellaneous Trash_287.jpg: start=0 total=186442


download Miscellaneous Trash_289.jpg: start=0 total=172131
download Miscellaneous Trash_295.jpg: start=0 total=176682download Miscellaneous Trash_293.jpg: start=0 total=167882download Miscellaneous Trash_294.jpg: start=0 total=166471download Miscellaneous Trash_292.jpg: start=0 total=167752



download Miscellaneous Trash_296.jpg: start=0 total=150534download Miscellaneous Trash_29.jpg: start=0 total=109732download Miscellaneous Trash_297.jpg: start=0 total=152861download Miscellaneous Trash_291.jpg: start=0 total=169546



download Miscellaneous Trash_290.jpg: start=0 total=103145download Miscellaneous Trash_299.jpg: start=0 total=170129

source realwaste: 2300/4752 files processed
download Miscellaneous Trash_298.jpg: start=0 total=153604
download Miscellaneous Trash_3.jpg: start=0 total=112533
download Miscellaneous Trash_300.jpg: start=0 total=163882
download Miscellaneous Trash_30.jpg: start=0 total=145987
download Miscellaneous Trash_301.jpg: start=0 total=93257
download Miscellaneous Trash_305.jpg: start=0 total=187584download Miscellaneous Trash_303.jpg: start=0 total=167123download Miscellaneous Trash_302.jpg: start=0 total=209983


download Miscellaneous Trash_304.jpg: start=0 total=198392
download Miscellaneous Trash_306.jpg: start=0 total=187028
download Miscellaneous Trash_307.jpg: start=0 total=184407
download Miscellaneous Trash_309.jpg: start=0 total=155390
download Miscellaneous Trash_310.jpg: start=0 total=156672download Miscellaneous Trash_31.jpg: start=0 total=142854download Miscellaneous Trash_308.jpg: start=0 total=149481


download Miscellaneous Trash_312.jpg: start=0 total=122740
download Miscellaneous Trash_313.jpg: start=0 total=151427download Miscellaneous Trash_311.jpg: start=0 total=158100

download Miscellaneous Trash_315.jpg: start=0 total=154872download Miscellaneous Trash_317.jpg: start=0 total=161658
download Miscellaneous Trash_314.jpg: start=0 total=158613

download Miscellaneous Trash_316.jpg: start=0 total=170046
download Miscellaneous Trash_318.jpg: start=0 total=175184download Miscellaneous Trash_319.jpg: start=0 total=174716

download Miscellaneous Trash_321.jpg: start=0 total=203571download Miscellaneous Trash_320.jpg: start=0 total=178503

download Miscellaneous Trash_32.jpg: start=0 total=143644
download Miscellaneous Trash_323.jpg: start=0 total=130367
download Miscellaneous Trash_324.jpg: start=0 total=202498download Miscellaneous Trash_322.jpg: start=0 total=190919

download Miscellaneous Trash_326.jpg: start=0 total=195356download Miscellaneous Trash_327.jpg: start=0 total=197858
download Miscellaneous Trash_325.jpg: start=0 total=197240

download Miscellaneous Trash_33.jpg: start=0 total=136323
download Miscellaneous Trash_328.jpg: start=0 total=202291
download Miscellaneous Trash_330.jpg: start=0 total=194005
download Miscellaneous Trash_329.jpg: start=0 total=199757
download Miscellaneous Trash_331.jpg: start=0 total=195000download Miscellaneous Trash_333.jpg: start=0 total=159885

download Miscellaneous Trash_332.jpg: start=0 total=163396
download Miscellaneous Trash_334.jpg: start=0 total=111157
download Miscellaneous Trash_335.jpg: start=0 total=126241download Miscellaneous Trash_336.jpg: start=0 total=192795

download Miscellaneous Trash_337.jpg: start=0 total=192576
download Miscellaneous Trash_338.jpg: start=0 total=174668
download Miscellaneous Trash_34.jpg: start=0 total=130061download Miscellaneous Trash_340.jpg: start=0 total=208542

download Miscellaneous Trash_339.jpg: start=0 total=190146
download Miscellaneous Trash_341.jpg: start=0 total=198024download Miscellaneous Trash_342.jpg: start=0 total=184051download Miscellaneous Trash_343.jpg: start=0 total=191821


download Miscellaneous Trash_344.jpg: start=0 total=188520
download Miscellaneous Trash_346.jpg: start=0 total=152124
download Miscellaneous Trash_345.jpg: start=0 total=177591
download Miscellaneous Trash_347.jpg: start=0 total=189092
download Miscellaneous Trash_348.jpg: start=0 total=180094
download Miscellaneous Trash_349.jpg: start=0 total=194165
download Miscellaneous Trash_351.jpg: start=0 total=189293
download Miscellaneous Trash_352.jpg: start=0 total=151635
download Miscellaneous Trash_35.jpg: start=0 total=136464download Miscellaneous Trash_350.jpg: start=0 total=180543

download Miscellaneous Trash_354.jpg: start=0 total=196048
download Miscellaneous Trash_353.jpg: start=0 total=183002
download Miscellaneous Trash_355.jpg: start=0 total=182790download Miscellaneous Trash_357.jpg: start=0 total=130886download Miscellaneous Trash_356.jpg: start=0 total=137543


download Miscellaneous Trash_359.jpg: start=0 total=201008
download Miscellaneous Trash_36.jpg: start=0 total=135328download Miscellaneous Trash_358.jpg: start=0 total=152969

download Miscellaneous Trash_363.jpg: start=0 total=207432
download Miscellaneous Trash_360.jpg: start=0 total=204012download Miscellaneous Trash_362.jpg: start=0 total=213290
download Miscellaneous Trash_361.jpg: start=0 total=174979

download Miscellaneous Trash_368.jpg: start=0 total=147343
download Miscellaneous Trash_365.jpg: start=0 total=184286
download Miscellaneous Trash_364.jpg: start=0 total=176996download Miscellaneous Trash_369.jpg: start=0 total=197712

download Miscellaneous Trash_367.jpg: start=0 total=179806
download Miscellaneous Trash_366.jpg: start=0 total=202912
download Miscellaneous Trash_37.jpg: start=0 total=132779
download Miscellaneous Trash_370.jpg: start=0 total=200416
download Miscellaneous Trash_374.jpg: start=0 total=187482
download Miscellaneous Trash_373.jpg: start=0 total=199127
download Miscellaneous Trash_375.jpg: start=0 total=202708
download Miscellaneous Trash_371.jpg: start=0 total=210566download Miscellaneous Trash_372.jpg: start=0 total=240344download Miscellaneous Trash_376.jpg: start=0 total=188949download Miscellaneous Trash_377.jpg: start=0 total=198935



download Miscellaneous Trash_378.jpg: start=0 total=194818
download Miscellaneous Trash_381.jpg: start=0 total=189571
download Miscellaneous Trash_380.jpg: start=0 total=193525download Miscellaneous Trash_38.jpg: start=0 total=89621

download Miscellaneous Trash_379.jpg: start=0 total=143769
download Miscellaneous Trash_382.jpg: start=0 total=194253
download Miscellaneous Trash_383.jpg: start=0 total=184024download Miscellaneous Trash_384.jpg: start=0 total=185744

download Miscellaneous Trash_385.jpg: start=0 total=187516
download Miscellaneous Trash_388.jpg: start=0 total=168124download Miscellaneous Trash_387.jpg: start=0 total=198621
download Miscellaneous Trash_386.jpg: start=0 total=194756download Miscellaneous Trash_389.jpg: start=0 total=200909


source realwaste: 2400/4752 files processed
download Miscellaneous Trash_39.jpg: start=0 total=98604
download Miscellaneous Trash_390.jpg: start=0 total=105531
download Miscellaneous Trash_393.jpg: start=0 total=173639download Miscellaneous Trash_391.jpg: start=0 total=171247

download Miscellaneous Trash_394.jpg: start=0 total=177458download Miscellaneous Trash_392.jpg: start=0 total=183128

download Miscellaneous Trash_395.jpg: start=0 total=150369
download Miscellaneous Trash_397.jpg: start=0 total=125928
download Miscellaneous Trash_398.jpg: start=0 total=182772
download Miscellaneous Trash_396.jpg: start=0 total=155661
download Miscellaneous Trash_40.jpg: start=0 total=153236download Miscellaneous Trash_399.jpg: start=0 total=186834

download Miscellaneous Trash_4.jpg: start=0 total=144883
download Miscellaneous Trash_406.jpg: start=0 total=155325download Miscellaneous Trash_400.jpg: start=0 total=186382download Miscellaneous Trash_402.jpg: start=0 total=180960


download Miscellaneous Trash_403.jpg: start=0 total=186419download Miscellaneous Trash_404.jpg: start=0 total=188633download Miscellaneous Trash_401.jpg: start=0 total=94490


download Miscellaneous Trash_405.jpg: start=0 total=151951
download Miscellaneous Trash_407.jpg: start=0 total=154742
download Miscellaneous Trash_408.jpg: start=0 total=168206
download Miscellaneous Trash_410.jpg: start=0 total=169048
download Miscellaneous Trash_41.jpg: start=0 total=155441
download Miscellaneous Trash_411.jpg: start=0 total=139832
download Miscellaneous Trash_409.jpg: start=0 total=160597
download Miscellaneous Trash_413.jpg: start=0 total=193454
download Miscellaneous Trash_412.jpg: start=0 total=119571
download Miscellaneous Trash_414.jpg: start=0 total=206812
download Miscellaneous Trash_415.jpg: start=0 total=178098download Miscellaneous Trash_418.jpg: start=0 total=145154

download Miscellaneous Trash_417.jpg: start=0 total=170215download Miscellaneous Trash_416.jpg: start=0 total=180850

download Miscellaneous Trash_42.jpg: start=0 total=151337
download Miscellaneous Trash_419.jpg: start=0 total=150989
download Miscellaneous Trash_420.jpg: start=0 total=151265
download Miscellaneous Trash_422.jpg: start=0 total=149074
download Miscellaneous Trash_423.jpg: start=0 total=171603
download Miscellaneous Trash_424.jpg: start=0 total=154940download Miscellaneous Trash_421.jpg: start=0 total=154748

download Miscellaneous Trash_427.jpg: start=0 total=177103download Miscellaneous Trash_425.jpg: start=0 total=150563
download Miscellaneous Trash_426.jpg: start=0 total=169030

download Miscellaneous Trash_43.jpg: start=0 total=151386
download Miscellaneous Trash_431.jpg: start=0 total=208266download Miscellaneous Trash_429.jpg: start=0 total=185197

download Miscellaneous Trash_432.jpg: start=0 total=214962
download Miscellaneous Trash_428.jpg: start=0 total=167910download Miscellaneous Trash_430.jpg: start=0 total=214669

download Miscellaneous Trash_434.jpg: start=0 total=196279
download Miscellaneous Trash_433.jpg: start=0 total=204410
download Miscellaneous Trash_436.jpg: start=0 total=201804
download Miscellaneous Trash_437.jpg: start=0 total=147463
download Miscellaneous Trash_439.jpg: start=0 total=151476
download Miscellaneous Trash_435.jpg: start=0 total=192443download Miscellaneous Trash_438.jpg: start=0 total=195459

download Miscellaneous Trash_44.jpg: start=0 total=155611
download Miscellaneous Trash_440.jpg: start=0 total=188347
download Miscellaneous Trash_442.jpg: start=0 total=204161
download Miscellaneous Trash_441.jpg: start=0 total=118284
download Miscellaneous Trash_443.jpg: start=0 total=210868
download Miscellaneous Trash_445.jpg: start=0 total=214966
download Miscellaneous Trash_444.jpg: start=0 total=217793
download Miscellaneous Trash_447.jpg: start=0 total=206035download Miscellaneous Trash_446.jpg: start=0 total=213019

download Miscellaneous Trash_448.jpg: start=0 total=207796
download Miscellaneous Trash_45.jpg: start=0 total=181131download Miscellaneous Trash_450.jpg: start=0 total=203554

download Miscellaneous Trash_449.jpg: start=0 total=208199
download Miscellaneous Trash_452.jpg: start=0 total=150064
download Miscellaneous Trash_451.jpg: start=0 total=169606download Miscellaneous Trash_453.jpg: start=0 total=234341

download Miscellaneous Trash_457.jpg: start=0 total=239627
download Miscellaneous Trash_458.jpg: start=0 total=226949download Miscellaneous Trash_455.jpg: start=0 total=236858download Miscellaneous Trash_456.jpg: start=0 total=238866


download Miscellaneous Trash_459.jpg: start=0 total=228576
download Miscellaneous Trash_454.jpg: start=0 total=234117
download Miscellaneous Trash_460.jpg: start=0 total=195431
download Miscellaneous Trash_46.jpg: start=0 total=127645
download Miscellaneous Trash_461.jpg: start=0 total=203107
download Miscellaneous Trash_463.jpg: start=0 total=137553download Miscellaneous Trash_462.jpg: start=0 total=190283download Miscellaneous Trash_464.jpg: start=0 total=174078


download Miscellaneous Trash_465.jpg: start=0 total=232004
download Miscellaneous Trash_467.jpg: start=0 total=218465
download Miscellaneous Trash_466.jpg: start=0 total=226627download Miscellaneous Trash_468.jpg: start=0 total=212917

download Miscellaneous Trash_469.jpg: start=0 total=209969
download Miscellaneous Trash_470.jpg: start=0 total=196655download Miscellaneous Trash_471.jpg: start=0 total=191166download Miscellaneous Trash_47.jpg: start=0 total=154863


download Miscellaneous Trash_473.jpg: start=0 total=213095
download Miscellaneous Trash_472.jpg: start=0 total=209317
download Miscellaneous Trash_474.jpg: start=0 total=141036
download Miscellaneous Trash_475.jpg: start=0 total=127976
download Miscellaneous Trash_476.jpg: start=0 total=110280
download Miscellaneous Trash_477.jpg: start=0 total=122412
source realwaste: 2500/4752 files processed
download Miscellaneous Trash_478.jpg: start=0 total=111896
download Miscellaneous Trash_479.jpg: start=0 total=116365
download Miscellaneous Trash_48.jpg: start=0 total=188554
download Miscellaneous Trash_480.jpg: start=0 total=120428download Miscellaneous Trash_482.jpg: start=0 total=118663
download Miscellaneous Trash_481.jpg: start=0 total=117361

download Miscellaneous Trash_483.jpg: start=0 total=110714
download Miscellaneous Trash_485.jpg: start=0 total=131296
download Miscellaneous Trash_484.jpg: start=0 total=111046download Miscellaneous Trash_486.jpg: start=0 total=101513

download Miscellaneous Trash_487.jpg: start=0 total=112988
download Miscellaneous Trash_489.jpg: start=0 total=130933
download Miscellaneous Trash_49.jpg: start=0 total=175569
download Miscellaneous Trash_490.jpg: start=0 total=127273download Miscellaneous Trash_491.jpg: start=0 total=90152download Miscellaneous Trash_488.jpg: start=0 total=128596


download Miscellaneous Trash_492.jpg: start=0 total=103136download Miscellaneous Trash_493.jpg: start=0 total=103469

download Miscellaneous Trash_494.jpg: start=0 total=101851
download Miscellaneous Trash_51.jpg: start=0 total=120153download Miscellaneous Trash_5.jpg: start=0 total=150318
download Miscellaneous Trash_495.jpg: start=0 total=114512

download Miscellaneous Trash_50.jpg: start=0 total=165318
download Miscellaneous Trash_52.jpg: start=0 total=108953
download Miscellaneous Trash_54.jpg: start=0 total=105166
download Miscellaneous Trash_53.jpg: start=0 total=110742
download Miscellaneous Trash_55.jpg: start=0 total=111060download Miscellaneous Trash_57.jpg: start=0 total=126798

download Miscellaneous Trash_58.jpg: start=0 total=109859download Miscellaneous Trash_56.jpg: start=0 total=111210

download Miscellaneous Trash_59.jpg: start=0 total=101243download Miscellaneous Trash_6.jpg: start=0 total=137813download Miscellaneous Trash_60.jpg: start=0 total=108862


download Miscellaneous Trash_61.jpg: start=0 total=94625
download Miscellaneous Trash_63.jpg: start=0 total=107692
download Miscellaneous Trash_62.jpg: start=0 total=159203download Miscellaneous Trash_64.jpg: start=0 total=132901

download Miscellaneous Trash_66.jpg: start=0 total=125321
download Miscellaneous Trash_65.jpg: start=0 total=141544
download Miscellaneous Trash_67.jpg: start=0 total=129469
download Miscellaneous Trash_68.jpg: start=0 total=129746
download Miscellaneous Trash_69.jpg: start=0 total=146064
download Miscellaneous Trash_70.jpg: start=0 total=107067
download Miscellaneous Trash_7.jpg: start=0 total=137892
download Miscellaneous Trash_71.jpg: start=0 total=103486
download Miscellaneous Trash_72.jpg: start=0 total=105072
download Miscellaneous Trash_73.jpg: start=0 total=109239
download Miscellaneous Trash_74.jpg: start=0 total=98920download Miscellaneous Trash_75.jpg: start=0 total=110998

download Miscellaneous Trash_76.jpg: start=0 total=106578
download Miscellaneous Trash_77.jpg: start=0 total=128539
download Miscellaneous Trash_79.jpg: start=0 total=114369
download Miscellaneous Trash_78.jpg: start=0 total=132831download Miscellaneous Trash_8.jpg: start=0 total=125963

download Miscellaneous Trash_80.jpg: start=0 total=120107download Miscellaneous Trash_81.jpg: start=0 total=136945

download Miscellaneous Trash_83.jpg: start=0 total=117477download Miscellaneous Trash_82.jpg: start=0 total=115930

download Miscellaneous Trash_85.jpg: start=0 total=122588download Miscellaneous Trash_84.jpg: start=0 total=100479

download Miscellaneous Trash_87.jpg: start=0 total=124127
download Miscellaneous Trash_86.jpg: start=0 total=116340
download Miscellaneous Trash_88.jpg: start=0 total=118195
download Miscellaneous Trash_89.jpg: start=0 total=111555
download Miscellaneous Trash_90.jpg: start=0 total=117367download Miscellaneous Trash_9.jpg: start=0 total=89036

download Miscellaneous Trash_92.jpg: start=0 total=116034
download Miscellaneous Trash_93.jpg: start=0 total=122338
download Miscellaneous Trash_91.jpg: start=0 total=121923
download Miscellaneous Trash_95.jpg: start=0 total=117490
download Miscellaneous Trash_96.jpg: start=0 total=120143
download Miscellaneous Trash_94.jpg: start=0 total=120451
download Miscellaneous Trash_98.jpg: start=0 total=102349
download Miscellaneous Trash_97.jpg: start=0 total=116654download Miscellaneous Trash_99.jpg: start=0 total=122704download Paper_1.jpg: start=0 total=135841


download Paper_100.jpg: start=0 total=193390download Paper_101.jpg: start=0 total=123758

download Paper_10.jpg: start=0 total=163989
download Paper_102.jpg: start=0 total=197926
download Paper_104.jpg: start=0 total=203729download Paper_103.jpg: start=0 total=184769

download Paper_106.jpg: start=0 total=203943
download Paper_105.jpg: start=0 total=199065
download Paper_107.jpg: start=0 total=197441
download Paper_110.jpg: start=0 total=185562
download Paper_11.jpg: start=0 total=140227
download Paper_108.jpg: start=0 total=132577download Paper_109.jpg: start=0 total=101945

download Paper_112.jpg: start=0 total=138575
download Paper_111.jpg: start=0 total=134231
download Paper_115.jpg: start=0 total=170094
download Paper_114.jpg: start=0 total=195099
download Paper_116.jpg: start=0 total=186099
download Paper_113.jpg: start=0 total=109904download Paper_117.jpg: start=0 total=175360

download Paper_120.jpg: start=0 total=200043
download Paper_119.jpg: start=0 total=180446
download Paper_121.jpg: start=0 total=169464download Paper_122.jpg: start=0 total=99704download Paper_12.jpg: start=0 total=163662download Paper_118.jpg: start=0 total=184633



download Paper_124.jpg: start=0 total=106060
download Paper_123.jpg: start=0 total=87388download Paper_125.jpg: start=0 total=85996

source realwaste: 2600/4752 files processed
download Paper_127.jpg: start=0 total=66479download Paper_126.jpg: start=0 total=109213
download Paper_128.jpg: start=0 total=109751

download Paper_129.jpg: start=0 total=71030
download Paper_13.jpg: start=0 total=150986
download Paper_130.jpg: start=0 total=82248
download Paper_132.jpg: start=0 total=81020download Paper_133.jpg: start=0 total=96167

download Paper_138.jpg: start=0 total=111774download Paper_136.jpg: start=0 total=78925
download Paper_139.jpg: start=0 total=118643download Paper_134.jpg: start=0 total=96077download Paper_137.jpg: start=0 total=102572download Paper_135.jpg: start=0 total=103813


download Paper_131.jpg: start=0 total=79932


download Paper_14.jpg: start=0 total=151008
download Paper_141.jpg: start=0 total=210601
download Paper_140.jpg: start=0 total=80562
download Paper_142.jpg: start=0 total=118818
download Paper_143.jpg: start=0 total=120614
download Paper_145.jpg: start=0 total=97343download Paper_149.jpg: start=0 total=127438download Paper_144.jpg: start=0 total=92412


download Paper_146.jpg: start=0 total=111129
download Paper_147.jpg: start=0 total=107779
download Paper_148.jpg: start=0 total=153619
download Paper_15.jpg: start=0 total=151347
download Paper_150.jpg: start=0 total=109274
download Paper_151.jpg: start=0 total=139192
download Paper_154.jpg: start=0 total=121540download Paper_152.jpg: start=0 total=128923

download Paper_153.jpg: start=0 total=112602
download Paper_156.jpg: start=0 total=91320
download Paper_157.jpg: start=0 total=126561
download Paper_158.jpg: start=0 total=203537download Paper_155.jpg: start=0 total=89117

download Paper_159.jpg: start=0 total=123979
download Paper_160.jpg: start=0 total=129772
download Paper_16.jpg: start=0 total=140345
download Paper_161.jpg: start=0 total=116269
download Paper_162.jpg: start=0 total=87638
download Paper_165.jpg: start=0 total=93144download Paper_166.jpg: start=0 total=115519

download Paper_164.jpg: start=0 total=85772download Paper_163.jpg: start=0 total=90086

download Paper_169.jpg: start=0 total=112532
download Paper_168.jpg: start=0 total=125658
download Paper_167.jpg: start=0 total=112532
download Paper_17.jpg: start=0 total=126423
download Paper_170.jpg: start=0 total=124036
download Paper_172.jpg: start=0 total=93859
download Paper_171.jpg: start=0 total=124564download Paper_174.jpg: start=0 total=94505

download Paper_173.jpg: start=0 total=121865
download Paper_175.jpg: start=0 total=100442download Paper_176.jpg: start=0 total=109665

download Paper_177.jpg: start=0 total=112524
download Paper_179.jpg: start=0 total=108661
download Paper_178.jpg: start=0 total=91187
download Paper_18.jpg: start=0 total=138554
download Paper_180.jpg: start=0 total=118186
download Paper_183.jpg: start=0 total=122381download Paper_181.jpg: start=0 total=114199download Paper_182.jpg: start=0 total=118744
download Paper_184.jpg: start=0 total=127844


download Paper_186.jpg: start=0 total=122451
download Paper_187.jpg: start=0 total=102308
download Paper_185.jpg: start=0 total=89213
download Paper_188.jpg: start=0 total=102013download Paper_189.jpg: start=0 total=129590

download Paper_190.jpg: start=0 total=183887
download Paper_19.jpg: start=0 total=147121
download Paper_194.jpg: start=0 total=128429
download Paper_193.jpg: start=0 total=148501
download Paper_191.jpg: start=0 total=80055
download Paper_196.jpg: start=0 total=95645download Paper_197.jpg: start=0 total=81754download Paper_195.jpg: start=0 total=95051download Paper_192.jpg: start=0 total=126697

download Paper_198.jpg: start=0 total=113962


download Paper_200.jpg: start=0 total=97533
download Paper_199.jpg: start=0 total=85626download Paper_2.jpg: start=0 total=143182download Paper_20.jpg: start=0 total=140409


download Paper_201.jpg: start=0 total=124963
download Paper_203.jpg: start=0 total=111770download Paper_202.jpg: start=0 total=111924

download Paper_204.jpg: start=0 total=104708
download Paper_206.jpg: start=0 total=99493
download Paper_205.jpg: start=0 total=119017
download Paper_208.jpg: start=0 total=209070
download Paper_207.jpg: start=0 total=149217
download Paper_209.jpg: start=0 total=104920download Paper_211.jpg: start=0 total=97317download Paper_21.jpg: start=0 total=158718download Paper_210.jpg: start=0 total=80015



source realwaste: 2700/4752 files processed
download Paper_213.jpg: start=0 total=102195
download Paper_214.jpg: start=0 total=93924
download Paper_212.jpg: start=0 total=175284
download Paper_215.jpg: start=0 total=212955
download Paper_216.jpg: start=0 total=91590download Paper_217.jpg: start=0 total=93263

download Paper_219.jpg: start=0 total=76456
download Paper_218.jpg: start=0 total=123776
download Paper_220.jpg: start=0 total=83765
download Paper_22.jpg: start=0 total=103608download Paper_222.jpg: start=0 total=108217
download Paper_221.jpg: start=0 total=92013

download Paper_223.jpg: start=0 total=114301download Paper_225.jpg: start=0 total=122392

download Paper_224.jpg: start=0 total=131631
download Paper_226.jpg: start=0 total=106359
download Paper_228.jpg: start=0 total=113962
download Paper_227.jpg: start=0 total=99179
download Paper_229.jpg: start=0 total=93019
download Paper_230.jpg: start=0 total=101539
download Paper_233.jpg: start=0 total=140377
download Paper_231.jpg: start=0 total=146810
download Paper_236.jpg: start=0 total=100673
download Paper_23.jpg: start=0 total=167362download Paper_235.jpg: start=0 total=124577

download Paper_232.jpg: start=0 total=105472download Paper_234.jpg: start=0 total=116945

download Paper_237.jpg: start=0 total=110704
download Paper_238.jpg: start=0 total=123620
download Paper_239.jpg: start=0 total=85844
download Paper_24.jpg: start=0 total=114497
download Paper_240.jpg: start=0 total=121792
download Paper_241.jpg: start=0 total=113754
download Paper_242.jpg: start=0 total=105974
download Paper_243.jpg: start=0 total=115551
download Paper_244.jpg: start=0 total=102300
download Paper_246.jpg: start=0 total=132331
download Paper_245.jpg: start=0 total=108922download Paper_249.jpg: start=0 total=97720download Paper_248.jpg: start=0 total=100107download Paper_247.jpg: start=0 total=94548



download Paper_25.jpg: start=0 total=159255
download Paper_250.jpg: start=0 total=120180
download Paper_252.jpg: start=0 total=106759download Paper_251.jpg: start=0 total=114020

download Paper_253.jpg: start=0 total=127069
download Paper_254.jpg: start=0 total=106852
download Paper_255.jpg: start=0 total=110310
download Paper_258.jpg: start=0 total=107048
download Paper_263.jpg: start=0 total=117947
download Paper_257.jpg: start=0 total=117831
download Paper_256.jpg: start=0 total=132607download Paper_260.jpg: start=0 total=120585download Paper_262.jpg: start=0 total=103893


download Paper_26.jpg: start=0 total=125229
download Paper_261.jpg: start=0 total=113261
download Paper_259.jpg: start=0 total=121450
download Paper_267.jpg: start=0 total=114483
download Paper_265.jpg: start=0 total=101557
download Paper_264.jpg: start=0 total=107799
download Paper_266.jpg: start=0 total=101537
download Paper_268.jpg: start=0 total=113852
download Paper_269.jpg: start=0 total=96876
download Paper_270.jpg: start=0 total=100466download Paper_272.jpg: start=0 total=116973

download Paper_27.jpg: start=0 total=118668download Paper_274.jpg: start=0 total=162557
download Paper_276.jpg: start=0 total=118584

download Paper_273.jpg: start=0 total=109065
download Paper_275.jpg: start=0 total=117474download Paper_271.jpg: start=0 total=99868
download Paper_277.jpg: start=0 total=122995

download Paper_28.jpg: start=0 total=101940download Paper_278.jpg: start=0 total=128044

download Paper_279.jpg: start=0 total=126212
download Paper_281.jpg: start=0 total=138209download Paper_280.jpg: start=0 total=120429

download Paper_282.jpg: start=0 total=111792
download Paper_287.jpg: start=0 total=128817
download Paper_284.jpg: start=0 total=114405download Paper_285.jpg: start=0 total=112515download Paper_283.jpg: start=0 total=129093
download Paper_289.jpg: start=0 total=92424


download Paper_286.jpg: start=0 total=113452
download Paper_288.jpg: start=0 total=125736
download Paper_290.jpg: start=0 total=115022
download Paper_292.jpg: start=0 total=116376
download Paper_291.jpg: start=0 total=119009
download Paper_29.jpg: start=0 total=106489
download Paper_293.jpg: start=0 total=109770
download Paper_294.jpg: start=0 total=105581
download Paper_297.jpg: start=0 total=171875download Paper_296.jpg: start=0 total=119985download Paper_30.jpg: start=0 total=123783


download Paper_295.jpg: start=0 total=117094
download Paper_298.jpg: start=0 total=98147
download Paper_3.jpg: start=0 total=109739download Paper_300.jpg: start=0 total=103375

download Paper_299.jpg: start=0 total=105944
source realwaste: 2800/4752 files processed
download Paper_303.jpg: start=0 total=109647
download Paper_302.jpg: start=0 total=112721
download Paper_301.jpg: start=0 total=115370
download Paper_304.jpg: start=0 total=119004
download Paper_308.jpg: start=0 total=167290download Paper_307.jpg: start=0 total=181935

download Paper_311.jpg: start=0 total=149476
download Paper_305.jpg: start=0 total=137508
download Paper_31.jpg: start=0 total=155054download Paper_310.jpg: start=0 total=119059download Paper_306.jpg: start=0 total=111649
download Paper_309.jpg: start=0 total=115944


download Paper_314.jpg: start=0 total=138330
download Paper_313.jpg: start=0 total=140154download Paper_312.jpg: start=0 total=115625

download Paper_315.jpg: start=0 total=145402
download Paper_316.jpg: start=0 total=141911
download Paper_317.jpg: start=0 total=116321download Paper_318.jpg: start=0 total=110975

download Paper_319.jpg: start=0 total=138618
download Paper_322.jpg: start=0 total=160375download Paper_320.jpg: start=0 total=102085download Paper_32.jpg: start=0 total=150635


download Paper_324.jpg: start=0 total=108170
download Paper_323.jpg: start=0 total=121942
download Paper_321.jpg: start=0 total=149752download Paper_325.jpg: start=0 total=145387

download Paper_326.jpg: start=0 total=99696download Paper_327.jpg: start=0 total=99800

download Paper_329.jpg: start=0 total=121361
download Paper_33.jpg: start=0 total=109396download Paper_328.jpg: start=0 total=156274

download Paper_330.jpg: start=0 total=104205
download Paper_331.jpg: start=0 total=124533
download Paper_333.jpg: start=0 total=151236
download Paper_335.jpg: start=0 total=114030download Paper_336.jpg: start=0 total=145559
download Paper_332.jpg: start=0 total=118030

download Paper_334.jpg: start=0 total=134254
download Paper_337.jpg: start=0 total=128560download Paper_338.jpg: start=0 total=155087

download Paper_341.jpg: start=0 total=150259
download Paper_34.jpg: start=0 total=133573download Paper_339.jpg: start=0 total=155884download Paper_340.jpg: start=0 total=111760download Paper_342.jpg: start=0 total=108494



download Paper_344.jpg: start=0 total=94702download Paper_345.jpg: start=0 total=174244

download Paper_343.jpg: start=0 total=145400
download Paper_347.jpg: start=0 total=184067download Paper_348.jpg: start=0 total=166018

download Paper_346.jpg: start=0 total=113979download Paper_349.jpg: start=0 total=160868

download Paper_35.jpg: start=0 total=127198
download Paper_352.jpg: start=0 total=128820download Paper_351.jpg: start=0 total=133760

download Paper_350.jpg: start=0 total=133603
download Paper_353.jpg: start=0 total=126870
download Paper_355.jpg: start=0 total=147048download Paper_354.jpg: start=0 total=152480
download Paper_356.jpg: start=0 total=120177

download Paper_357.jpg: start=0 total=107559
download Paper_359.jpg: start=0 total=135809
download Paper_360.jpg: start=0 total=147312
download Paper_358.jpg: start=0 total=141714download Paper_36.jpg: start=0 total=137310download Paper_361.jpg: start=0 total=147320


download Paper_363.jpg: start=0 total=152515
download Paper_362.jpg: start=0 total=144495
download Paper_364.jpg: start=0 total=159100
download Paper_365.jpg: start=0 total=151828
download Paper_368.jpg: start=0 total=140076download Paper_366.jpg: start=0 total=157301

download Paper_367.jpg: start=0 total=160923
download Paper_369.jpg: start=0 total=142791
download Paper_372.jpg: start=0 total=144232download Paper_371.jpg: start=0 total=154262download Paper_370.jpg: start=0 total=145152download Paper_37.jpg: start=0 total=114578



download Paper_373.jpg: start=0 total=158519
download Paper_374.jpg: start=0 total=190271
download Paper_377.jpg: start=0 total=201327download Paper_376.jpg: start=0 total=160916
download Paper_375.jpg: start=0 total=136910

download Paper_378.jpg: start=0 total=189851
download Paper_38.jpg: start=0 total=135558
download Paper_379.jpg: start=0 total=130625
download Paper_383.jpg: start=0 total=172351
download Paper_385.jpg: start=0 total=166986download Paper_382.jpg: start=0 total=189546download Paper_384.jpg: start=0 total=159089

download Paper_381.jpg: start=0 total=195630

download Paper_386.jpg: start=0 total=191084
download Paper_380.jpg: start=0 total=186790
download Paper_387.jpg: start=0 total=186256
download Paper_388.jpg: start=0 total=189369
download Paper_389.jpg: start=0 total=200040
download Paper_39.jpg: start=0 total=124129
download Paper_390.jpg: start=0 total=117762download Paper_392.jpg: start=0 total=143193download Paper_393.jpg: start=0 total=189121

download Paper_391.jpg: start=0 total=201247

source realwaste: 2900/4752 files processed
download Paper_396.jpg: start=0 total=163880
download Paper_394.jpg: start=0 total=161603
download Paper_395.jpg: start=0 total=169206download Paper_397.jpg: start=0 total=183763

download Paper_399.jpg: start=0 total=153740
download Paper_4.jpg: start=0 total=93167
download Paper_398.jpg: start=0 total=151403
download Paper_40.jpg: start=0 total=136864
download Paper_401.jpg: start=0 total=88319
download Paper_400.jpg: start=0 total=171894
download Paper_402.jpg: start=0 total=172030download Paper_403.jpg: start=0 total=171367

download Paper_404.jpg: start=0 total=178542download Paper_407.jpg: start=0 total=200789download Paper_406.jpg: start=0 total=174250


download Paper_405.jpg: start=0 total=180666
download Paper_408.jpg: start=0 total=211093
download Paper_41.jpg: start=0 total=115594
download Paper_409.jpg: start=0 total=157131
download Paper_410.jpg: start=0 total=160765
download Paper_411.jpg: start=0 total=172883
download Paper_412.jpg: start=0 total=122646
download Paper_414.jpg: start=0 total=155462
download Paper_413.jpg: start=0 total=183072
download Paper_415.jpg: start=0 total=169724
download Paper_417.jpg: start=0 total=174899
download Paper_416.jpg: start=0 total=162959download Paper_418.jpg: start=0 total=184856

download Paper_419.jpg: start=0 total=187676
download Paper_42.jpg: start=0 total=132500
download Paper_421.jpg: start=0 total=179034download Paper_420.jpg: start=0 total=186432

download Paper_422.jpg: start=0 total=177402
download Paper_426.jpg: start=0 total=84110
download Paper_423.jpg: start=0 total=102592download Paper_424.jpg: start=0 total=204250

download Paper_425.jpg: start=0 total=204367
download Paper_427.jpg: start=0 total=154455download Paper_429.jpg: start=0 total=174051download Paper_428.jpg: start=0 total=199800


download Paper_43.jpg: start=0 total=115976
download Paper_434.jpg: start=0 total=114074download Paper_430.jpg: start=0 total=186963
download Paper_431.jpg: start=0 total=180179download Paper_432.jpg: start=0 total=133303download Paper_435.jpg: start=0 total=149825



download Paper_433.jpg: start=0 total=147731
download Paper_436.jpg: start=0 total=196763
download Paper_439.jpg: start=0 total=131473download Paper_437.jpg: start=0 total=203672

download Paper_438.jpg: start=0 total=150746
download Paper_44.jpg: start=0 total=157588
download Paper_440.jpg: start=0 total=123132
download Paper_442.jpg: start=0 total=146552download Paper_446.jpg: start=0 total=153198
download Paper_443.jpg: start=0 total=165510

download Paper_447.jpg: start=0 total=160489
download Paper_441.jpg: start=0 total=136589
download Paper_444.jpg: start=0 total=139558
download Paper_445.jpg: start=0 total=118345
download Paper_448.jpg: start=0 total=129164download Paper_449.jpg: start=0 total=103773

download Paper_450.jpg: start=0 total=103832download Paper_45.jpg: start=0 total=144164

download Paper_453.jpg: start=0 total=118392
download Paper_451.jpg: start=0 total=150274
download Paper_455.jpg: start=0 total=128432download Paper_452.jpg: start=0 total=118439download Paper_454.jpg: start=0 total=108351


download Paper_46.jpg: start=0 total=122520download Paper_458.jpg: start=0 total=123795

download Paper_456.jpg: start=0 total=123978
download Paper_459.jpg: start=0 total=138248
download Paper_457.jpg: start=0 total=135140download Paper_461.jpg: start=0 total=82187download Paper_460.jpg: start=0 total=108026


download Paper_462.jpg: start=0 total=128146
download Paper_463.jpg: start=0 total=92802
download Paper_465.jpg: start=0 total=95639download Paper_466.jpg: start=0 total=85834

download Paper_464.jpg: start=0 total=104674
download Paper_468.jpg: start=0 total=146345
download Paper_467.jpg: start=0 total=137491
download Paper_469.jpg: start=0 total=127698
download Paper_47.jpg: start=0 total=134667
download Paper_470.jpg: start=0 total=142228
download Paper_471.jpg: start=0 total=89255
download Paper_472.jpg: start=0 total=162903
download Paper_473.jpg: start=0 total=114350
download Paper_475.jpg: start=0 total=119699download Paper_474.jpg: start=0 total=123932

download Paper_477.jpg: start=0 total=133240
download Paper_478.jpg: start=0 total=162825download Paper_476.jpg: start=0 total=145251download Paper_479.jpg: start=0 total=142114


download Paper_48.jpg: start=0 total=131337
download Paper_480.jpg: start=0 total=100732
source realwaste: 3000/4752 files processed
download Paper_483.jpg: start=0 total=143302download Paper_481.jpg: start=0 total=138319

download Paper_482.jpg: start=0 total=141441
download Paper_485.jpg: start=0 total=112876
download Paper_487.jpg: start=0 total=142060
download Paper_486.jpg: start=0 total=159612
download Paper_484.jpg: start=0 total=132601
download Paper_489.jpg: start=0 total=103717download Paper_488.jpg: start=0 total=128218
download Paper_49.jpg: start=0 total=130467

download Paper_490.jpg: start=0 total=115773
download Paper_491.jpg: start=0 total=127603
download Paper_492.jpg: start=0 total=110390
download Paper_493.jpg: start=0 total=102721download Paper_495.jpg: start=0 total=102825
download Paper_498.jpg: start=0 total=136692
download Paper_494.jpg: start=0 total=107644download Paper_496.jpg: start=0 total=107469download Paper_497.jpg: start=0 total=121661



download Paper_5.jpg: start=0 total=118881download Paper_499.jpg: start=0 total=111885

download Paper_500.jpg: start=0 total=109988download Paper_50.jpg: start=0 total=135870

download Paper_51.jpg: start=0 total=134915
download Paper_52.jpg: start=0 total=152040
download Paper_57.jpg: start=0 total=113411download Paper_55.jpg: start=0 total=113199download Paper_54.jpg: start=0 total=114708
download Paper_53.jpg: start=0 total=122014
download Paper_59.jpg: start=0 total=187923


download Paper_56.jpg: start=0 total=111693
download Paper_58.jpg: start=0 total=153678
download Paper_60.jpg: start=0 total=113193download Paper_61.jpg: start=0 total=114391

download Paper_6.jpg: start=0 total=142441
download Paper_63.jpg: start=0 total=154628download Paper_64.jpg: start=0 total=121808

download Paper_62.jpg: start=0 total=111505
download Paper_66.jpg: start=0 total=116362
download Paper_65.jpg: start=0 total=106988
download Paper_67.jpg: start=0 total=177194
download Paper_69.jpg: start=0 total=120116
download Paper_68.jpg: start=0 total=139634download Paper_7.jpg: start=0 total=151776

download Paper_71.jpg: start=0 total=121569download Paper_70.jpg: start=0 total=95517

download Paper_74.jpg: start=0 total=175095download Paper_73.jpg: start=0 total=151620

download Paper_72.jpg: start=0 total=110018
download Paper_75.jpg: start=0 total=93748download Paper_78.jpg: start=0 total=120006

download Paper_76.jpg: start=0 total=131670
download Paper_77.jpg: start=0 total=127174
download Paper_8.jpg: start=0 total=129561
download Paper_80.jpg: start=0 total=112133download Paper_79.jpg: start=0 total=114343

download Paper_83.jpg: start=0 total=135808
download Paper_81.jpg: start=0 total=135981download Paper_82.jpg: start=0 total=101002

download Paper_84.jpg: start=0 total=105209
download Paper_87.jpg: start=0 total=193168
download Paper_85.jpg: start=0 total=90366download Paper_86.jpg: start=0 total=117545

download Paper_88.jpg: start=0 total=161845
download Paper_89.jpg: start=0 total=172664
download Paper_9.jpg: start=0 total=136311
download Paper_90.jpg: start=0 total=112976
download Paper_91.jpg: start=0 total=169030
download Paper_93.jpg: start=0 total=148964download Paper_94.jpg: start=0 total=159627download Paper_95.jpg: start=0 total=156863
download Paper_92.jpg: start=0 total=158713


download Paper_96.jpg: start=0 total=156529
download Paper_97.jpg: start=0 total=163908
download Plastic_10.jpg: start=0 total=145421
download Paper_99.jpg: start=0 total=189885download Plastic_1.jpg: start=0 total=156837
download Plastic_100.jpg: start=0 total=99840

download Paper_98.jpg: start=0 total=176392download Plastic_101.jpg: start=0 total=91486

download Plastic_102.jpg: start=0 total=112691
download Plastic_104.jpg: start=0 total=136494
download Plastic_105.jpg: start=0 total=143819
download Plastic_107.jpg: start=0 total=132058download Plastic_106.jpg: start=0 total=134394

download Plastic_103.jpg: start=0 total=137202
download Plastic_109.jpg: start=0 total=124749download Plastic_110.jpg: start=0 total=129515

download Plastic_11.jpg: start=0 total=146767
download Plastic_114.jpg: start=0 total=137655
download Plastic_113.jpg: start=0 total=133292download Plastic_112.jpg: start=0 total=162168download Plastic_108.jpg: start=0 total=122234


download Plastic_115.jpg: start=0 total=148675download Plastic_111.jpg: start=0 total=134291

download Plastic_118.jpg: start=0 total=177547download Plastic_117.jpg: start=0 total=105013

download Plastic_119.jpg: start=0 total=105062
download Plastic_116.jpg: start=0 total=123248
download Plastic_12.jpg: start=0 total=123119
source realwaste: 3100/4752 files processed
download Plastic_121.jpg: start=0 total=71527
download Plastic_122.jpg: start=0 total=141104
download Plastic_120.jpg: start=0 total=117594
download Plastic_128.jpg: start=0 total=112563
download Plastic_125.jpg: start=0 total=79311
download Plastic_127.jpg: start=0 total=120805
download Plastic_126.jpg: start=0 total=113868download Plastic_124.jpg: start=0 total=69933

download Plastic_123.jpg: start=0 total=81444
download Plastic_129.jpg: start=0 total=120942
download Plastic_13.jpg: start=0 total=159209
download Plastic_131.jpg: start=0 total=104123
download Plastic_130.jpg: start=0 total=102156
download Plastic_133.jpg: start=0 total=103145
download Plastic_137.jpg: start=0 total=98352download Plastic_139.jpg: start=0 total=110581download Plastic_138.jpg: start=0 total=116817download Plastic_135.jpg: start=0 total=143177

download Plastic_136.jpg: start=0 total=123018download Plastic_134.jpg: start=0 total=118765download Plastic_132.jpg: start=0 total=104581




download Plastic_14.jpg: start=0 total=154166
download Plastic_140.jpg: start=0 total=84529
download Plastic_141.jpg: start=0 total=103306download Plastic_142.jpg: start=0 total=117593

download Plastic_143.jpg: start=0 total=125339
download Plastic_144.jpg: start=0 total=125191download Plastic_147.jpg: start=0 total=114587download Plastic_15.jpg: start=0 total=148513


download Plastic_148.jpg: start=0 total=117504download Plastic_149.jpg: start=0 total=79726download Plastic_145.jpg: start=0 total=113353download Plastic_150.jpg: start=0 total=118904

download Plastic_146.jpg: start=0 total=144380


download Plastic_151.jpg: start=0 total=124156
download Plastic_153.jpg: start=0 total=137314download Plastic_152.jpg: start=0 total=130055

download Plastic_154.jpg: start=0 total=141992
download Plastic_156.jpg: start=0 total=121642
download Plastic_157.jpg: start=0 total=117333
download Plastic_155.jpg: start=0 total=136253download Plastic_160.jpg: start=0 total=122775download Plastic_158.jpg: start=0 total=133550download Plastic_161.jpg: start=0 total=114650
download Plastic_162.jpg: start=0 total=119990download Plastic_159.jpg: start=0 total=147483


download Plastic_16.jpg: start=0 total=120920


download Plastic_163.jpg: start=0 total=124712download Plastic_165.jpg: start=0 total=128803download Plastic_164.jpg: start=0 total=131172


download Plastic_166.jpg: start=0 total=112801
download Plastic_170.jpg: start=0 total=138023
download Plastic_17.jpg: start=0 total=147591download Plastic_168.jpg: start=0 total=117031

download Plastic_169.jpg: start=0 total=120232download Plastic_175.jpg: start=0 total=113442download Plastic_172.jpg: start=0 total=97784download Plastic_173.jpg: start=0 total=95281download Plastic_174.jpg: start=0 total=96006download Plastic_171.jpg: start=0 total=133489





download Plastic_167.jpg: start=0 total=113412
download Plastic_176.jpg: start=0 total=117746
download Plastic_177.jpg: start=0 total=129275
download Plastic_178.jpg: start=0 total=130929
download Plastic_179.jpg: start=0 total=132581
download Plastic_181.jpg: start=0 total=146522
download Plastic_184.jpg: start=0 total=116751
download Plastic_18.jpg: start=0 total=140239
download Plastic_182.jpg: start=0 total=126274download Plastic_183.jpg: start=0 total=115694download Plastic_180.jpg: start=0 total=120498


download Plastic_185.jpg: start=0 total=121325download Plastic_187.jpg: start=0 total=117079

download Plastic_186.jpg: start=0 total=122430
download Plastic_188.jpg: start=0 total=124958
download Plastic_189.jpg: start=0 total=114355
download Plastic_19.jpg: start=0 total=152702download Plastic_190.jpg: start=0 total=119220

download Plastic_194.jpg: start=0 total=123906
download Plastic_191.jpg: start=0 total=127823
download Plastic_197.jpg: start=0 total=100036
download Plastic_192.jpg: start=0 total=138841download Plastic_193.jpg: start=0 total=120925

download Plastic_195.jpg: start=0 total=128532
download Plastic_198.jpg: start=0 total=125376download Plastic_196.jpg: start=0 total=137018download Plastic_199.jpg: start=0 total=128989


download Plastic_2.jpg: start=0 total=162211
download Plastic_20.jpg: start=0 total=163756
download Plastic_200.jpg: start=0 total=123426
download Plastic_201.jpg: start=0 total=119574download Plastic_202.jpg: start=0 total=114489

download Plastic_204.jpg: start=0 total=121433
download Plastic_205.jpg: start=0 total=121949download Plastic_203.jpg: start=0 total=118803

download Plastic_206.jpg: start=0 total=125910
download Plastic_207.jpg: start=0 total=109653download Plastic_209.jpg: start=0 total=127423

download Plastic_208.jpg: start=0 total=124782download Plastic_210.jpg: start=0 total=128880

download Plastic_21.jpg: start=0 total=173449
download Plastic_213.jpg: start=0 total=95108
source realwaste: 3200/4752 files processed
download Plastic_211.jpg: start=0 total=127037
download Plastic_212.jpg: start=0 total=101916
download Plastic_214.jpg: start=0 total=133961
download Plastic_215.jpg: start=0 total=107576
download Plastic_216.jpg: start=0 total=110273
download Plastic_218.jpg: start=0 total=93729
download Plastic_217.jpg: start=0 total=105005
download Plastic_219.jpg: start=0 total=118937
download Plastic_22.jpg: start=0 total=176507
download Plastic_220.jpg: start=0 total=98256
download Plastic_221.jpg: start=0 total=96676
download Plastic_223.jpg: start=0 total=164376
download Plastic_222.jpg: start=0 total=103175
download Plastic_224.jpg: start=0 total=132044download Plastic_225.jpg: start=0 total=105662

download Plastic_226.jpg: start=0 total=104122
download Plastic_227.jpg: start=0 total=79691
download Plastic_229.jpg: start=0 total=108943download Plastic_228.jpg: start=0 total=86078

download Plastic_230.jpg: start=0 total=96160
download Plastic_231.jpg: start=0 total=124415download Plastic_23.jpg: start=0 total=160138download Plastic_232.jpg: start=0 total=118217


download Plastic_234.jpg: start=0 total=84659download Plastic_233.jpg: start=0 total=120169download Plastic_236.jpg: start=0 total=85314

download Plastic_235.jpg: start=0 total=158974

download Plastic_237.jpg: start=0 total=114783
download Plastic_24.jpg: start=0 total=145631download Plastic_239.jpg: start=0 total=91013

download Plastic_238.jpg: start=0 total=118097
download Plastic_240.jpg: start=0 total=93073
download Plastic_241.jpg: start=0 total=95240
download Plastic_243.jpg: start=0 total=113085
download Plastic_242.jpg: start=0 total=110934
download Plastic_245.jpg: start=0 total=127865download Plastic_246.jpg: start=0 total=148162download Plastic_244.jpg: start=0 total=105576


download Plastic_247.jpg: start=0 total=112622
download Plastic_248.jpg: start=0 total=78245
download Plastic_249.jpg: start=0 total=128652
download Plastic_250.jpg: start=0 total=102359
download Plastic_25.jpg: start=0 total=148129
download Plastic_252.jpg: start=0 total=88878download Plastic_254.jpg: start=0 total=109688

download Plastic_251.jpg: start=0 total=107403
download Plastic_253.jpg: start=0 total=109157
download Plastic_255.jpg: start=0 total=101064
download Plastic_256.jpg: start=0 total=101512
download Plastic_258.jpg: start=0 total=109557download Plastic_257.jpg: start=0 total=154261

download Plastic_26.jpg: start=0 total=159472
download Plastic_259.jpg: start=0 total=103604
download Plastic_260.jpg: start=0 total=84356
download Plastic_261.jpg: start=0 total=100213
download Plastic_263.jpg: start=0 total=178688
download Plastic_262.jpg: start=0 total=126634
download Plastic_267.jpg: start=0 total=153945download Plastic_266.jpg: start=0 total=178450download Plastic_265.jpg: start=0 total=100200download Plastic_264.jpg: start=0 total=100905



download Plastic_268.jpg: start=0 total=179046
download Plastic_269.jpg: start=0 total=155920
download Plastic_271.jpg: start=0 total=178181
download Plastic_270.jpg: start=0 total=164207
download Plastic_27.jpg: start=0 total=97750
download Plastic_272.jpg: start=0 total=185513download Plastic_273.jpg: start=0 total=174052

download Plastic_274.jpg: start=0 total=160915
download Plastic_276.jpg: start=0 total=117351
download Plastic_277.jpg: start=0 total=97412download Plastic_275.jpg: start=0 total=188923

download Plastic_278.jpg: start=0 total=92539
download Plastic_28.jpg: start=0 total=157300
download Plastic_279.jpg: start=0 total=172519
download Plastic_280.jpg: start=0 total=129646download Plastic_282.jpg: start=0 total=189909download Plastic_281.jpg: start=0 total=187427


download Plastic_284.jpg: start=0 total=170304
download Plastic_283.jpg: start=0 total=137198
download Plastic_285.jpg: start=0 total=156395
download Plastic_286.jpg: start=0 total=150560
download Plastic_287.jpg: start=0 total=187443download Plastic_29.jpg: start=0 total=170488download Plastic_288.jpg: start=0 total=189288
download Plastic_290.jpg: start=0 total=175484
download Plastic_289.jpg: start=0 total=111470download Plastic_291.jpg: start=0 total=185424



download Plastic_293.jpg: start=0 total=213695download Plastic_292.jpg: start=0 total=188476

download Plastic_294.jpg: start=0 total=215609
download Plastic_295.jpg: start=0 total=185512
download Plastic_296.jpg: start=0 total=126070download Plastic_297.jpg: start=0 total=157574
download Plastic_298.jpg: start=0 total=164586
download Plastic_299.jpg: start=0 total=143818

download Plastic_3.jpg: start=0 total=147402
download Plastic_300.jpg: start=0 total=138963
download Plastic_30.jpg: start=0 total=153575
download Plastic_301.jpg: start=0 total=138788
source realwaste: 3300/4752 files processed
download Plastic_303.jpg: start=0 total=95890download Plastic_304.jpg: start=0 total=154942

download Plastic_302.jpg: start=0 total=143957
download Plastic_305.jpg: start=0 total=158838download Plastic_306.jpg: start=0 total=165845

download Plastic_308.jpg: start=0 total=111739
download Plastic_309.jpg: start=0 total=157279download Plastic_311.jpg: start=0 total=163186

download Plastic_310.jpg: start=0 total=144582
download Plastic_31.jpg: start=0 total=129750
download Plastic_307.jpg: start=0 total=153309
download Plastic_312.jpg: start=0 total=152106
download Plastic_314.jpg: start=0 total=146621download Plastic_315.jpg: start=0 total=191189

download Plastic_316.jpg: start=0 total=219956download Plastic_313.jpg: start=0 total=102086

download Plastic_318.jpg: start=0 total=193116
download Plastic_317.jpg: start=0 total=191513
download Plastic_32.jpg: start=0 total=163583
download Plastic_319.jpg: start=0 total=200275
download Plastic_320.jpg: start=0 total=202033
download Plastic_323.jpg: start=0 total=155840
download Plastic_322.jpg: start=0 total=203549
download Plastic_321.jpg: start=0 total=205042download Plastic_324.jpg: start=0 total=200431

download Plastic_325.jpg: start=0 total=212605
download Plastic_326.jpg: start=0 total=100450
download Plastic_327.jpg: start=0 total=162922
download Plastic_329.jpg: start=0 total=153039download Plastic_332.jpg: start=0 total=156627

download Plastic_331.jpg: start=0 total=100735download Plastic_330.jpg: start=0 total=129246download Plastic_33.jpg: start=0 total=145797


download Plastic_328.jpg: start=0 total=164006
download Plastic_333.jpg: start=0 total=117648
download Plastic_334.jpg: start=0 total=158851
download Plastic_335.jpg: start=0 total=138864
download Plastic_336.jpg: start=0 total=149540
download Plastic_338.jpg: start=0 total=141181
download Plastic_337.jpg: start=0 total=160274
download Plastic_340.jpg: start=0 total=150755download Plastic_339.jpg: start=0 total=124373download Plastic_34.jpg: start=0 total=157925
download Plastic_341.jpg: start=0 total=135880download Plastic_342.jpg: start=0 total=149416



download Plastic_344.jpg: start=0 total=153277
download Plastic_343.jpg: start=0 total=185364
download Plastic_345.jpg: start=0 total=157897
download Plastic_346.jpg: start=0 total=134154
download Plastic_349.jpg: start=0 total=154383download Plastic_347.jpg: start=0 total=157931
download Plastic_348.jpg: start=0 total=152700
download Plastic_35.jpg: start=0 total=131973

download Plastic_353.jpg: start=0 total=153171
download Plastic_352.jpg: start=0 total=155304
download Plastic_355.jpg: start=0 total=153516download Plastic_350.jpg: start=0 total=156035download Plastic_356.jpg: start=0 total=157601download Plastic_351.jpg: start=0 total=153304



download Plastic_354.jpg: start=0 total=164924
download Plastic_357.jpg: start=0 total=140576
download Plastic_362.jpg: start=0 total=163556download Plastic_358.jpg: start=0 total=163367download Plastic_36.jpg: start=0 total=160756
download Plastic_360.jpg: start=0 total=130304
download Plastic_361.jpg: start=0 total=147086

download Plastic_359.jpg: start=0 total=152757

download Plastic_364.jpg: start=0 total=155481
download Plastic_363.jpg: start=0 total=151120
download Plastic_367.jpg: start=0 total=197516download Plastic_366.jpg: start=0 total=184187download Plastic_368.jpg: start=0 total=146197


download Plastic_365.jpg: start=0 total=196676
download Plastic_37.jpg: start=0 total=173544
download Plastic_369.jpg: start=0 total=178568
download Plastic_372.jpg: start=0 total=194800
download Plastic_370.jpg: start=0 total=192645
download Plastic_374.jpg: start=0 total=172239
download Plastic_375.jpg: start=0 total=194846
download Plastic_373.jpg: start=0 total=185925
download Plastic_376.jpg: start=0 total=187788
download Plastic_377.jpg: start=0 total=194487download Plastic_38.jpg: start=0 total=171878download Plastic_379.jpg: start=0 total=159819
download Plastic_371.jpg: start=0 total=168722download Plastic_378.jpg: start=0 total=188278



download Plastic_382.jpg: start=0 total=195091download Plastic_380.jpg: start=0 total=188409

download Plastic_381.jpg: start=0 total=202713
download Plastic_383.jpg: start=0 total=200090
download Plastic_384.jpg: start=0 total=212130
download Plastic_386.jpg: start=0 total=195642
download Plastic_385.jpg: start=0 total=185501download Plastic_388.jpg: start=0 total=169789

download Plastic_39.jpg: start=0 total=155790
download Plastic_389.jpg: start=0 total=192055download Plastic_387.jpg: start=0 total=196868
download Plastic_390.jpg: start=0 total=175331

download Plastic_391.jpg: start=0 total=194099source realwaste: 3400/4752 files processed

download Plastic_393.jpg: start=0 total=180610download Plastic_394.jpg: start=0 total=193008

download Plastic_392.jpg: start=0 total=198377
download Plastic_396.jpg: start=0 total=195000
download Plastic_395.jpg: start=0 total=203456
download Plastic_398.jpg: start=0 total=203782
download Plastic_397.jpg: start=0 total=199459
download Plastic_400.jpg: start=0 total=192445
download Plastic_40.jpg: start=0 total=162874download Plastic_4.jpg: start=0 total=127052download Plastic_399.jpg: start=0 total=165146


download Plastic_404.jpg: start=0 total=189832
download Plastic_406.jpg: start=0 total=188015
download Plastic_405.jpg: start=0 total=150371
download Plastic_403.jpg: start=0 total=184148
download Plastic_402.jpg: start=0 total=185893
download Plastic_401.jpg: start=0 total=169805
download Plastic_407.jpg: start=0 total=165284
download Plastic_410.jpg: start=0 total=171761
download Plastic_408.jpg: start=0 total=186258
download Plastic_411.jpg: start=0 total=184726
download Plastic_41.jpg: start=0 total=164840download Plastic_409.jpg: start=0 total=120001download Plastic_412.jpg: start=0 total=167453


download Plastic_413.jpg: start=0 total=159598
download Plastic_414.jpg: start=0 total=97686
download Plastic_415.jpg: start=0 total=110438
download Plastic_419.jpg: start=0 total=159997download Plastic_416.jpg: start=0 total=108258
download Plastic_417.jpg: start=0 total=178904
download Plastic_418.jpg: start=0 total=165239download Plastic_42.jpg: start=0 total=168186


download Plastic_422.jpg: start=0 total=138156download Plastic_421.jpg: start=0 total=152371

download Plastic_423.jpg: start=0 total=169242download Plastic_425.jpg: start=0 total=141152

download Plastic_424.jpg: start=0 total=135348
download Plastic_420.jpg: start=0 total=202000
download Plastic_426.jpg: start=0 total=142036
download Plastic_43.jpg: start=0 total=168067
download Plastic_429.jpg: start=0 total=133812
download Plastic_427.jpg: start=0 total=138059
download Plastic_431.jpg: start=0 total=123418
download Plastic_430.jpg: start=0 total=129693download Plastic_432.jpg: start=0 total=127404

download Plastic_428.jpg: start=0 total=139200
download Plastic_434.jpg: start=0 total=162899
download Plastic_437.jpg: start=0 total=126977
download Plastic_433.jpg: start=0 total=85568download Plastic_436.jpg: start=0 total=126533download Plastic_438.jpg: start=0 total=127663

download Plastic_435.jpg: start=0 total=120068

download Plastic_439.jpg: start=0 total=119586
download Plastic_44.jpg: start=0 total=168719
download Plastic_440.jpg: start=0 total=114645
download Plastic_441.jpg: start=0 total=118997
download Plastic_443.jpg: start=0 total=135767
download Plastic_442.jpg: start=0 total=126336
download Plastic_444.jpg: start=0 total=125340
download Plastic_447.jpg: start=0 total=128988
download Plastic_449.jpg: start=0 total=115482
download Plastic_446.jpg: start=0 total=166097
download Plastic_445.jpg: start=0 total=107746download Plastic_45.jpg: start=0 total=168740

download Plastic_448.jpg: start=0 total=137539
download Plastic_452.jpg: start=0 total=139209
download Plastic_453.jpg: start=0 total=131374download Plastic_454.jpg: start=0 total=121278download Plastic_455.jpg: start=0 total=138316


download Plastic_450.jpg: start=0 total=118735
download Plastic_451.jpg: start=0 total=133780
download Plastic_456.jpg: start=0 total=124322
download Plastic_46.jpg: start=0 total=156035download Plastic_458.jpg: start=0 total=119932download Plastic_461.jpg: start=0 total=124988download Plastic_457.jpg: start=0 total=163614

download Plastic_460.jpg: start=0 total=130168download Plastic_462.jpg: start=0 total=102704



download Plastic_459.jpg: start=0 total=128511
download Plastic_465.jpg: start=0 total=127532download Plastic_467.jpg: start=0 total=128507

download Plastic_464.jpg: start=0 total=136620
download Plastic_466.jpg: start=0 total=133460
download Plastic_463.jpg: start=0 total=131385
download Plastic_47.jpg: start=0 total=169826
download Plastic_470.jpg: start=0 total=125849download Plastic_473.jpg: start=0 total=129987

download Plastic_474.jpg: start=0 total=133932
download Plastic_469.jpg: start=0 total=131077
download Plastic_471.jpg: start=0 total=124408
download Plastic_472.jpg: start=0 total=130988download Plastic_475.jpg: start=0 total=131256download Plastic_468.jpg: start=0 total=175163


download Plastic_477.jpg: start=0 total=121638
download Plastic_476.jpg: start=0 total=139446download Plastic_478.jpg: start=0 total=121050

download Plastic_479.jpg: start=0 total=174543
download Plastic_48.jpg: start=0 total=155853download Plastic_480.jpg: start=0 total=128776

source realwaste: 3500/4752 files processed
download Plastic_481.jpg: start=0 total=125724
download Plastic_483.jpg: start=0 total=133461
download Plastic_482.jpg: start=0 total=128139
download Plastic_486.jpg: start=0 total=122071download Plastic_485.jpg: start=0 total=127812

download Plastic_484.jpg: start=0 total=132027
download Plastic_491.jpg: start=0 total=116128
download Plastic_49.jpg: start=0 total=139430
download Plastic_487.jpg: start=0 total=128487download Plastic_488.jpg: start=0 total=123055download Plastic_490.jpg: start=0 total=170945


download Plastic_489.jpg: start=0 total=120016
download Plastic_492.jpg: start=0 total=106472
download Plastic_493.jpg: start=0 total=129697download Plastic_497.jpg: start=0 total=88085

download Plastic_494.jpg: start=0 total=119006download Plastic_496.jpg: start=0 total=189328
download Plastic_495.jpg: start=0 total=110446

download Plastic_498.jpg: start=0 total=192169
download Plastic_499.jpg: start=0 total=189600
download Plastic_504.jpg: start=0 total=168690
download Plastic_500.jpg: start=0 total=198099download Plastic_5.jpg: start=0 total=121741

download Plastic_502.jpg: start=0 total=189957
download Plastic_50.jpg: start=0 total=164989
download Plastic_505.jpg: start=0 total=166458
download Plastic_503.jpg: start=0 total=151384download Plastic_501.jpg: start=0 total=168335

download Plastic_508.jpg: start=0 total=109333
download Plastic_507.jpg: start=0 total=121947download Plastic_506.jpg: start=0 total=91708

download Plastic_509.jpg: start=0 total=202308
download Plastic_510.jpg: start=0 total=192918download Plastic_512.jpg: start=0 total=171116download Plastic_51.jpg: start=0 total=174179
download Plastic_516.jpg: start=0 total=178343download Plastic_513.jpg: start=0 total=174417


download Plastic_514.jpg: start=0 total=206917download Plastic_515.jpg: start=0 total=205185
download Plastic_511.jpg: start=0 total=183077


download Plastic_519.jpg: start=0 total=195062
download Plastic_517.jpg: start=0 total=202937
download Plastic_518.jpg: start=0 total=197613
download Plastic_52.jpg: start=0 total=135915
download Plastic_520.jpg: start=0 total=196065
download Plastic_523.jpg: start=0 total=163874download Plastic_522.jpg: start=0 total=158678

download Plastic_524.jpg: start=0 total=154359download Plastic_525.jpg: start=0 total=116821

download Plastic_521.jpg: start=0 total=198006
download Plastic_526.jpg: start=0 total=138726
download Plastic_527.jpg: start=0 total=132988
download Plastic_528.jpg: start=0 total=127745
download Plastic_529.jpg: start=0 total=161315download Plastic_530.jpg: start=0 total=150602

download Plastic_53.jpg: start=0 total=160317
download Plastic_532.jpg: start=0 total=156426
download Plastic_531.jpg: start=0 total=112521
download Plastic_533.jpg: start=0 total=151627
download Plastic_534.jpg: start=0 total=175005
download Plastic_537.jpg: start=0 total=196339download Plastic_535.jpg: start=0 total=161827download Plastic_538.jpg: start=0 total=193034
download Plastic_536.jpg: start=0 total=156159


download Plastic_539.jpg: start=0 total=196743
download Plastic_540.jpg: start=0 total=182885download Plastic_54.jpg: start=0 total=157491

download Plastic_541.jpg: start=0 total=187209
download Plastic_542.jpg: start=0 total=180874
download Plastic_545.jpg: start=0 total=133865
download Plastic_543.jpg: start=0 total=190311
download Plastic_544.jpg: start=0 total=156488
download Plastic_548.jpg: start=0 total=154298download Plastic_547.jpg: start=0 total=150523download Plastic_549.jpg: start=0 total=157436


download Plastic_55.jpg: start=0 total=156013download Plastic_546.jpg: start=0 total=153215

download Plastic_550.jpg: start=0 total=150673
download Plastic_551.jpg: start=0 total=158680
download Plastic_554.jpg: start=0 total=201480download Plastic_553.jpg: start=0 total=148087download Plastic_552.jpg: start=0 total=175996


download Plastic_555.jpg: start=0 total=192260
download Plastic_556.jpg: start=0 total=160719
download Plastic_558.jpg: start=0 total=193395download Plastic_557.jpg: start=0 total=128702

download Plastic_559.jpg: start=0 total=203839
download Plastic_56.jpg: start=0 total=153467download Plastic_561.jpg: start=0 total=187362

download Plastic_560.jpg: start=0 total=197915
download Plastic_562.jpg: start=0 total=200272
download Plastic_565.jpg: start=0 total=186895
download Plastic_563.jpg: start=0 total=198246download Plastic_564.jpg: start=0 total=95612

download Plastic_566.jpg: start=0 total=183327download Plastic_567.jpg: start=0 total=176643

download Plastic_568.jpg: start=0 total=111963
download Plastic_57.jpg: start=0 total=113534
download Plastic_570.jpg: start=0 total=157211download Plastic_569.jpg: start=0 total=110850download Plastic_571.jpg: start=0 total=144708


download Plastic_572.jpg: start=0 total=110962
source realwaste: 3600/4752 files processed
download Plastic_574.jpg: start=0 total=87191
download Plastic_573.jpg: start=0 total=149579download Plastic_575.jpg: start=0 total=146448

download Plastic_576.jpg: start=0 total=164789
download Plastic_578.jpg: start=0 total=132061
download Plastic_58.jpg: start=0 total=158524download Plastic_577.jpg: start=0 total=153089
download Plastic_579.jpg: start=0 total=107186

download Plastic_580.jpg: start=0 total=148245
download Plastic_581.jpg: start=0 total=155235
download Plastic_582.jpg: start=0 total=115322
download Plastic_583.jpg: start=0 total=151788
download Plastic_585.jpg: start=0 total=148874download Plastic_586.jpg: start=0 total=141386download Plastic_584.jpg: start=0 total=155371


download Plastic_587.jpg: start=0 total=159566
download Plastic_588.jpg: start=0 total=150231
download Plastic_589.jpg: start=0 total=157597
download Plastic_590.jpg: start=0 total=129377
download Plastic_59.jpg: start=0 total=134539
download Plastic_592.jpg: start=0 total=160273download Plastic_591.jpg: start=0 total=169474download Plastic_593.jpg: start=0 total=154032


download Plastic_594.jpg: start=0 total=152789
download Plastic_596.jpg: start=0 total=166637
download Plastic_595.jpg: start=0 total=160290
download Plastic_597.jpg: start=0 total=146767
download Plastic_598.jpg: start=0 total=143337download Plastic_6.jpg: start=0 total=123783download Plastic_599.jpg: start=0 total=161840


download Plastic_600.jpg: start=0 total=165269
download Plastic_60.jpg: start=0 total=176933
download Plastic_602.jpg: start=0 total=173158
download Plastic_601.jpg: start=0 total=149366
download Plastic_604.jpg: start=0 total=169220
download Plastic_603.jpg: start=0 total=163370
download Plastic_606.jpg: start=0 total=142054download Plastic_607.jpg: start=0 total=149701download Plastic_605.jpg: start=0 total=87025


download Plastic_609.jpg: start=0 total=151929
download Plastic_608.jpg: start=0 total=153262download Plastic_610.jpg: start=0 total=142682

download Plastic_61.jpg: start=0 total=135002download Plastic_611.jpg: start=0 total=143039

download Plastic_613.jpg: start=0 total=142615
download Plastic_612.jpg: start=0 total=122284
download Plastic_617.jpg: start=0 total=156700download Plastic_615.jpg: start=0 total=144027
download Plastic_614.jpg: start=0 total=138146
download Plastic_616.jpg: start=0 total=158662
download Plastic_618.jpg: start=0 total=148767

download Plastic_62.jpg: start=0 total=156022
download Plastic_619.jpg: start=0 total=151039
download Plastic_620.jpg: start=0 total=160441download Plastic_621.jpg: start=0 total=158959

download Plastic_622.jpg: start=0 total=159979
download Plastic_623.jpg: start=0 total=159171
download Plastic_624.jpg: start=0 total=118001
download Plastic_625.jpg: start=0 total=146772download Plastic_628.jpg: start=0 total=150794

download Plastic_627.jpg: start=0 total=164489
download Plastic_630.jpg: start=0 total=165721download Plastic_626.jpg: start=0 total=154060download Plastic_629.jpg: start=0 total=140334


download Plastic_63.jpg: start=0 total=170988
download Plastic_633.jpg: start=0 total=168685
download Plastic_632.jpg: start=0 total=174168download Plastic_631.jpg: start=0 total=173214

download Plastic_634.jpg: start=0 total=155336
download Plastic_635.jpg: start=0 total=160843
download Plastic_636.jpg: start=0 total=144382
download Plastic_637.jpg: start=0 total=168477
download Plastic_639.jpg: start=0 total=179621download Plastic_638.jpg: start=0 total=179284
download Plastic_64.jpg: start=0 total=176778

download Plastic_640.jpg: start=0 total=174119
download Plastic_641.jpg: start=0 total=162811
download Plastic_642.jpg: start=0 total=160746
download Plastic_646.jpg: start=0 total=178785
download Plastic_644.jpg: start=0 total=176683
download Plastic_645.jpg: start=0 total=133197download Plastic_647.jpg: start=0 total=166806

download Plastic_643.jpg: start=0 total=180144
download Plastic_648.jpg: start=0 total=174026
download Plastic_650.jpg: start=0 total=172458
download Plastic_649.jpg: start=0 total=172546
download Plastic_651.jpg: start=0 total=174693download Plastic_65.jpg: start=0 total=171478

download Plastic_652.jpg: start=0 total=161380download Plastic_653.jpg: start=0 total=155606

download Plastic_654.jpg: start=0 total=152121
download Plastic_656.jpg: start=0 total=150484
download Plastic_657.jpg: start=0 total=205143
download Plastic_66.jpg: start=0 total=108140download Plastic_658.jpg: start=0 total=165061download Plastic_655.jpg: start=0 total=177001

download Plastic_659.jpg: start=0 total=136130download Plastic_660.jpg: start=0 total=149442


source realwaste: 3700/4752 files processeddownload Plastic_661.jpg: start=0 total=153847

download Plastic_662.jpg: start=0 total=137674download Plastic_663.jpg: start=0 total=145473download Plastic_664.jpg: start=0 total=147975


download Plastic_666.jpg: start=0 total=131700download Plastic_665.jpg: start=0 total=136951

download Plastic_668.jpg: start=0 total=129476
download Plastic_667.jpg: start=0 total=159048
download Plastic_67.jpg: start=0 total=90731download Plastic_669.jpg: start=0 total=87913

download Plastic_670.jpg: start=0 total=182011
download Plastic_671.jpg: start=0 total=173814download Plastic_673.jpg: start=0 total=178544download Plastic_672.jpg: start=0 total=177674download Plastic_674.jpg: start=0 total=170160



download Plastic_676.jpg: start=0 total=175859
download Plastic_677.jpg: start=0 total=176503download Plastic_678.jpg: start=0 total=170700download Plastic_679.jpg: start=0 total=152335download Plastic_675.jpg: start=0 total=160696



download Plastic_68.jpg: start=0 total=160971
download Plastic_680.jpg: start=0 total=172408
download Plastic_682.jpg: start=0 total=170669
download Plastic_685.jpg: start=0 total=164385download Plastic_681.jpg: start=0 total=172493download Plastic_683.jpg: start=0 total=167592download Plastic_684.jpg: start=0 total=174922



download Plastic_686.jpg: start=0 total=171022
download Plastic_690.jpg: start=0 total=170237download Plastic_688.jpg: start=0 total=179277download Plastic_689.jpg: start=0 total=169523

download Plastic_69.jpg: start=0 total=113778

download Plastic_687.jpg: start=0 total=170507
download Plastic_691.jpg: start=0 total=178750
download Plastic_695.jpg: start=0 total=179118download Plastic_694.jpg: start=0 total=174319download Plastic_692.jpg: start=0 total=177639


download Plastic_697.jpg: start=0 total=181134
download Plastic_696.jpg: start=0 total=178684download Plastic_693.jpg: start=0 total=177267
download Plastic_698.jpg: start=0 total=175151

download Plastic_700.jpg: start=0 total=169744download Plastic_7.jpg: start=0 total=136099download Plastic_70.jpg: start=0 total=116668
download Plastic_699.jpg: start=0 total=173108


download Plastic_701.jpg: start=0 total=134462
download Plastic_702.jpg: start=0 total=153956
download Plastic_703.jpg: start=0 total=174495download Plastic_706.jpg: start=0 total=176387download Plastic_704.jpg: start=0 total=168057download Plastic_707.jpg: start=0 total=88990



download Plastic_705.jpg: start=0 total=171803
download Plastic_708.jpg: start=0 total=165682
download Plastic_709.jpg: start=0 total=164361
download Plastic_71.jpg: start=0 total=94531download Plastic_711.jpg: start=0 total=182370

download Plastic_712.jpg: start=0 total=151887download Plastic_710.jpg: start=0 total=167751

download Plastic_713.jpg: start=0 total=171222download Plastic_714.jpg: start=0 total=184880

download Plastic_719.jpg: start=0 total=174465
download Plastic_718.jpg: start=0 total=175190download Plastic_717.jpg: start=0 total=157560

download Plastic_716.jpg: start=0 total=159367
download Plastic_715.jpg: start=0 total=158025
download Plastic_72.jpg: start=0 total=127639
download Plastic_723.jpg: start=0 total=151294
download Plastic_722.jpg: start=0 total=176052download Plastic_720.jpg: start=0 total=179455

download Plastic_721.jpg: start=0 total=176504
download Plastic_726.jpg: start=0 total=147732download Plastic_725.jpg: start=0 total=148320

download Plastic_724.jpg: start=0 total=177688
download Plastic_728.jpg: start=0 total=167919
download Plastic_727.jpg: start=0 total=170750
download Plastic_73.jpg: start=0 total=132578download Plastic_729.jpg: start=0 total=178563
download Plastic_731.jpg: start=0 total=177499download Plastic_730.jpg: start=0 total=177392


download Plastic_736.jpg: start=0 total=169301download Plastic_734.jpg: start=0 total=133067download Plastic_732.jpg: start=0 total=176367download Plastic_737.jpg: start=0 total=168817download Plastic_733.jpg: start=0 total=175624


download Plastic_735.jpg: start=0 total=173375


download Plastic_738.jpg: start=0 total=172701
download Plastic_739.jpg: start=0 total=177204
download Plastic_74.jpg: start=0 total=120331
download Plastic_742.jpg: start=0 total=169031
download Plastic_741.jpg: start=0 total=161844
download Plastic_740.jpg: start=0 total=175418
download Plastic_745.jpg: start=0 total=139960
download Plastic_744.jpg: start=0 total=145412
download Plastic_746.jpg: start=0 total=172471
download Plastic_747.jpg: start=0 total=196644download Plastic_749.jpg: start=0 total=193438

download Plastic_743.jpg: start=0 total=168957
download Plastic_748.jpg: start=0 total=199175
download Plastic_75.jpg: start=0 total=124999download Plastic_750.jpg: start=0 total=191236

download Plastic_751.jpg: start=0 total=186784
source realwaste: 3800/4752 files processeddownload Plastic_752.jpg: start=0 total=186767

download Plastic_753.jpg: start=0 total=167343
download Plastic_755.jpg: start=0 total=168549
download Plastic_754.jpg: start=0 total=177517
download Plastic_756.jpg: start=0 total=126907
download Plastic_757.jpg: start=0 total=172943
download Plastic_758.jpg: start=0 total=153483download Plastic_759.jpg: start=0 total=170536

download Plastic_761.jpg: start=0 total=147525
download Plastic_76.jpg: start=0 total=126769
download Plastic_760.jpg: start=0 total=148460
download Plastic_762.jpg: start=0 total=146831
download Plastic_763.jpg: start=0 total=111904
download Plastic_764.jpg: start=0 total=114434
download Plastic_767.jpg: start=0 total=135861
download Plastic_766.jpg: start=0 total=97264download Plastic_768.jpg: start=0 total=82992download Plastic_765.jpg: start=0 total=112694


download Plastic_77.jpg: start=0 total=127512download Plastic_769.jpg: start=0 total=78596download Plastic_770.jpg: start=0 total=67319


download Plastic_772.jpg: start=0 total=92048download Plastic_771.jpg: start=0 total=115877
download Plastic_773.jpg: start=0 total=106896

download Plastic_774.jpg: start=0 total=122830
download Plastic_777.jpg: start=0 total=118444download Plastic_775.jpg: start=0 total=119830
download Plastic_776.jpg: start=0 total=80920

download Plastic_778.jpg: start=0 total=91855download Plastic_779.jpg: start=0 total=136274

download Plastic_78.jpg: start=0 total=127331
download Plastic_781.jpg: start=0 total=118747
download Plastic_780.jpg: start=0 total=79301
download Plastic_782.jpg: start=0 total=114412download Plastic_785.jpg: start=0 total=198104

download Plastic_783.jpg: start=0 total=108737
download Plastic_784.jpg: start=0 total=97862
download Plastic_789.jpg: start=0 total=190864
download Plastic_788.jpg: start=0 total=200259
download Plastic_786.jpg: start=0 total=196347
download Plastic_787.jpg: start=0 total=179686
download Plastic_79.jpg: start=0 total=196934
download Plastic_790.jpg: start=0 total=150052
download Plastic_791.jpg: start=0 total=211275
download Plastic_793.jpg: start=0 total=200529
download Plastic_794.jpg: start=0 total=196617
download Plastic_792.jpg: start=0 total=209109
download Plastic_795.jpg: start=0 total=122241
download Plastic_796.jpg: start=0 total=112419
download Plastic_797.jpg: start=0 total=115958
download Plastic_798.jpg: start=0 total=124055
download Plastic_8.jpg: start=0 total=137064
download Plastic_799.jpg: start=0 total=79350
download Plastic_801.jpg: start=0 total=144585download Plastic_802.jpg: start=0 total=119968download Plastic_80.jpg: start=0 total=107198


download Plastic_803.jpg: start=0 total=121202download Plastic_800.jpg: start=0 total=81122

download Plastic_804.jpg: start=0 total=123069
download Plastic_805.jpg: start=0 total=92911
download Plastic_807.jpg: start=0 total=124920download Plastic_809.jpg: start=0 total=122702download Plastic_808.jpg: start=0 total=127847


download Plastic_806.jpg: start=0 total=132988
download Plastic_81.jpg: start=0 total=100953
download Plastic_810.jpg: start=0 total=128179
download Plastic_811.jpg: start=0 total=117207
download Plastic_813.jpg: start=0 total=119975
download Plastic_812.jpg: start=0 total=161706
download Plastic_815.jpg: start=0 total=118095download Plastic_814.jpg: start=0 total=117914

download Plastic_816.jpg: start=0 total=125976
download Plastic_817.jpg: start=0 total=117898
download Plastic_818.jpg: start=0 total=92447
download Plastic_819.jpg: start=0 total=119624
download Plastic_82.jpg: start=0 total=118618
download Plastic_820.jpg: start=0 total=122116
download Plastic_823.jpg: start=0 total=160682
download Plastic_821.jpg: start=0 total=125053
download Plastic_822.jpg: start=0 total=115304
download Plastic_824.jpg: start=0 total=81785
download Plastic_825.jpg: start=0 total=110886
download Plastic_826.jpg: start=0 total=113083
download Plastic_827.jpg: start=0 total=121531
download Plastic_828.jpg: start=0 total=119778
download Plastic_829.jpg: start=0 total=97948
download Plastic_83.jpg: start=0 total=122020
download Plastic_830.jpg: start=0 total=123155
download Plastic_833.jpg: start=0 total=133991
download Plastic_836.jpg: start=0 total=126390download Plastic_831.jpg: start=0 total=121200

download Plastic_835.jpg: start=0 total=122498download Plastic_837.jpg: start=0 total=123543

download Plastic_832.jpg: start=0 total=120639download Plastic_834.jpg: start=0 total=148306

download Plastic_838.jpg: start=0 total=116658
download Plastic_84.jpg: start=0 total=120453
download Plastic_839.jpg: start=0 total=124078
download Plastic_840.jpg: start=0 total=126007download Plastic_841.jpg: start=0 total=124768

source realwaste: 3900/4752 files processed
download Plastic_842.jpg: start=0 total=115481
download Plastic_843.jpg: start=0 total=131108
download Plastic_844.jpg: start=0 total=133099
download Plastic_845.jpg: start=0 total=151679download Plastic_849.jpg: start=0 total=143801download Plastic_847.jpg: start=0 total=128885


download Plastic_846.jpg: start=0 total=131975
download Plastic_848.jpg: start=0 total=140164
download Plastic_85.jpg: start=0 total=117065download Plastic_850.jpg: start=0 total=120445

download Plastic_851.jpg: start=0 total=123966
download Plastic_852.jpg: start=0 total=128713
download Plastic_853.jpg: start=0 total=118758download Plastic_854.jpg: start=0 total=130617

download Plastic_855.jpg: start=0 total=124512
download Plastic_856.jpg: start=0 total=152324download Plastic_858.jpg: start=0 total=123046
download Plastic_857.jpg: start=0 total=109451
download Plastic_859.jpg: start=0 total=115105

download Plastic_861.jpg: start=0 total=85150download Plastic_86.jpg: start=0 total=122281download Plastic_860.jpg: start=0 total=114777


download Plastic_862.jpg: start=0 total=127148
download Plastic_863.jpg: start=0 total=79353
download Plastic_865.jpg: start=0 total=134531download Plastic_864.jpg: start=0 total=111012

download Plastic_866.jpg: start=0 total=113647
download Plastic_87.jpg: start=0 total=118965
download Plastic_869.jpg: start=0 total=137532download Plastic_867.jpg: start=0 total=153093

download Plastic_868.jpg: start=0 total=128381
download Plastic_872.jpg: start=0 total=128140download Plastic_871.jpg: start=0 total=122498download Plastic_870.jpg: start=0 total=135419


download Plastic_877.jpg: start=0 total=126901
download Plastic_873.jpg: start=0 total=126404
download Plastic_875.jpg: start=0 total=122443
download Plastic_874.jpg: start=0 total=119151
download Plastic_876.jpg: start=0 total=113818
download Plastic_878.jpg: start=0 total=154617download Plastic_880.jpg: start=0 total=124226

download Plastic_879.jpg: start=0 total=116166
download Plastic_88.jpg: start=0 total=142744
download Plastic_881.jpg: start=0 total=122574
download Plastic_882.jpg: start=0 total=121387
download Plastic_883.jpg: start=0 total=121912
download Plastic_884.jpg: start=0 total=119291
download Plastic_886.jpg: start=0 total=126202
download Plastic_887.jpg: start=0 total=118942
download Plastic_885.jpg: start=0 total=123144
download Plastic_888.jpg: start=0 total=113983
download Plastic_889.jpg: start=0 total=159933
download Plastic_89.jpg: start=0 total=122999
download Plastic_890.jpg: start=0 total=158768
download Plastic_891.jpg: start=0 total=127268
download Plastic_892.jpg: start=0 total=122024
download Plastic_894.jpg: start=0 total=122847
download Plastic_893.jpg: start=0 total=129383
download Plastic_895.jpg: start=0 total=103756
download Plastic_898.jpg: start=0 total=133321
download Plastic_896.jpg: start=0 total=116131
download Plastic_899.jpg: start=0 total=125586
download Plastic_897.jpg: start=0 total=112003
download Plastic_9.jpg: start=0 total=163543
download Plastic_901.jpg: start=0 total=154597
download Plastic_900.jpg: start=0 total=127645download Plastic_90.jpg: start=0 total=132063

download Plastic_902.jpg: start=0 total=111660download Plastic_904.jpg: start=0 total=106555download Plastic_905.jpg: start=0 total=108876


download Plastic_903.jpg: start=0 total=117763
download Plastic_907.jpg: start=0 total=112328download Plastic_908.jpg: start=0 total=105034download Plastic_909.jpg: start=0 total=114627


download Plastic_906.jpg: start=0 total=108959
download Plastic_91.jpg: start=0 total=82145
download Plastic_910.jpg: start=0 total=115355download Plastic_912.jpg: start=0 total=144200

download Plastic_911.jpg: start=0 total=120010download Plastic_915.jpg: start=0 total=157782

download Plastic_914.jpg: start=0 total=109760download Plastic_916.jpg: start=0 total=149652
download Plastic_919.jpg: start=0 total=87259

download Plastic_913.jpg: start=0 total=122471
download Plastic_918.jpg: start=0 total=79351
download Plastic_917.jpg: start=0 total=75089
download Plastic_92.jpg: start=0 total=127816download Plastic_920.jpg: start=0 total=156374

download Plastic_921.jpg: start=0 total=88343download Plastic_97.jpg: start=0 total=172791

download Plastic_94.jpg: start=0 total=120747download Textile Trash_1.jpg: start=0 total=131966download Plastic_95.jpg: start=0 total=129127download Plastic_99.jpg: start=0 total=115088download Textile Trash_10.jpg: start=0 total=144277




download Plastic_98.jpg: start=0 total=129206download Plastic_96.jpg: start=0 total=130326

download Plastic_93.jpg: start=0 total=118575
download Textile Trash_100.jpg: start=0 total=200259download Textile Trash_101.jpg: start=0 total=132095

source realwaste: 4000/4752 files processed
download Textile Trash_102.jpg: start=0 total=209164
download Textile Trash_103.jpg: start=0 total=208423
download Textile Trash_105.jpg: start=0 total=173451download Textile Trash_107.jpg: start=0 total=132666download Textile Trash_106.jpg: start=0 total=117546download Textile Trash_104.jpg: start=0 total=187686



download Textile Trash_108.jpg: start=0 total=90145
download Textile Trash_11.jpg: start=0 total=121139download Textile Trash_109.jpg: start=0 total=108744

download Textile Trash_110.jpg: start=0 total=108314
download Textile Trash_111.jpg: start=0 total=108547
download Textile Trash_113.jpg: start=0 total=130295
download Textile Trash_112.jpg: start=0 total=130669
download Textile Trash_115.jpg: start=0 total=119491
download Textile Trash_117.jpg: start=0 total=103538
download Textile Trash_114.jpg: start=0 total=117984
download Textile Trash_118.jpg: start=0 total=107722
download Textile Trash_116.jpg: start=0 total=126658
download Textile Trash_119.jpg: start=0 total=110761
download Textile Trash_120.jpg: start=0 total=106883
download Textile Trash_12.jpg: start=0 total=129820
download Textile Trash_121.jpg: start=0 total=225274
download Textile Trash_122.jpg: start=0 total=195597
download Textile Trash_123.jpg: start=0 total=195604download Textile Trash_124.jpg: start=0 total=128836

download Textile Trash_126.jpg: start=0 total=148094
download Textile Trash_125.jpg: start=0 total=89203
download Textile Trash_127.jpg: start=0 total=127063
download Textile Trash_129.jpg: start=0 total=110320
download Textile Trash_13.jpg: start=0 total=118415
download Textile Trash_131.jpg: start=0 total=134777download Textile Trash_132.jpg: start=0 total=131402

download Textile Trash_128.jpg: start=0 total=121428download Textile Trash_130.jpg: start=0 total=132009

download Textile Trash_133.jpg: start=0 total=133331
download Textile Trash_134.jpg: start=0 total=137289
download Textile Trash_138.jpg: start=0 total=122451download Textile Trash_136.jpg: start=0 total=124245

download Textile Trash_137.jpg: start=0 total=119258
download Textile Trash_135.jpg: start=0 total=126510
download Textile Trash_140.jpg: start=0 total=123479
download Textile Trash_139.jpg: start=0 total=125789
download Textile Trash_14.jpg: start=0 total=190008
download Textile Trash_142.jpg: start=0 total=124011
download Textile Trash_141.jpg: start=0 total=129564
download Textile Trash_143.jpg: start=0 total=139331download Textile Trash_145.jpg: start=0 total=135632download Textile Trash_144.jpg: start=0 total=97590


download Textile Trash_146.jpg: start=0 total=151977
download Textile Trash_147.jpg: start=0 total=121823
download Textile Trash_149.jpg: start=0 total=118482download Textile Trash_148.jpg: start=0 total=118067

download Textile Trash_15.jpg: start=0 total=180650download Textile Trash_153.jpg: start=0 total=221817

download Textile Trash_152.jpg: start=0 total=124240
download Textile Trash_151.jpg: start=0 total=127340
download Textile Trash_150.jpg: start=0 total=110362
download Textile Trash_154.jpg: start=0 total=179430download Textile Trash_156.jpg: start=0 total=104314

download Textile Trash_155.jpg: start=0 total=112150download Textile Trash_157.jpg: start=0 total=119467

download Textile Trash_16.jpg: start=0 total=180795
download Textile Trash_158.jpg: start=0 total=102939download Textile Trash_159.jpg: start=0 total=114058

download Textile Trash_160.jpg: start=0 total=115560
download Textile Trash_163.jpg: start=0 total=102418download Textile Trash_161.jpg: start=0 total=113382

download Textile Trash_162.jpg: start=0 total=118786
download Textile Trash_164.jpg: start=0 total=117247
download Textile Trash_167.jpg: start=0 total=119058download Textile Trash_168.jpg: start=0 total=132371download Textile Trash_165.jpg: start=0 total=116668download Textile Trash_166.jpg: start=0 total=116166



download Textile Trash_170.jpg: start=0 total=104092
download Textile Trash_169.jpg: start=0 total=123144
download Textile Trash_173.jpg: start=0 total=113331download Textile Trash_172.jpg: start=0 total=106068download Textile Trash_17.jpg: start=0 total=189169


download Textile Trash_171.jpg: start=0 total=90621
download Textile Trash_175.jpg: start=0 total=106878
download Textile Trash_178.jpg: start=0 total=109126
download Textile Trash_177.jpg: start=0 total=106345
download Textile Trash_179.jpg: start=0 total=118568download Textile Trash_181.jpg: start=0 total=144099download Textile Trash_174.jpg: start=0 total=93823download Textile Trash_180.jpg: start=0 total=130273

download Textile Trash_18.jpg: start=0 total=196591


download Textile Trash_176.jpg: start=0 total=108885
download Textile Trash_182.jpg: start=0 total=125559download Textile Trash_184.jpg: start=0 total=123754

download Textile Trash_185.jpg: start=0 total=128723
download Textile Trash_183.jpg: start=0 total=120486
download Textile Trash_186.jpg: start=0 total=120767
download Textile Trash_191.jpg: start=0 total=123711
download Textile Trash_187.jpg: start=0 total=122624download Textile Trash_19.jpg: start=0 total=203425

download Textile Trash_189.jpg: start=0 total=123757
download Textile Trash_190.jpg: start=0 total=121705download Textile Trash_192.jpg: start=0 total=128244
download Textile Trash_188.jpg: start=0 total=125348

download Textile Trash_193.jpg: start=0 total=127104
download Textile Trash_194.jpg: start=0 total=125564
download Textile Trash_195.jpg: start=0 total=134019
source realwaste: 4100/4752 files processed
download Textile Trash_196.jpg: start=0 total=131431
download Textile Trash_197.jpg: start=0 total=124842
download Textile Trash_198.jpg: start=0 total=114895
download Textile Trash_20.jpg: start=0 total=172191download Textile Trash_199.jpg: start=0 total=114818
download Textile Trash_2.jpg: start=0 total=125862

download Textile Trash_200.jpg: start=0 total=119164
download Textile Trash_201.jpg: start=0 total=131769
download Textile Trash_204.jpg: start=0 total=120372
download Textile Trash_203.jpg: start=0 total=92005
download Textile Trash_202.jpg: start=0 total=125438
download Textile Trash_206.jpg: start=0 total=134639download Textile Trash_205.jpg: start=0 total=114395

download Textile Trash_207.jpg: start=0 total=117841
download Textile Trash_208.jpg: start=0 total=133517
download Textile Trash_209.jpg: start=0 total=138053
download Textile Trash_212.jpg: start=0 total=119844
download Textile Trash_21.jpg: start=0 total=142641
download Textile Trash_210.jpg: start=0 total=129902download Textile Trash_211.jpg: start=0 total=88988

download Textile Trash_213.jpg: start=0 total=112419download Textile Trash_214.jpg: start=0 total=134881download Textile Trash_215.jpg: start=0 total=129077download Textile Trash_217.jpg: start=0 total=131062



download Textile Trash_216.jpg: start=0 total=118250
download Textile Trash_218.jpg: start=0 total=133755
download Textile Trash_219.jpg: start=0 total=121042
download Textile Trash_220.jpg: start=0 total=115097download Textile Trash_221.jpg: start=0 total=119561download Textile Trash_22.jpg: start=0 total=170446


download Textile Trash_223.jpg: start=0 total=138277
download Textile Trash_222.jpg: start=0 total=134403
download Textile Trash_225.jpg: start=0 total=130096download Textile Trash_227.jpg: start=0 total=121463

download Textile Trash_228.jpg: start=0 total=125367download Textile Trash_224.jpg: start=0 total=127475download Textile Trash_229.jpg: start=0 total=130953download Textile Trash_226.jpg: start=0 total=141756



download Textile Trash_23.jpg: start=0 total=168063
download Textile Trash_230.jpg: start=0 total=117851
download Textile Trash_232.jpg: start=0 total=116310
download Textile Trash_235.jpg: start=0 total=137751
download Textile Trash_234.jpg: start=0 total=119520
download Textile Trash_233.jpg: start=0 total=111790
download Textile Trash_231.jpg: start=0 total=122333
download Textile Trash_236.jpg: start=0 total=128369
download Textile Trash_238.jpg: start=0 total=140831download Textile Trash_237.jpg: start=0 total=129906

download Textile Trash_239.jpg: start=0 total=110542
download Textile Trash_240.jpg: start=0 total=183098
download Textile Trash_24.jpg: start=0 total=160656
download Textile Trash_241.jpg: start=0 total=198568
download Textile Trash_242.jpg: start=0 total=145552download Textile Trash_243.jpg: start=0 total=160944

download Textile Trash_244.jpg: start=0 total=162619
download Textile Trash_247.jpg: start=0 total=127915download Textile Trash_246.jpg: start=0 total=125605
download Textile Trash_248.jpg: start=0 total=126933
download Textile Trash_245.jpg: start=0 total=126274download Textile Trash_249.jpg: start=0 total=121845


download Textile Trash_25.jpg: start=0 total=166637
download Textile Trash_250.jpg: start=0 total=133880
download Textile Trash_251.jpg: start=0 total=135207download Textile Trash_252.jpg: start=0 total=135476

download Textile Trash_255.jpg: start=0 total=142470
download Textile Trash_254.jpg: start=0 total=136761download Textile Trash_253.jpg: start=0 total=127036

download Textile Trash_256.jpg: start=0 total=129554
download Textile Trash_257.jpg: start=0 total=130204
download Textile Trash_26.jpg: start=0 total=161753
download Textile Trash_260.jpg: start=0 total=136198download Textile Trash_258.jpg: start=0 total=132751

download Textile Trash_259.jpg: start=0 total=130247
download Textile Trash_261.jpg: start=0 total=129137download Textile Trash_262.jpg: start=0 total=127375

download Textile Trash_263.jpg: start=0 total=136732download Textile Trash_265.jpg: start=0 total=119255

download Textile Trash_266.jpg: start=0 total=124701
download Textile Trash_267.jpg: start=0 total=120687
download Textile Trash_264.jpg: start=0 total=141241
download Textile Trash_268.jpg: start=0 total=152066
download Textile Trash_269.jpg: start=0 total=156852download Textile Trash_27.jpg: start=0 total=168243

download Textile Trash_270.jpg: start=0 total=129226
download Textile Trash_273.jpg: start=0 total=117801download Textile Trash_271.jpg: start=0 total=110523
download Textile Trash_272.jpg: start=0 total=116030

download Textile Trash_274.jpg: start=0 total=116730
download Textile Trash_275.jpg: start=0 total=135887
download Textile Trash_277.jpg: start=0 total=129152
download Textile Trash_276.jpg: start=0 total=125958
download Textile Trash_278.jpg: start=0 total=121733download Textile Trash_279.jpg: start=0 total=124786

download Textile Trash_28.jpg: start=0 total=168443
download Textile Trash_281.jpg: start=0 total=126455
download Textile Trash_280.jpg: start=0 total=127964
download Textile Trash_282.jpg: start=0 total=126181
source realwaste: 4200/4752 files processed
download Textile Trash_283.jpg: start=0 total=153417download Textile Trash_284.jpg: start=0 total=132412download Textile Trash_285.jpg: start=0 total=136517


download Textile Trash_286.jpg: start=0 total=122652
download Textile Trash_287.jpg: start=0 total=147352
download Textile Trash_288.jpg: start=0 total=113099
download Textile Trash_29.jpg: start=0 total=170729
download Textile Trash_291.jpg: start=0 total=123041download Textile Trash_290.jpg: start=0 total=122846
download Textile Trash_292.jpg: start=0 total=121118

download Textile Trash_289.jpg: start=0 total=118061
download Textile Trash_293.jpg: start=0 total=121377
download Textile Trash_294.jpg: start=0 total=120157download Textile Trash_297.jpg: start=0 total=120050

download Textile Trash_295.jpg: start=0 total=119853download Textile Trash_296.jpg: start=0 total=126493

download Textile Trash_298.jpg: start=0 total=117493
download Textile Trash_299.jpg: start=0 total=129040
download Textile Trash_3.jpg: start=0 total=141682download Textile Trash_301.jpg: start=0 total=145784

download Textile Trash_302.jpg: start=0 total=139893download Textile Trash_30.jpg: start=0 total=167732download Textile Trash_300.jpg: start=0 total=131343


download Textile Trash_305.jpg: start=0 total=159000
download Textile Trash_303.jpg: start=0 total=145417
download Textile Trash_304.jpg: start=0 total=163013
download Textile Trash_306.jpg: start=0 total=124758download Textile Trash_307.jpg: start=0 total=126711

download Textile Trash_31.jpg: start=0 total=126704
download Textile Trash_308.jpg: start=0 total=121500
download Textile Trash_309.jpg: start=0 total=136307
download Textile Trash_311.jpg: start=0 total=133005
download Textile Trash_310.jpg: start=0 total=144560
download Textile Trash_313.jpg: start=0 total=198034download Textile Trash_312.jpg: start=0 total=129069

download Textile Trash_314.jpg: start=0 total=140518
download Textile Trash_315.jpg: start=0 total=147352
download Textile Trash_318.jpg: start=0 total=150698download Textile Trash_316.jpg: start=0 total=137952

download Textile Trash_317.jpg: start=0 total=145548
download Textile Trash_32.jpg: start=0 total=123266
download Textile Trash_34.jpg: start=0 total=196621download Textile Trash_33.jpg: start=0 total=180378

download Textile Trash_35.jpg: start=0 total=119356
download Textile Trash_37.jpg: start=0 total=198592
download Textile Trash_36.jpg: start=0 total=197968
download Textile Trash_39.jpg: start=0 total=195320download Textile Trash_38.jpg: start=0 total=198124

download Textile Trash_41.jpg: start=0 total=194677download Textile Trash_4.jpg: start=0 total=140041

download Textile Trash_40.jpg: start=0 total=186676
download Textile Trash_42.jpg: start=0 total=193302
download Textile Trash_43.jpg: start=0 total=128033
download Textile Trash_47.jpg: start=0 total=169598download Textile Trash_44.jpg: start=0 total=141733download Textile Trash_48.jpg: start=0 total=178058download Textile Trash_46.jpg: start=0 total=136386


download Textile Trash_45.jpg: start=0 total=185751

download Textile Trash_5.jpg: start=0 total=149174
download Textile Trash_49.jpg: start=0 total=148302
download Textile Trash_51.jpg: start=0 total=148315download Textile Trash_50.jpg: start=0 total=149165

download Textile Trash_53.jpg: start=0 total=167321
download Textile Trash_52.jpg: start=0 total=164696download Textile Trash_54.jpg: start=0 total=154581

download Textile Trash_57.jpg: start=0 total=133966
download Textile Trash_55.jpg: start=0 total=152263
download Textile Trash_56.jpg: start=0 total=147785
download Textile Trash_58.jpg: start=0 total=144014
download Textile Trash_61.jpg: start=0 total=190713
download Textile Trash_6.jpg: start=0 total=143547
download Textile Trash_60.jpg: start=0 total=187993
download Textile Trash_59.jpg: start=0 total=149030download Textile Trash_62.jpg: start=0 total=184423

download Textile Trash_65.jpg: start=0 total=165158
download Textile Trash_64.jpg: start=0 total=163735
download Textile Trash_63.jpg: start=0 total=162613
download Textile Trash_66.jpg: start=0 total=160982
download Textile Trash_69.jpg: start=0 total=160191
download Textile Trash_68.jpg: start=0 total=121731
download Textile Trash_67.jpg: start=0 total=163186
download Textile Trash_73.jpg: start=0 total=163993
download Textile Trash_71.jpg: start=0 total=158713
download Textile Trash_7.jpg: start=0 total=136290
download Textile Trash_74.jpg: start=0 total=154129download Textile Trash_70.jpg: start=0 total=161900download Textile Trash_75.jpg: start=0 total=159478


download Textile Trash_76.jpg: start=0 total=178196
download Textile Trash_72.jpg: start=0 total=165690
download Textile Trash_78.jpg: start=0 total=168616
download Textile Trash_79.jpg: start=0 total=125233
download Textile Trash_8.jpg: start=0 total=139778download Textile Trash_77.jpg: start=0 total=186107

download Textile Trash_80.jpg: start=0 total=168590
download Textile Trash_82.jpg: start=0 total=169424
download Textile Trash_81.jpg: start=0 total=169236
download Textile Trash_83.jpg: start=0 total=131402download Textile Trash_84.jpg: start=0 total=119732download Textile Trash_85.jpg: start=0 total=149889


source realwaste: 4300/4752 files processed
download Textile Trash_87.jpg: start=0 total=151654download Textile Trash_86.jpg: start=0 total=202426

download Textile Trash_88.jpg: start=0 total=205634
download Textile Trash_89.jpg: start=0 total=187927
download Textile Trash_9.jpg: start=0 total=144203
download Textile Trash_92.jpg: start=0 total=183993download Textile Trash_90.jpg: start=0 total=124517

download Textile Trash_91.jpg: start=0 total=192605download Textile Trash_93.jpg: start=0 total=187164

download Textile Trash_94.jpg: start=0 total=183999
download Textile Trash_95.jpg: start=0 total=125000download Textile Trash_96.jpg: start=0 total=122253

download Textile Trash_97.jpg: start=0 total=194670
download Textile Trash_99.jpg: start=0 total=196831
download Textile Trash_98.jpg: start=0 total=121274download Vegetation_1.jpg: start=0 total=206759

download Vegetation_100.jpg: start=0 total=232596download Vegetation_101.jpg: start=0 total=180146

download Vegetation_10.jpg: start=0 total=213820
download Vegetation_103.jpg: start=0 total=223704
download Vegetation_102.jpg: start=0 total=225531
download Vegetation_104.jpg: start=0 total=212608download Vegetation_105.jpg: start=0 total=222328

download Vegetation_107.jpg: start=0 total=245356download Vegetation_106.jpg: start=0 total=218556download Vegetation_108.jpg: start=0 total=245288


download Vegetation_11.jpg: start=0 total=195549download Vegetation_109.jpg: start=0 total=248649

download Vegetation_110.jpg: start=0 total=248482
download Vegetation_111.jpg: start=0 total=246798
download Vegetation_112.jpg: start=0 total=191448
download Vegetation_113.jpg: start=0 total=193224
download Vegetation_114.jpg: start=0 total=229749download Vegetation_115.jpg: start=0 total=207566download Vegetation_116.jpg: start=0 total=216042


download Vegetation_117.jpg: start=0 total=179054
download Vegetation_119.jpg: start=0 total=164338
download Vegetation_118.jpg: start=0 total=200844
download Vegetation_12.jpg: start=0 total=204575
download Vegetation_121.jpg: start=0 total=225119
download Vegetation_124.jpg: start=0 total=174149download Vegetation_123.jpg: start=0 total=207674download Vegetation_120.jpg: start=0 total=215405


download Vegetation_122.jpg: start=0 total=221139
download Vegetation_125.jpg: start=0 total=234264download Vegetation_126.jpg: start=0 total=235816

download Vegetation_127.jpg: start=0 total=236944
download Vegetation_130.jpg: start=0 total=231448
download Vegetation_129.jpg: start=0 total=235214download Vegetation_131.jpg: start=0 total=230520

download Vegetation_128.jpg: start=0 total=231016download Vegetation_13.jpg: start=0 total=192161

download Vegetation_133.jpg: start=0 total=231543
download Vegetation_132.jpg: start=0 total=229578
download Vegetation_134.jpg: start=0 total=232457
download Vegetation_136.jpg: start=0 total=232238
download Vegetation_135.jpg: start=0 total=200536
download Vegetation_137.jpg: start=0 total=231313
download Vegetation_138.jpg: start=0 total=227841
download Vegetation_141.jpg: start=0 total=197172
download Vegetation_139.jpg: start=0 total=223533
download Vegetation_142.jpg: start=0 total=190336
download Vegetation_140.jpg: start=0 total=210433
download Vegetation_14.jpg: start=0 total=205780
download Vegetation_143.jpg: start=0 total=195688
download Vegetation_146.jpg: start=0 total=205361
download Vegetation_145.jpg: start=0 total=235238
download Vegetation_147.jpg: start=0 total=235723
download Vegetation_144.jpg: start=0 total=221257
download Vegetation_148.jpg: start=0 total=229763download Vegetation_149.jpg: start=0 total=231398

download Vegetation_151.jpg: start=0 total=210233
download Vegetation_150.jpg: start=0 total=192246download Vegetation_152.jpg: start=0 total=211789download Vegetation_15.jpg: start=0 total=198895


download Vegetation_153.jpg: start=0 total=225611
download Vegetation_154.jpg: start=0 total=225158
download Vegetation_155.jpg: start=0 total=223978
download Vegetation_156.jpg: start=0 total=225575download Vegetation_157.jpg: start=0 total=198358

download Vegetation_158.jpg: start=0 total=240468
download Vegetation_159.jpg: start=0 total=228071
download Vegetation_16.jpg: start=0 total=192219
download Vegetation_161.jpg: start=0 total=233309download Vegetation_160.jpg: start=0 total=235931
download Vegetation_162.jpg: start=0 total=237635

download Vegetation_163.jpg: start=0 total=230546download Vegetation_164.jpg: start=0 total=231011

download Vegetation_165.jpg: start=0 total=230633
download Vegetation_166.jpg: start=0 total=230713
download Vegetation_168.jpg: start=0 total=194676download Vegetation_169.jpg: start=0 total=237298

download Vegetation_167.jpg: start=0 total=230740download Vegetation_17.jpg: start=0 total=202608download Vegetation_170.jpg: start=0 total=230271


download Vegetation_171.jpg: start=0 total=239693
download Vegetation_172.jpg: start=0 total=225351
download Vegetation_173.jpg: start=0 total=228737download Vegetation_174.jpg: start=0 total=222132

download Vegetation_175.jpg: start=0 total=226814
source realwaste: 4400/4752 files processed
download Vegetation_177.jpg: start=0 total=226902download Vegetation_176.jpg: start=0 total=219776

download Vegetation_178.jpg: start=0 total=230635
download Vegetation_179.jpg: start=0 total=173308
download Vegetation_180.jpg: start=0 total=223307download Vegetation_18.jpg: start=0 total=189665
download Vegetation_181.jpg: start=0 total=234956

download Vegetation_182.jpg: start=0 total=221555
download Vegetation_185.jpg: start=0 total=225241
download Vegetation_183.jpg: start=0 total=219485
download Vegetation_184.jpg: start=0 total=219915
download Vegetation_186.jpg: start=0 total=225671
download Vegetation_189.jpg: start=0 total=228296
download Vegetation_188.jpg: start=0 total=233600
download Vegetation_19.jpg: start=0 total=194336download Vegetation_187.jpg: start=0 total=224340

download Vegetation_190.jpg: start=0 total=188113
download Vegetation_191.jpg: start=0 total=232285
download Vegetation_192.jpg: start=0 total=222772
download Vegetation_193.jpg: start=0 total=198427
download Vegetation_194.jpg: start=0 total=223921download Vegetation_195.jpg: start=0 total=212564

download Vegetation_196.jpg: start=0 total=233506download Vegetation_198.jpg: start=0 total=228831download Vegetation_197.jpg: start=0 total=221674


download Vegetation_199.jpg: start=0 total=224588
download Vegetation_2.jpg: start=0 total=181442
download Vegetation_200.jpg: start=0 total=226721
download Vegetation_20.jpg: start=0 total=198932
download Vegetation_203.jpg: start=0 total=243268download Vegetation_201.jpg: start=0 total=192542

download Vegetation_202.jpg: start=0 total=222712
download Vegetation_205.jpg: start=0 total=239734download Vegetation_204.jpg: start=0 total=240825

download Vegetation_207.jpg: start=0 total=233606
download Vegetation_208.jpg: start=0 total=226246
download Vegetation_206.jpg: start=0 total=241683
download Vegetation_209.jpg: start=0 total=222012
download Vegetation_21.jpg: start=0 total=202453
download Vegetation_210.jpg: start=0 total=233937
download Vegetation_211.jpg: start=0 total=234906download Vegetation_212.jpg: start=0 total=179697

download Vegetation_213.jpg: start=0 total=226683
download Vegetation_216.jpg: start=0 total=208979
download Vegetation_214.jpg: start=0 total=211052
download Vegetation_217.jpg: start=0 total=218783
download Vegetation_215.jpg: start=0 total=215841
download Vegetation_219.jpg: start=0 total=217270
download Vegetation_218.jpg: start=0 total=224312
download Vegetation_220.jpg: start=0 total=195745
download Vegetation_22.jpg: start=0 total=204801
download Vegetation_221.jpg: start=0 total=230716
download Vegetation_222.jpg: start=0 total=231843download Vegetation_223.jpg: start=0 total=192310

download Vegetation_224.jpg: start=0 total=181266
download Vegetation_225.jpg: start=0 total=231470download Vegetation_226.jpg: start=0 total=238578
download Vegetation_227.jpg: start=0 total=201116

download Vegetation_228.jpg: start=0 total=196309
download Vegetation_229.jpg: start=0 total=219127
download Vegetation_230.jpg: start=0 total=212908
download Vegetation_23.jpg: start=0 total=193532
download Vegetation_231.jpg: start=0 total=215990
download Vegetation_234.jpg: start=0 total=230422
download Vegetation_232.jpg: start=0 total=191102
download Vegetation_235.jpg: start=0 total=187763download Vegetation_233.jpg: start=0 total=228870

download Vegetation_236.jpg: start=0 total=228272
download Vegetation_237.jpg: start=0 total=224759download Vegetation_239.jpg: start=0 total=232926

download Vegetation_240.jpg: start=0 total=223992download Vegetation_24.jpg: start=0 total=196032

download Vegetation_238.jpg: start=0 total=234622
download Vegetation_241.jpg: start=0 total=223886
download Vegetation_243.jpg: start=0 total=223546download Vegetation_244.jpg: start=0 total=216437

download Vegetation_242.jpg: start=0 total=223437
download Vegetation_245.jpg: start=0 total=220522
download Vegetation_246.jpg: start=0 total=190213
download Vegetation_247.jpg: start=0 total=227551
download Vegetation_248.jpg: start=0 total=232174
download Vegetation_25.jpg: start=0 total=195682
download Vegetation_250.jpg: start=0 total=196185download Vegetation_249.jpg: start=0 total=194870
download Vegetation_251.jpg: start=0 total=193812

download Vegetation_253.jpg: start=0 total=196179
download Vegetation_252.jpg: start=0 total=201679
download Vegetation_254.jpg: start=0 total=196997
download Vegetation_255.jpg: start=0 total=180996
download Vegetation_256.jpg: start=0 total=180892
download Vegetation_257.jpg: start=0 total=191526
download Vegetation_258.jpg: start=0 total=188406
download Vegetation_259.jpg: start=0 total=196689
download Vegetation_26.jpg: start=0 total=225808download Vegetation_261.jpg: start=0 total=194315

download Vegetation_262.jpg: start=0 total=196047
download Vegetation_260.jpg: start=0 total=196036
download Vegetation_264.jpg: start=0 total=195618download Vegetation_265.jpg: start=0 total=193323
download Vegetation_263.jpg: start=0 total=196394

source realwaste: 4500/4752 files processed
download Vegetation_266.jpg: start=0 total=196481
download Vegetation_268.jpg: start=0 total=189678download Vegetation_267.jpg: start=0 total=219009

download Vegetation_27.jpg: start=0 total=209496download Vegetation_271.jpg: start=0 total=185406

download Vegetation_269.jpg: start=0 total=194636
download Vegetation_270.jpg: start=0 total=183442
download Vegetation_272.jpg: start=0 total=180328download Vegetation_273.jpg: start=0 total=194565

download Vegetation_274.jpg: start=0 total=181078
download Vegetation_275.jpg: start=0 total=200049download Vegetation_276.jpg: start=0 total=146966download Vegetation_277.jpg: start=0 total=182045


download Vegetation_278.jpg: start=0 total=186118
download Vegetation_279.jpg: start=0 total=194928
download Vegetation_28.jpg: start=0 total=192252download Vegetation_280.jpg: start=0 total=194297

download Vegetation_281.jpg: start=0 total=216563
download Vegetation_282.jpg: start=0 total=200933download Vegetation_284.jpg: start=0 total=196219

download Vegetation_285.jpg: start=0 total=201849
download Vegetation_283.jpg: start=0 total=197770
download Vegetation_287.jpg: start=0 total=182817download Vegetation_288.jpg: start=0 total=198102download Vegetation_289.jpg: start=0 total=194077


download Vegetation_286.jpg: start=0 total=199532
download Vegetation_290.jpg: start=0 total=191087download Vegetation_29.jpg: start=0 total=208424
download Vegetation_292.jpg: start=0 total=193978download Vegetation_291.jpg: start=0 total=197500


download Vegetation_294.jpg: start=0 total=184773download Vegetation_295.jpg: start=0 total=182468

download Vegetation_296.jpg: start=0 total=192789
download Vegetation_297.jpg: start=0 total=195064download Vegetation_298.jpg: start=0 total=196313download Vegetation_299.jpg: start=0 total=193002download Vegetation_293.jpg: start=0 total=179778



download Vegetation_30.jpg: start=0 total=221010download Vegetation_3.jpg: start=0 total=188735download Vegetation_300.jpg: start=0 total=199538download Vegetation_301.jpg: start=0 total=157609download Vegetation_302.jpg: start=0 total=197650




download Vegetation_304.jpg: start=0 total=195555
download Vegetation_303.jpg: start=0 total=195162
download Vegetation_305.jpg: start=0 total=196906
download Vegetation_308.jpg: start=0 total=199236
download Vegetation_307.jpg: start=0 total=203469download Vegetation_306.jpg: start=0 total=195102

download Vegetation_31.jpg: start=0 total=216863
download Vegetation_310.jpg: start=0 total=197957download Vegetation_309.jpg: start=0 total=191676

download Vegetation_312.jpg: start=0 total=179418
download Vegetation_314.jpg: start=0 total=219904download Vegetation_311.jpg: start=0 total=233133

download Vegetation_313.jpg: start=0 total=214967download Vegetation_315.jpg: start=0 total=213117

download Vegetation_316.jpg: start=0 total=208978
download Vegetation_317.jpg: start=0 total=206340download Vegetation_321.jpg: start=0 total=195009

download Vegetation_32.jpg: start=0 total=220468
download Vegetation_318.jpg: start=0 total=209289
download Vegetation_320.jpg: start=0 total=207810
download Vegetation_322.jpg: start=0 total=192965download Vegetation_319.jpg: start=0 total=216231

download Vegetation_324.jpg: start=0 total=173991download Vegetation_323.jpg: start=0 total=166614

download Vegetation_327.jpg: start=0 total=212702
download Vegetation_329.jpg: start=0 total=212770download Vegetation_328.jpg: start=0 total=216624download Vegetation_325.jpg: start=0 total=191224


download Vegetation_326.jpg: start=0 total=208495
download Vegetation_33.jpg: start=0 total=230964download Vegetation_330.jpg: start=0 total=191774

download Vegetation_331.jpg: start=0 total=178682
download Vegetation_332.jpg: start=0 total=187416download Vegetation_333.jpg: start=0 total=220166

download Vegetation_335.jpg: start=0 total=186810
download Vegetation_334.jpg: start=0 total=194238
download Vegetation_337.jpg: start=0 total=186775download Vegetation_336.jpg: start=0 total=189348download Vegetation_338.jpg: start=0 total=191670


download Vegetation_34.jpg: start=0 total=228063
download Vegetation_341.jpg: start=0 total=196167download Vegetation_339.jpg: start=0 total=195599

download Vegetation_340.jpg: start=0 total=200734
download Vegetation_342.jpg: start=0 total=190469
download Vegetation_345.jpg: start=0 total=186547download Vegetation_343.jpg: start=0 total=199460download Vegetation_346.jpg: start=0 total=150864download Vegetation_344.jpg: start=0 total=189209



download Vegetation_347.jpg: start=0 total=220714download Vegetation_348.jpg: start=0 total=222678

download Vegetation_349.jpg: start=0 total=207891
download Vegetation_35.jpg: start=0 total=189320
download Vegetation_350.jpg: start=0 total=203115
download Vegetation_351.jpg: start=0 total=231632
download Vegetation_352.jpg: start=0 total=225204
download Vegetation_353.jpg: start=0 total=209536
download Vegetation_355.jpg: start=0 total=211709
download Vegetation_354.jpg: start=0 total=205504
download Vegetation_357.jpg: start=0 total=193758download Vegetation_356.jpg: start=0 total=218423

download Vegetation_359.jpg: start=0 total=218020download Vegetation_358.jpg: start=0 total=203342

source realwaste: 4600/4752 files processed
download Vegetation_360.jpg: start=0 total=220919download Vegetation_36.jpg: start=0 total=225316

download Vegetation_361.jpg: start=0 total=223274
download Vegetation_363.jpg: start=0 total=195775download Vegetation_364.jpg: start=0 total=202311download Vegetation_362.jpg: start=0 total=235764


download Vegetation_365.jpg: start=0 total=208106
download Vegetation_366.jpg: start=0 total=198298
download Vegetation_368.jpg: start=0 total=196813
download Vegetation_369.jpg: start=0 total=182894
download Vegetation_37.jpg: start=0 total=212205download Vegetation_370.jpg: start=0 total=193318

download Vegetation_371.jpg: start=0 total=178371download Vegetation_367.jpg: start=0 total=202816
download Vegetation_372.jpg: start=0 total=201950

download Vegetation_375.jpg: start=0 total=188265download Vegetation_374.jpg: start=0 total=198914download Vegetation_373.jpg: start=0 total=199276download Vegetation_376.jpg: start=0 total=197042



download Vegetation_377.jpg: start=0 total=210457
download Vegetation_379.jpg: start=0 total=198169
download Vegetation_378.jpg: start=0 total=208404download Vegetation_38.jpg: start=0 total=217094

download Vegetation_382.jpg: start=0 total=186652download Vegetation_381.jpg: start=0 total=201439download Vegetation_383.jpg: start=0 total=190836


download Vegetation_380.jpg: start=0 total=198080
download Vegetation_386.jpg: start=0 total=192642download Vegetation_387.jpg: start=0 total=214127download Vegetation_385.jpg: start=0 total=192306


download Vegetation_388.jpg: start=0 total=212051
download Vegetation_39.jpg: start=0 total=196502
download Vegetation_384.jpg: start=0 total=183496
download Vegetation_389.jpg: start=0 total=223686
download Vegetation_390.jpg: start=0 total=213052
download Vegetation_391.jpg: start=0 total=174886
download Vegetation_395.jpg: start=0 total=187936download Vegetation_392.jpg: start=0 total=169266download Vegetation_394.jpg: start=0 total=168091

download Vegetation_396.jpg: start=0 total=197655
download Vegetation_393.jpg: start=0 total=188540download Vegetation_398.jpg: start=0 total=210187
download Vegetation_397.jpg: start=0 total=193727


download Vegetation_399.jpg: start=0 total=199779
download Vegetation_4.jpg: start=0 total=191506
download Vegetation_40.jpg: start=0 total=193627download Vegetation_400.jpg: start=0 total=201111

download Vegetation_401.jpg: start=0 total=191460
download Vegetation_408.jpg: start=0 total=192069
download Vegetation_403.jpg: start=0 total=217189download Vegetation_406.jpg: start=0 total=194566download Vegetation_402.jpg: start=0 total=213298download Vegetation_404.jpg: start=0 total=209565



download Vegetation_410.jpg: start=0 total=196497download Vegetation_41.jpg: start=0 total=189282
download Vegetation_409.jpg: start=0 total=191471
download Vegetation_405.jpg: start=0 total=188302

download Vegetation_407.jpg: start=0 total=192238
download Vegetation_411.jpg: start=0 total=186002
download Vegetation_412.jpg: start=0 total=186060
download Vegetation_413.jpg: start=0 total=190683
download Vegetation_414.jpg: start=0 total=185421
download Vegetation_416.jpg: start=0 total=183997download Vegetation_415.jpg: start=0 total=198479

download Vegetation_42.jpg: start=0 total=194429
download Vegetation_418.jpg: start=0 total=189688download Vegetation_420.jpg: start=0 total=192155download Vegetation_417.jpg: start=0 total=185992


download Vegetation_419.jpg: start=0 total=186607
download Vegetation_421.jpg: start=0 total=192607
download Vegetation_422.jpg: start=0 total=177066
download Vegetation_423.jpg: start=0 total=187474
download Vegetation_424.jpg: start=0 total=193381
download Vegetation_425.jpg: start=0 total=188966
download Vegetation_426.jpg: start=0 total=185276
download Vegetation_427.jpg: start=0 total=189299
download Vegetation_428.jpg: start=0 total=191230download Vegetation_429.jpg: start=0 total=190020

download Vegetation_433.jpg: start=0 total=193916
download Vegetation_432.jpg: start=0 total=198086download Vegetation_43.jpg: start=0 total=192844
download Vegetation_434.jpg: start=0 total=192830download Vegetation_431.jpg: start=0 total=196006


download Vegetation_430.jpg: start=0 total=190385
download Vegetation_436.jpg: start=0 total=197370download Vegetation_44.jpg: start=0 total=208125

download Vegetation_435.jpg: start=0 total=194368
download Vegetation_45.jpg: start=0 total=203745
download Vegetation_47.jpg: start=0 total=206912download Vegetation_46.jpg: start=0 total=190455

download Vegetation_48.jpg: start=0 total=193070
download Vegetation_49.jpg: start=0 total=224324download Vegetation_50.jpg: start=0 total=222709
download Vegetation_5.jpg: start=0 total=196686

download Vegetation_51.jpg: start=0 total=195508
download Vegetation_52.jpg: start=0 total=198131download Vegetation_53.jpg: start=0 total=185273download Vegetation_54.jpg: start=0 total=187017


source realwaste: 4700/4752 files processeddownload Vegetation_55.jpg: start=0 total=214948

download Vegetation_56.jpg: start=0 total=165906
download Vegetation_58.jpg: start=0 total=204298
download Vegetation_57.jpg: start=0 total=202493download Vegetation_59.jpg: start=0 total=193635

download Vegetation_6.jpg: start=0 total=196463
download Vegetation_61.jpg: start=0 total=225336
download Vegetation_60.jpg: start=0 total=224424download Vegetation_62.jpg: start=0 total=221816

download Vegetation_64.jpg: start=0 total=211851download Vegetation_63.jpg: start=0 total=213361
download Vegetation_66.jpg: start=0 total=209354download Vegetation_65.jpg: start=0 total=210339
download Vegetation_67.jpg: start=0 total=219123


download Vegetation_68.jpg: start=0 total=193650
download Vegetation_69.jpg: start=0 total=210813
download Vegetation_7.jpg: start=0 total=194673
download Vegetation_72.jpg: start=0 total=212490
download Vegetation_73.jpg: start=0 total=206674download Vegetation_70.jpg: start=0 total=220361
download Vegetation_71.jpg: start=0 total=214041

download Vegetation_75.jpg: start=0 total=236846download Vegetation_74.jpg: start=0 total=234787download Vegetation_78.jpg: start=0 total=214242
download Vegetation_77.jpg: start=0 total=215020

download Vegetation_76.jpg: start=0 total=236371

download Vegetation_79.jpg: start=0 total=195918
download Vegetation_8.jpg: start=0 total=196934
download Vegetation_82.jpg: start=0 total=194663
download Vegetation_80.jpg: start=0 total=192904download Vegetation_84.jpg: start=0 total=222379

download Vegetation_81.jpg: start=0 total=235451download Vegetation_83.jpg: start=0 total=223360

download Vegetation_86.jpg: start=0 total=215052download Vegetation_87.jpg: start=0 total=217022

download Vegetation_85.jpg: start=0 total=215010
download Vegetation_88.jpg: start=0 total=217761
download Vegetation_89.jpg: start=0 total=218506
download Vegetation_90.jpg: start=0 total=192672download Vegetation_9.jpg: start=0 total=197268

download Vegetation_91.jpg: start=0 total=220027
download Vegetation_93.jpg: start=0 total=221835download Vegetation_92.jpg: start=0 total=223017

download Vegetation_94.jpg: start=0 total=227339
download Vegetation_95.jpg: start=0 total=227603
download Vegetation_96.jpg: start=0 total=230362
download Vegetation_98.jpg: start=0 total=227782
download Vegetation_99.jpg: start=0 total=208951
download Vegetation_97.jpg: start=0 total=215812
source realwaste: 4752/4752 files processed
{
  "output": "C:\\FYP\\external_datasets\\hard_case_full",
  "sources": [
    {
      "source_id": "realwaste_hf_uci",
      "records": 4752,
      "by_download_status": {
        "exists": 102,
        "downloaded": 4650
      },
      "by_target_class": {
        "Cardboard": 461,
        "Organic": 847,
        "Glass": 420,
        "Metal": 790,
        "review": 813,
        "Paper": 500,
        "Plastic": 921
      }
    }
  ]
}
