epoch,accuracy,loss,val_accuracy,val_loss
0,0.7891428470611572,0.6213340759277344,0.822857141494751,0.5035572052001953
1,0.8597142696380615,0.40675032138824463,0.854285717010498,0.4224136769771576
