{
  "decision_tree": {
    "plastic": {
      "precision": 0.372,
      "recall": 0.372,
      "f1-score": 0.372,
      "support": 250.0
    },
    "glass": {
      "precision": 0.4253731343283582,
      "recall": 0.456,
      "f1-score": 0.44015444015444016,
      "support": 250.0
    },
    "metal": {
      "precision": 0.3252032520325203,
      "recall": 0.32,
      "f1-score": 0.3225806451612903,
      "support": 250.0
    },
    "paper": {
      "precision": 0.3128205128205128,
      "recall": 0.244,
      "f1-score": 0.27415730337078653,
      "support": 250.0
    },
    "cardboard": {
      "precision": 0.37254901960784315,
      "recall": 0.456,
      "f1-score": 0.41007194244604317,
      "support": 250.0
    },
    "organic": {
      "precision": 0.44039735099337746,
      "recall": 0.532,
      "f1-score": 0.48188405797101447,
      "support": 250.0
    },
    "Background": {
      "precision": 0.5136612021857924,
      "recall": 0.376,
      "f1-score": 0.4341801385681293,
      "support": 250.0
    },
    "accuracy": 0.39371428571428574,
    "macro avg": {
      "precision": 0.39457206742405776,
      "recall": 0.3937142857142857,
      "f1-score": 0.39071836109595776,
      "support": 1750.0
    },
    "weighted avg": {
      "precision": 0.39457206742405776,
      "recall": 0.39371428571428574,
      "f1-score": 0.39071836109595764,
      "support": 1750.0
    }
  },
  "linear_svm": {
    "plastic": {
      "precision": 0.5050505050505051,
      "recall": 0.4,
      "f1-score": 0.44642857142857145,
      "support": 250.0
    },
    "glass": {
      "precision": 0.5592592592592592,
      "recall": 0.604,
      "f1-score": 0.5807692307692308,
      "support": 250.0
    },
    "metal": {
      "precision": 0.5435684647302904,
      "recall": 0.524,
      "f1-score": 0.5336048879837068,
      "support": 250.0
    },
    "paper": {
      "precision": 0.37222222222222223,
      "recall": 0.268,
      "f1-score": 0.3116279069767442,
      "support": 250.0
    },
    "cardboard": {
      "precision": 0.5563636363636364,
      "recall": 0.612,
      "f1-score": 0.5828571428571429,
      "support": 250.0
    },
    "organic": {
      "precision": 0.5934718100890207,
      "recall": 0.8,
      "f1-score": 0.6814310051107325,
      "support": 250.0
    },
    "Background": {
      "precision": 0.6586345381526104,
      "recall": 0.656,
      "f1-score": 0.657314629258517,
      "support": 250.0
    },
    "accuracy": 0.552,
    "macro avg": {
      "precision": 0.5412243479810778,
      "recall": 0.552,
      "f1-score": 0.5420047677692351,
      "support": 1750.0
    },
    "weighted avg": {
      "precision": 0.5412243479810779,
      "recall": 0.552,
      "f1-score": 0.5420047677692351,
      "support": 1750.0
    }
  },
  "rf": {
    "plastic": {
      "precision": 0.5508474576271186,
      "recall": 0.52,
      "f1-score": 0.5349794238683128,
      "support": 250.0
    },
    "glass": {
      "precision": 0.6507352941176471,
      "recall": 0.708,
      "f1-score": 0.6781609195402298,
      "support": 250.0
    },
    "metal": {
      "precision": 0.6744186046511628,
      "recall": 0.464,
      "f1-score": 0.5497630331753555,
      "support": 250.0
    },
    "paper": {
      "precision": 0.44808743169398907,
      "recall": 0.328,
      "f1-score": 0.3787528868360277,
      "support": 250.0
    },
    "cardboard": {
      "precision": 0.5827338129496403,
      "recall": 0.648,
      "f1-score": 0.6136363636363636,
      "support": 250.0
    },
    "organic": {
      "precision": 0.5225653206650831,
      "recall": 0.88,
      "f1-score": 0.6557377049180327,
      "support": 250.0
    },
    "Background": {
      "precision": 0.7553191489361702,
      "recall": 0.568,
      "f1-score": 0.6484018264840182,
      "support": 250.0
    },
    "accuracy": 0.588,
    "macro avg": {
      "precision": 0.5978152958058301,
      "recall": 0.588,
      "f1-score": 0.5799188797797629,
      "support": 1750.0
    },
    "weighted avg": {
      "precision": 0.59781529580583,
      "recall": 0.588,
      "f1-score": 0.5799188797797629,
      "support": 1750.0
    }
  },
  "xgboost": {
    "plastic": {
      "precision": 0.6179245283018868,
      "recall": 0.524,
      "f1-score": 0.5670995670995671,
      "support": 250.0
    },
    "glass": {
      "precision": 0.6575342465753424,
      "recall": 0.768,
      "f1-score": 0.7084870848708487,
      "support": 250.0
    },
    "metal": {
      "precision": 0.7318181818181818,
      "recall": 0.644,
      "f1-score": 0.6851063829787234,
      "support": 250.0
    },
    "paper": {
      "precision": 0.5370370370370371,
      "recall": 0.348,
      "f1-score": 0.4223300970873786,
      "support": 250.0
    },
    "cardboard": {
      "precision": 0.6340579710144928,
      "recall": 0.7,
      "f1-score": 0.6653992395437263,
      "support": 250.0
    },
    "organic": {
      "precision": 0.5983827493261455,
      "recall": 0.888,
      "f1-score": 0.714975845410628,
      "support": 250.0
    },
    "Background": {
      "precision": 0.8018433179723502,
      "recall": 0.696,
      "f1-score": 0.7451820128479657,
      "support": 250.0
    },
    "accuracy": 0.6525714285714286,
    "macro avg": {
      "precision": 0.6540854331493481,
      "recall": 0.6525714285714285,
      "f1-score": 0.6440828899769768,
      "support": 1750.0
    },
    "weighted avg": {
      "precision": 0.6540854331493481,
      "recall": 0.6525714285714286,
      "f1-score": 0.6440828899769768,
      "support": 1750.0
    }
  }
}