epoch,time,train/box_loss,train/cls_loss,train/dfl_loss,metrics/precision(B),metrics/recall(B),metrics/mAP50(B),metrics/mAP50-95(B),val/box_loss,val/cls_loss,val/dfl_loss,lr/pg0,lr/pg1,lr/pg2
1,1608.05,1.33398,2.45286,1.46767,0.29984,0.35008,0.22317,0.12723,1.47725,2.48208,1.56649,0.000332803,0.000332803,0.000332803
2,1851.88,1.36923,1.87782,1.49604,0.48296,0.38404,0.36624,0.22705,1.41779,1.99309,1.53848,0.000644153,0.000644153,0.000644153
3,2059.23,1.37312,1.74863,1.49943,0.36295,0.32013,0.26957,0.15985,1.53298,2.37357,1.65112,0.000933504,0.000933504,0.000933504
4,2569.74,1.34954,1.67589,1.48727,0.57268,0.36956,0.40536,0.26364,1.39047,1.90953,1.54158,0.000901,0.000901,0.000901
5,2858.54,1.30133,1.56811,1.4557,0.53762,0.41207,0.44337,0.28743,1.34089,1.68586,1.47718,0.000868,0.000868,0.000868
6,3074.27,1.27546,1.48051,1.42539,0.5837,0.43551,0.47813,0.32799,1.30621,1.67017,1.4648,0.000835,0.000835,0.000835
7,3291.16,1.24604,1.41011,1.41018,0.5845,0.4243,0.46012,0.30092,1.3326,1.63582,1.46655,0.000802,0.000802,0.000802
