{
  "logreg": {
    "plastic": {
      "precision": 0.33993399339933994,
      "recall": 0.19074074074074074,
      "f1-score": 0.2443653618030842,
      "support": 540.0
    },
    "glass": {
      "precision": 0.17994100294985252,
      "recall": 0.305,
      "f1-score": 0.22634508348794063,
      "support": 200.0
    },
    "metal": {
      "precision": 0.33905579399141633,
      "recall": 0.17324561403508773,
      "f1-score": 0.22931785195936139,
      "support": 456.0
    },
    "paper": {
      "precision": 0.4380952380952381,
      "recall": 0.35181644359464626,
      "f1-score": 0.3902439024390244,
      "support": 523.0
    },
    "cardboard": {
      "precision": 0.40375586854460094,
      "recall": 0.1841541755888651,
      "f1-score": 0.2529411764705882,
      "support": 467.0
    },
    "organic": {
      "precision": 0.507361268403171,
      "recall": 0.7737478411053541,
      "f1-score": 0.612859097127223,
      "support": 579.0
    },
    "other": {
      "precision": 0.21182266009852216,
      "recall": 0.548936170212766,
      "f1-score": 0.3056872037914692,
      "support": 235.0
    },
    "accuracy": 0.36333333333333334,
    "macro avg": {
      "precision": 0.34570940364030583,
      "recall": 0.3610915693253514,
      "f1-score": 0.32310852529695583,
      "support": 3000.0
    },
    "weighted avg": {
      "precision": 0.37846009958280896,
      "recall": 0.36333333333333334,
      "f1-score": 0.3435660843599181,
      "support": 3000.0
    }
  },
  "svm_rbf": {
    "plastic": {
      "precision": 0.4716312056737589,
      "recall": 0.2462962962962963,
      "f1-score": 0.3236009732360097,
      "support": 540.0
    },
    "glass": {
      "precision": 0.3273809523809524,
      "recall": 0.55,
      "f1-score": 0.41044776119402987,
      "support": 200.0
    },
    "metal": {
      "precision": 0.3987138263665595,
      "recall": 0.2719298245614035,
      "f1-score": 0.32333767926988266,
      "support": 456.0
    },
    "paper": {
      "precision": 0.5596590909090909,
      "recall": 0.37667304015296366,
      "f1-score": 0.4502857142857143,
      "support": 523.0
    },
    "cardboard": {
      "precision": 0.5223880597014925,
      "recall": 0.29978586723768735,
      "f1-score": 0.38095238095238093,
      "support": 467.0
    },
    "organic": {
      "precision": 0.5306345733041575,
      "recall": 0.8376511226252159,
      "f1-score": 0.6496985934360349,
      "support": 579.0
    },
    "other": {
      "precision": 0.29608938547486036,
      "recall": 0.676595744680851,
      "f1-score": 0.4119170984455959,
      "support": 235.0
    },
    "accuracy": 0.4493333333333333,
    "macro avg": {
      "precision": 0.44378529911583886,
      "recall": 0.4655616993649168,
      "f1-score": 0.42146288583137836,
      "support": 3000.0
    },
    "weighted avg": {
      "precision": 0.4718152994396408,
      "recall": 0.4493333333333333,
      "f1-score": 0.43021875124789577,
      "support": 3000.0
    }
  },
  "rf": {
    "plastic": {
      "precision": 0.5299401197604791,
      "recall": 0.3277777777777778,
      "f1-score": 0.40503432494279173,
      "support": 540.0
    },
    "glass": {
      "precision": 0.32320441988950277,
      "recall": 0.585,
      "f1-score": 0.41637010676156583,
      "support": 200.0
    },
    "metal": {
      "precision": 0.3841642228739003,
      "recall": 0.28728070175438597,
      "f1-score": 0.328732747804266,
      "support": 456.0
    },
    "paper": {
      "precision": 0.5467289719626168,
      "recall": 0.4474187380497132,
      "f1-score": 0.4921135646687697,
      "support": 523.0
    },
    "cardboard": {
      "precision": 0.5031847133757962,
      "recall": 0.33832976445396146,
      "f1-score": 0.4046094750320102,
      "support": 467.0
    },
    "organic": {
      "precision": 0.5522755227552275,
      "recall": 0.7754749568221071,
      "f1-score": 0.6451149425287356,
      "support": 579.0
    },
    "other": {
      "precision": 0.3872549019607843,
      "recall": 0.6723404255319149,
      "f1-score": 0.49144634525660963,
      "support": 235.0
    },
    "accuracy": 0.4746666666666667,
    "macro avg": {
      "precision": 0.46096469608261526,
      "recall": 0.4905174806271229,
      "f1-score": 0.4547745009992498,
      "support": 3000.0
    },
    "weighted avg": {
      "precision": 0.48589545913268806,
      "recall": 0.4746666666666667,
      "f1-score": 0.4624113839471075,
      "support": 3000.0
    }
  }
}