class_id,class_name,n_objects,fft_bin_1,fft_bin_2,fft_bin_3,fft_bin_4,fft_bin_5,fft_bin_6,fft_bin_7,fft_bin_8,high_freq_energy
0,cardboard,322,0.829528,0.088259,0.033542,0.022585,0.015224,0.009161,0.001391,0.000308,0.026085
1,glass,401,0.86244,0.079345,0.026893,0.015162,0.009315,0.005639,0.000984,0.00022,0.016158
2,metal,328,0.832691,0.088298,0.034023,0.020986,0.01341,0.008492,0.001735,0.000364,0.024001
3,paper,475,0.781096,0.115213,0.045534,0.027211,0.017296,0.010914,0.002222,0.00051,0.030943
4,plastic,386,0.84766,0.084297,0.029816,0.017963,0.01154,0.007268,0.001204,0.000251,0.020263
5,trash,110,0.835157,0.088237,0.033138,0.02054,0.012676,0.008259,0.001621,0.000369,0.022925
